a	吖	啊	锕	阿
ai	爱	哀	哎	唉	嗌	嗳	埃	嫒	挨	捱	暧	瑷	癌	皑	矮	砹
an	俺	埯	安	岸	庵	按	揞	暗	案	桉	氨	犴	胺	谙	铵	鞍
ang	昂	盎	肮
anjian	按键
anjiandonghua	按键动画
anjiantexiao	按键特效
anniu	按钮
anzhuang	安装
anzhuangruanjian	安装软件
anzhuangshibai	安装失败
anzhuangyuyanbao	安装语言包
anzhuo	安卓
ao	傲	凹	嗷	坳	奥	媪	岙	廒	懊	拗	敖	澳	熬	獒	翱	聱
ba	把	八	叭	吧	坝	岜	巴	扒	拔	捌	灞	爸	疤	笆	粑	罢
baba	爸爸
bai	佰	拜	捭	掰	摆	柏	白	百	稗	败
ban	伴	办	半	坂	扮	扳	拌	搬	斑	板	版	班	瓣	瘢	癍	绊
banben	版本
bang	傍	帮	梆	棒	榜	浜	磅	绑	膀	蒡	蚌	谤	邦	镑
bangwochuli	帮我处理
bangwokankan	帮我看看
banye	半夜
bao	饱	保	勹	包	堡	孢	宝	报	抱	暴	煲	爆	胞	苞	葆	薄
baocun	保存
baocunshezhi	保存设置
baocunwenjian	保存文件
baozi	包子
bei	被	倍	北	卑	呗	备	孛	悖	悲	惫	杯	焙	狈	碑	碚	背
beijing	北京	背景
ben	本	坌	奔	畚	笨	苯	贲	锛
bende	本地
bendeciku	本地词库
bendemoxing	本地模型
beng	嘣	崩	泵	甏	甭	绷	蹦	迸
bi	比	俾	匕	吡	哔	壁	妣	婢	嬖	币	庇	庳	弊	弼	彼	必
bian	便	匾	卞	变	弁	忭	扁	汴	煸	砭	碥	窆	笾	缏	编	苄
bianji	编辑
bianjiqi	编辑器
biankuang	边框
biao	表	婊	彪	杓	标	灬	瘭	膘	裱	镖	镳	飑	飙	飚	骠	髟
bie	别	憋	瘪	蹩	鳖
bin	傧	宾	彬	摈	斌	槟	殡	滨	濒	玢	缤	膑	豳	镔	髌	鬓
bing	丙	兵	冫	冰	并	摒	柄	炳	病	禀	秉	邴	饼
bo	亳	伯	剥	勃	博	卜	啵	帛	拨	搏	播	擘	檗	波	渤	玻
bu	不	卟	哺	埔	埠	布	怖	捕	晡	步	瓿	簿	补	逋	部	醭
buju	布局
bukeqi	不客气
bukeyi	不可以
buxiang	不想
buxing	不行
buyao	不要
ca	嚓	擦	礤
cai	菜	彩	才	材	猜	睬	蔡	裁	财	踩	采
caidan	菜单
can	参	惨	惭	残	灿	璨	粲	蚕	餐	骖	黪
cang	仓	伧	沧	舱	苍	藏
cangku	仓库
canting	餐厅
cao	嘈	操	曹	槽	漕	糙	艚	艹	草	螬
ce	侧	册	厕	恻	测	策
cen	岑	涔
ceng	噌	层	曾	蹭
ceshi	测试
ceshiyixia	测试一下
cha	茶	叉	姹	察	岔	差	插	搽	杈	查	槎	檫	汊	猹	碴	茬
chai	侪	拆	柴	瘥	虿	豺	钗
chajian	插件
chan	产	冁	婵	孱	廛	忏	掺	搀	潺	澶	禅	缠	羼	蒇	蝉	蟾
chang	常	伥	倡	偿	厂	唱	场	娼	嫦	尝	徜	怅	惝	敞	昌	昶
chao	吵	嘲	巢	怊	抄	晁	朝	潮	炒	焯	耖	超	钞
chaoguolianggezidabuchulai	超过两个字打不出来
chaoshi	超市
chayixia	查一下
chazhao	查找
che	坼	屮	彻	扯	掣	撤	澈	砗	车
chen	嗔	宸	尘	忱	抻	晨	榇	沉	琛	碜	臣	衬	谌	谶	趁	辰
cheng	成	丞	乘	呈	城	埕	塍	惩	承	撑	晟	枨	柽	橙	澄	瞠
chengji	成绩
chengshi	城市
chengxu	程序
chexiao	撤销
chezhan	车站
chi	侈	傺	叱	吃	哧	啻	嗤	墀	媸	尺	弛	彳	持	敕	斥	池
chifan	吃饭
chilema	吃了吗
chong	充	冲	宠	崇	忡	憧	舂	艟	茺	虫	铳
chongdian	充电
chou	丑	仇	俦	帱	惆	愁	抽	畴	瘳	瞅	稠	筹	绸	臭	踌	酬
chu	出	亍	储	刍	初	厨	处	怵	憷	搐	杵	楚	楮	樗	橱	滁
chuai	啜	揣	搋	膪	踹
chuan	串	传	喘	巛	川	椽	氚	穿	舛	舡	船	遄	钏
chuang	创	幢	床	怆	疮	窗	闯
chui	吹	垂	捶	棰	槌	炊	锤	陲
chujuefankui	触觉反馈
chumen	出门
chun	唇	春	椿	淳	纯	莼	蝽	蠢	醇	鹑
chuntian	春天
chuo	戳	绰	踔	辍	辶	龊
chuqu	出去
ci	次	伺	刺	呲	慈	此	瓷	疵	磁	祠	糍	茈	茨	词	赐	辞
ciku	词库
cipin	词频
ciyu	词语
ciyulianxiang	词语联想
cong	从	丛	匆	囱	枞	淙	琮	璁	聪	苁	葱	骢
cou	凑	腠	辏
cu	促	徂	殂	猝	簇	粗	蔟	蹙	蹴	醋
cuan	撺	汆	爨	窜	篡	蹿	镩
cui	催	啐	崔	悴	摧	榱	毳	淬	璀	瘁	粹	翠	脆	萃
cun	存	寸	忖	村	皴
cunchu	存储
cuo	错	厝	嵯	挫	措	搓	撮	痤	矬	磋	脞	蹉	锉	鹾
cuowu	错误
da	大	哒	嗒	妲	怛	打	搭	沓	瘩	笪	答	耷	褡	达	靼	鞑
daan	答案
dadianhua	打电话
dai	代	傣	呆	呔	埭	岱	带	待	怠	戴	歹	殆	玳	甙	绐	袋
dajia	大家
dajiahao	大家好
dakai	打开
dakaidiannao	打开电脑
dakairuanjian	打开软件
dakaishezhi	打开设置
dakaishibai	打开失败
dakaiwenjian	打开文件
dan	但	丹	儋	单	啖	弹	惮	担	掸	旦	殚	氮	淡	澹	疸	瘅
danci	单词
dang	当	党	凼	宕	挡	档	砀	荡	菪	裆	谠	铛
dao	到	道	倒	刀	刂	叨	导	岛	忉	悼	捣	氘	盗	祷	稻	纛
daochu	导出
daoru	导入
daoruyuyanbao	导入语言包
dasuan	打算
daxiao	大小
dayouxi	打游戏
de	的	地	得	德	锝
deguo	德国
deng	等	凳	噔	嶝	戥	灯	登	瞪	磴	簦	蹬	邓	镫
denghuier	等会儿
denghuiernianzhuangruanjian	等会儿你安装软件
denghuiernibuxiangchifan	等会儿你不想吃饭
denghuiernibuxiangchumen	等会儿你不想出门
denghuiernibuxiangchuqu	等会儿你不想出去
denghuiernibuxiangdadianhua	等会儿你不想打电话
denghuiernibuxiangdayouxi	等会儿你不想打游戏
denghuiernibuxiangfaweixin	等会儿你不想发微信
denghuiernibuxiangfaxiaoxi	等会儿你不想发消息
denghuiernibuxianggongzuo	等会儿你不想工作
denghuiernibuxiangheshui	等会儿你不想喝水
denghuiernibuxianghuijia	等会儿你不想回家
denghuiernibuxiangkaiche	等会儿你不想开车
denghuiernibuxiangkandianshi	等会儿你不想看电视
denghuiernibuxiangkandianying	等会儿你不想看电影
denghuiernibuxiangkanshipin	等会儿你不想看视频
denghuiernibuxiangkanshu	等会儿你不想看书
denghuiernibuxiangliaotian	等会儿你不想聊天
denghuiernibuxiangmaidongxi	等会儿你不想买东西
denghuiernibuxiangquxuexiao	等会儿你不想去学校
denghuiernibuxiangshangban	等会儿你不想上班
denghuiernibuxiangshuijue	等会儿你不想睡觉
denghuiernibuxiangtingyinle	等会儿你不想听音乐
denghuiernibuxiangwanyouxi	等会儿你不想玩游戏
denghuiernibuxiangxiaban	等会儿你不想下班
denghuiernibuxiangxiuxi	等会儿你不想休息
denghuiernibuxiangxizao	等会儿你不想洗澡
denghuiernibuxiangxuexi	等会儿你不想学习
denghuiernibuxiangzuoche	等会儿你不想坐车
denghuiernibuxiangzuofan	等会儿你不想做饭
denghuiernibuxiangzuofeiji	等会儿你不想坐飞机
denghuiernibuxiangzuohuoche	等会儿你不想坐火车
denghuiernibuyaochifan	等会儿你不要吃饭
denghuiernibuyaochumen	等会儿你不要出门
denghuiernibuyaochuqu	等会儿你不要出去
denghuiernibuyaodadianhua	等会儿你不要打电话
denghuiernibuyaodayouxi	等会儿你不要打游戏
denghuiernibuyaofaweixin	等会儿你不要发微信
denghuiernibuyaofaxiaoxi	等会儿你不要发消息
denghuiernibuyaogongzuo	等会儿你不要工作
denghuiernibuyaoheshui	等会儿你不要喝水
denghuiernibuyaohuijia	等会儿你不要回家
denghuiernibuyaokaiche	等会儿你不要开车
denghuiernibuyaokandianshi	等会儿你不要看电视
denghuiernibuyaokandianying	等会儿你不要看电影
denghuiernibuyaokanshipin	等会儿你不要看视频
denghuiernibuyaokanshu	等会儿你不要看书
denghuiernibuyaoliaotian	等会儿你不要聊天
denghuiernibuyaomaidongxi	等会儿你不要买东西
denghuiernibuyaoquxuexiao	等会儿你不要去学校
denghuiernibuyaoshangban	等会儿你不要上班
denghuiernibuyaoshuijue	等会儿你不要睡觉
denghuiernibuyaotingyinle	等会儿你不要听音乐
denghuiernibuyaowanyouxi	等会儿你不要玩游戏
denghuiernibuyaoxiaban	等会儿你不要下班
denghuiernibuyaoxiuxi	等会儿你不要休息
denghuiernibuyaoxizao	等会儿你不要洗澡
denghuiernibuyaoxuexi	等会儿你不要学习
denghuiernibuyaozuoche	等会儿你不要坐车
denghuiernibuyaozuofan	等会儿你不要做饭
denghuiernibuyaozuofeiji	等会儿你不要坐飞机
denghuiernibuyaozuohuoche	等会儿你不要坐火车
denghuiernichifan	等会儿你吃饭
denghuiernichumen	等会儿你出门
denghuiernichuqu	等会儿你出去
denghuiernidadianhua	等会儿你打电话
denghuiernidakaidiannao	等会儿你打开电脑
denghuiernidakairuanjian	等会儿你打开软件
denghuiernidasuanchifan	等会儿你打算吃饭
denghuiernidasuanchumen	等会儿你打算出门
denghuiernidasuanchuqu	等会儿你打算出去
denghuiernidasuandadianhua	等会儿你打算打电话
denghuiernidasuandayouxi	等会儿你打算打游戏
denghuiernidasuanfaweixin	等会儿你打算发微信
denghuiernidasuanfaxiaoxi	等会儿你打算发消息
denghuiernidasuangongzuo	等会儿你打算工作
denghuiernidasuanheshui	等会儿你打算喝水
denghuiernidasuanhuijia	等会儿你打算回家
denghuiernidasuankaiche	等会儿你打算开车
denghuiernidasuankandianshi	等会儿你打算看电视
denghuiernidasuankandianying	等会儿你打算看电影
denghuiernidasuankanshipin	等会儿你打算看视频
denghuiernidasuankanshu	等会儿你打算看书
denghuiernidasuanliaotian	等会儿你打算聊天
denghuiernidasuanmaidongxi	等会儿你打算买东西
denghuiernidasuanquxuexiao	等会儿你打算去学校
denghuiernidasuanshangban	等会儿你打算上班
denghuiernidasuanshuijue	等会儿你打算睡觉
denghuiernidasuantingyinle	等会儿你打算听音乐
denghuiernidasuanwanyouxi	等会儿你打算玩游戏
denghuiernidasuanxiaban	等会儿你打算下班
denghuiernidasuanxiuxi	等会儿你打算休息
denghuiernidasuanxizao	等会儿你打算洗澡
denghuiernidasuanxuexi	等会儿你打算学习
denghuiernidasuanzuoche	等会儿你打算坐车
denghuiernidasuanzuofan	等会儿你打算做饭
denghuiernidasuanzuofeiji	等会儿你打算坐飞机
denghuiernidasuanzuohuoche	等会儿你打算坐火车
denghuiernidayouxi	等会儿你打游戏
denghuiernifaweixin	等会儿你发微信
denghuiernifaxiaoxi	等会儿你发消息
denghuiernigengxinruanjian	等会儿你更新软件
denghuiernigongzuo	等会儿你工作
denghuierniguanbiruanjian	等会儿你关闭软件
denghuierniheshui	等会儿你喝水
denghuiernihuijia	等会儿你回家
denghuiernikaiche	等会儿你开车
denghuiernikandianshi	等会儿你看电视
denghuiernikandianying	等会儿你看电影
denghuiernikanshipin	等会儿你看视频
denghuiernikanshu	等会儿你看书
denghuiernikeyichifan	等会儿你可以吃饭
denghuiernikeyichumen	等会儿你可以出门
denghuiernikeyichuqu	等会儿你可以出去
denghuiernikeyidadianhua	等会儿你可以打电话
denghuiernikeyidayouxi	等会儿你可以打游戏
denghuiernikeyifaweixin	等会儿你可以发微信
denghuiernikeyifaxiaoxi	等会儿你可以发消息
denghuiernikeyigongzuo	等会儿你可以工作
denghuiernikeyiheshui	等会儿你可以喝水
denghuiernikeyihuijia	等会儿你可以回家
denghuiernikeyikaiche	等会儿你可以开车
denghuiernikeyikandianshi	等会儿你可以看电视
denghuiernikeyikandianying	等会儿你可以看电影
denghuiernikeyikanshipin	等会儿你可以看视频
denghuiernikeyikanshu	等会儿你可以看书
denghuiernikeyiliaotian	等会儿你可以聊天
denghuiernikeyimaidongxi	等会儿你可以买东西
denghuiernikeyiquxuexiao	等会儿你可以去学校
denghuiernikeyishangban	等会儿你可以上班
denghuiernikeyishuijue	等会儿你可以睡觉
denghuiernikeyitingyinle	等会儿你可以听音乐
denghuiernikeyiwanyouxi	等会儿你可以玩游戏
denghuiernikeyixiaban	等会儿你可以下班
denghuiernikeyixiuxi	等会儿你可以休息
denghuiernikeyixizao	等会儿你可以洗澡
denghuiernikeyixuexi	等会儿你可以学习
denghuiernikeyizuoche	等会儿你可以坐车
denghuiernikeyizuofan	等会儿你可以做饭
denghuiernikeyizuofeiji	等会儿你可以坐飞机
denghuiernikeyizuohuoche	等会儿你可以坐火车
denghuiernilianjiewangluo	等会儿你连接网络
denghuierniliaotian	等会儿你聊天
denghuiernimaidongxi	等会儿你买东西
denghuierninengchifan	等会儿你能吃饭
denghuierninengchumen	等会儿你能出门
denghuierninengchuqu	等会儿你能出去
denghuierninengdadianhua	等会儿你能打电话
denghuierninengdayouxi	等会儿你能打游戏
denghuierninengfaweixin	等会儿你能发微信
denghuierninengfaxiaoxi	等会儿你能发消息
denghuierninenggongzuo	等会儿你能工作
denghuierninengheshui	等会儿你能喝水
denghuierninenghuijia	等会儿你能回家
denghuierninengkaiche	等会儿你能开车
denghuierninengkandianshi	等会儿你能看电视
denghuierninengkandianying	等会儿你能看电影
denghuierninengkanshipin	等会儿你能看视频
denghuierninengkanshu	等会儿你能看书
denghuierninengliaotian	等会儿你能聊天
denghuierninengmaidongxi	等会儿你能买东西
denghuierninengquxuexiao	等会儿你能去学校
denghuierninengshangban	等会儿你能上班
denghuierninengshuijue	等会儿你能睡觉
denghuierninengtingyinle	等会儿你能听音乐
denghuierninengwanyouxi	等会儿你能玩游戏
denghuierninengxiaban	等会儿你能下班
denghuierninengxiuxi	等会儿你能休息
denghuierninengxizao	等会儿你能洗澡
denghuierninengxuexi	等会儿你能学习
denghuierninengzuoche	等会儿你能坐车
denghuierninengzuofan	等会儿你能做饭
denghuierninengzuofeiji	等会儿你能坐飞机
denghuierninengzuohuoche	等会儿你能坐火车
denghuiernipaizhaopian	等会儿你拍照片
denghuierniqubeijing	等会儿你去北京
denghuierniquchaoshi	等会儿你去超市
denghuierniqugongsi	等会儿你去公司
denghuierniquguangzhou	等会儿你去广州
denghuierniqushangchang	等会儿你去商场
denghuierniqushanghai	等会儿你去上海
denghuierniqushenzhen	等会儿你去深圳
denghuierniquxuexiao	等会儿你去学校
denghuierniquyiyuan	等会儿你去医院
denghuiernishangban	等会儿你上班
denghuiernishiyongdiannao	等会儿你使用电脑
denghuiernishiyongshouji	等会儿你使用手机
denghuiernishuijue	等会儿你睡觉
denghuiernitingyinle	等会儿你听音乐
denghuierniwanyouxi	等会儿你玩游戏
denghuiernixiaban	等会儿你下班
denghuiernixiangchifan	等会儿你想吃饭
denghuiernixiangchumen	等会儿你想出门
denghuiernixiangchuqu	等会儿你想出去
denghuiernixiangdadianhua	等会儿你想打电话
denghuiernixiangdayouxi	等会儿你想打游戏
denghuiernixiangfaweixin	等会儿你想发微信
denghuiernixiangfaxiaoxi	等会儿你想发消息
denghuiernixianggongzuo	等会儿你想工作
denghuiernixiangheshui	等会儿你想喝水
denghuiernixianghuijia	等会儿你想回家
denghuiernixiangkaiche	等会儿你想开车
denghuiernixiangkandianshi	等会儿你想看电视
denghuiernixiangkandianying	等会儿你想看电影
denghuiernixiangkanshipin	等会儿你想看视频
denghuiernixiangkanshu	等会儿你想看书
denghuiernixiangliaotian	等会儿你想聊天
denghuiernixiangmaidongxi	等会儿你想买东西
denghuiernixiangquxuexiao	等会儿你想去学校
denghuiernixiangshangban	等会儿你想上班
denghuiernixiangshuijue	等会儿你想睡觉
denghuiernixiangtingyinle	等会儿你想听音乐
denghuiernixiangwanyouxi	等会儿你想玩游戏
denghuiernixiangxiaban	等会儿你想下班
denghuiernixiangxiuxi	等会儿你想休息
denghuiernixiangxizao	等会儿你想洗澡
denghuiernixiangxuexi	等会儿你想学习
denghuiernixiangyaochifan	等会儿你想要吃饭
denghuiernixiangyaochumen	等会儿你想要出门
denghuiernixiangyaochuqu	等会儿你想要出去
denghuiernixiangyaodadianhua	等会儿你想要打电话
denghuiernixiangyaodayouxi	等会儿你想要打游戏
denghuiernixiangyaofaweixin	等会儿你想要发微信
denghuiernixiangyaofaxiaoxi	等会儿你想要发消息
denghuiernixiangyaogongzuo	等会儿你想要工作
denghuiernixiangyaoheshui	等会儿你想要喝水
denghuiernixiangyaohuijia	等会儿你想要回家
denghuiernixiangyaokaiche	等会儿你想要开车
denghuiernixiangyaokandianshi	等会儿你想要看电视
denghuiernixiangyaokandianying	等会儿你想要看电影
denghuiernixiangyaokanshipin	等会儿你想要看视频
denghuiernixiangyaokanshu	等会儿你想要看书
denghuiernixiangyaoliaotian	等会儿你想要聊天
denghuiernixiangyaomaidongxi	等会儿你想要买东西
denghuiernixiangyaoquxuexiao	等会儿你想要去学校
denghuiernixiangyaoshangban	等会儿你想要上班
denghuiernixiangyaoshuijue	等会儿你想要睡觉
denghuiernixiangyaotingyinle	等会儿你想要听音乐
denghuiernixiangyaowanyouxi	等会儿你想要玩游戏
denghuiernixiangyaoxiaban	等会儿你想要下班
denghuiernixiangyaoxiuxi	等会儿你想要休息
denghuiernixiangyaoxizao	等会儿你想要洗澡
denghuiernixiangyaoxuexi	等会儿你想要学习
denghuiernixiangyaozuoche	等会儿你想要坐车
denghuiernixiangyaozuofan	等会儿你想要做饭
denghuiernixiangyaozuofeiji	等会儿你想要坐飞机
denghuiernixiangyaozuohuoche	等会儿你想要坐火车
denghuiernixiangzuoche	等会儿你想坐车
denghuiernixiangzuofan	等会儿你想做饭
denghuiernixiangzuofeiji	等会儿你想坐飞机
denghuiernixiangzuohuoche	等会儿你想坐火车
denghuiernixiugaishezhi	等会儿你修改设置
denghuiernixiuxi	等会儿你休息
denghuiernixizao	等会儿你洗澡
denghuiernixuexi	等会儿你学习
denghuiernixuyaochifan	等会儿你需要吃饭
denghuiernixuyaochumen	等会儿你需要出门
denghuiernixuyaochuqu	等会儿你需要出去
denghuiernixuyaodadianhua	等会儿你需要打电话
denghuiernixuyaodayouxi	等会儿你需要打游戏
denghuiernixuyaofaweixin	等会儿你需要发微信
denghuiernixuyaofaxiaoxi	等会儿你需要发消息
denghuiernixuyaogongzuo	等会儿你需要工作
denghuiernixuyaoheshui	等会儿你需要喝水
denghuiernixuyaohuijia	等会儿你需要回家
denghuiernixuyaokaiche	等会儿你需要开车
denghuiernixuyaokandianshi	等会儿你需要看电视
denghuiernixuyaokandianying	等会儿你需要看电影
denghuiernixuyaokanshipin	等会儿你需要看视频
denghuiernixuyaokanshu	等会儿你需要看书
denghuiernixuyaoliaotian	等会儿你需要聊天
denghuiernixuyaomaidongxi	等会儿你需要买东西
denghuiernixuyaoquxuexiao	等会儿你需要去学校
denghuiernixuyaoshangban	等会儿你需要上班
denghuiernixuyaoshuijue	等会儿你需要睡觉
denghuiernixuyaotingyinle	等会儿你需要听音乐
denghuiernixuyaowanyouxi	等会儿你需要玩游戏
denghuiernixuyaoxiaban	等会儿你需要下班
denghuiernixuyaoxiuxi	等会儿你需要休息
denghuiernixuyaoxizao	等会儿你需要洗澡
denghuiernixuyaoxuexi	等会儿你需要学习
denghuiernixuyaozuoche	等会儿你需要坐车
denghuiernixuyaozuofan	等会儿你需要做饭
denghuiernixuyaozuofeiji	等会儿你需要坐飞机
denghuiernixuyaozuohuoche	等会儿你需要坐火车
denghuierniyaochifan	等会儿你要吃饭
denghuierniyaochumen	等会儿你要出门
denghuierniyaochuqu	等会儿你要出去
denghuierniyaodadianhua	等会儿你要打电话
denghuierniyaodayouxi	等会儿你要打游戏
denghuierniyaofaweixin	等会儿你要发微信
denghuierniyaofaxiaoxi	等会儿你要发消息
denghuierniyaogongzuo	等会儿你要工作
denghuierniyaoheshui	等会儿你要喝水
denghuierniyaohuijia	等会儿你要回家
denghuierniyaokaiche	等会儿你要开车
denghuierniyaokandianshi	等会儿你要看电视
denghuierniyaokandianying	等会儿你要看电影
denghuierniyaokanshipin	等会儿你要看视频
denghuierniyaokanshu	等会儿你要看书
denghuierniyaoliaotian	等会儿你要聊天
denghuierniyaomaidongxi	等会儿你要买东西
denghuierniyaoquxuexiao	等会儿你要去学校
denghuierniyaoshangban	等会儿你要上班
denghuierniyaoshuijue	等会儿你要睡觉
denghuierniyaotingyinle	等会儿你要听音乐
denghuierniyaowanyouxi	等会儿你要玩游戏
denghuierniyaoxiaban	等会儿你要下班
denghuierniyaoxiuxi	等会儿你要休息
denghuierniyaoxizao	等会儿你要洗澡
denghuierniyaoxuexi	等会儿你要学习
denghuierniyaozuoche	等会儿你要坐车
denghuierniyaozuofan	等会儿你要做饭
denghuierniyaozuofeiji	等会儿你要坐飞机
denghuierniyaozuohuoche	等会儿你要坐火车
denghuiernizhunbeichifan	等会儿你准备吃饭
denghuiernizhunbeichumen	等会儿你准备出门
denghuiernizhunbeichuqu	等会儿你准备出去
denghuiernizhunbeidadianhua	等会儿你准备打电话
denghuiernizhunbeidayouxi	等会儿你准备打游戏
denghuiernizhunbeifaweixin	等会儿你准备发微信
denghuiernizhunbeifaxiaoxi	等会儿你准备发消息
denghuiernizhunbeigongzuo	等会儿你准备工作
denghuiernizhunbeiheshui	等会儿你准备喝水
denghuiernizhunbeihuijia	等会儿你准备回家
denghuiernizhunbeikaiche	等会儿你准备开车
denghuiernizhunbeikandianshi	等会儿你准备看电视
denghuiernizhunbeikandianying	等会儿你准备看电影
denghuiernizhunbeikanshipin	等会儿你准备看视频
denghuiernizhunbeikanshu	等会儿你准备看书
denghuiernizhunbeiliaotian	等会儿你准备聊天
denghuiernizhunbeimaidongxi	等会儿你准备买东西
denghuiernizhunbeiquxuexiao	等会儿你准备去学校
denghuiernizhunbeishangban	等会儿你准备上班
denghuiernizhunbeishuijue	等会儿你准备睡觉
denghuiernizhunbeitingyinle	等会儿你准备听音乐
denghuiernizhunbeiwanyouxi	等会儿你准备玩游戏
denghuiernizhunbeixiaban	等会儿你准备下班
denghuiernizhunbeixiuxi	等会儿你准备休息
denghuiernizhunbeixizao	等会儿你准备洗澡
denghuiernizhunbeixuexi	等会儿你准备学习
denghuiernizhunbeizuoche	等会儿你准备坐车
denghuiernizhunbeizuofan	等会儿你准备做饭
denghuiernizhunbeizuofeiji	等会儿你准备坐飞机
denghuiernizhunbeizuohuoche	等会儿你准备坐火车
denghuiernizuoche	等会儿你坐车
denghuiernizuofan	等会儿你做饭
denghuiernizuofeiji	等会儿你坐飞机
denghuiernizuohuoche	等会儿你坐火车
denghuiertaanzhuangruanjian	等会儿他安装软件
denghuiertabuxiangchifan	等会儿他不想吃饭
denghuiertabuxiangchumen	等会儿他不想出门
denghuiertabuxiangchuqu	等会儿他不想出去
denghuiertabuxiangdadianhua	等会儿他不想打电话
denghuiertabuxiangdayouxi	等会儿他不想打游戏
denghuiertabuxiangfaweixin	等会儿他不想发微信
denghuiertabuxiangfaxiaoxi	等会儿他不想发消息
denghuiertabuxianggongzuo	等会儿他不想工作
denghuiertabuxiangheshui	等会儿他不想喝水
denghuiertabuxianghuijia	等会儿他不想回家
denghuiertabuxiangkaiche	等会儿他不想开车
denghuiertabuxiangkandianshi	等会儿他不想看电视
denghuiertabuxiangkandianying	等会儿他不想看电影
denghuiertabuxiangkanshipin	等会儿他不想看视频
denghuiertabuxiangkanshu	等会儿他不想看书
denghuiertabuxiangliaotian	等会儿他不想聊天
denghuiertabuxiangmaidongxi	等会儿他不想买东西
denghuiertabuxiangquxuexiao	等会儿他不想去学校
denghuiertabuxiangshangban	等会儿他不想上班
denghuiertabuxiangshuijue	等会儿他不想睡觉
denghuiertabuxiangtingyinle	等会儿他不想听音乐
denghuiertabuxiangwanyouxi	等会儿他不想玩游戏
denghuiertabuxiangxiaban	等会儿他不想下班
denghuiertabuxiangxiuxi	等会儿他不想休息
denghuiertabuxiangxizao	等会儿他不想洗澡
denghuiertabuxiangxuexi	等会儿他不想学习
denghuiertabuxiangzuoche	等会儿他不想坐车
denghuiertabuxiangzuofan	等会儿他不想做饭
denghuiertabuxiangzuofeiji	等会儿他不想坐飞机
denghuiertabuxiangzuohuoche	等会儿他不想坐火车
denghuiertabuyaochifan	等会儿他不要吃饭
denghuiertabuyaochumen	等会儿他不要出门
denghuiertabuyaochuqu	等会儿他不要出去
denghuiertabuyaodadianhua	等会儿他不要打电话
denghuiertabuyaodayouxi	等会儿他不要打游戏
denghuiertabuyaofaweixin	等会儿他不要发微信
denghuiertabuyaofaxiaoxi	等会儿他不要发消息
denghuiertabuyaogongzuo	等会儿他不要工作
denghuiertabuyaoheshui	等会儿他不要喝水
denghuiertabuyaohuijia	等会儿他不要回家
denghuiertabuyaokaiche	等会儿他不要开车
denghuiertabuyaokandianshi	等会儿他不要看电视
denghuiertabuyaokandianying	等会儿他不要看电影
denghuiertabuyaokanshipin	等会儿他不要看视频
denghuiertabuyaokanshu	等会儿他不要看书
denghuiertabuyaoliaotian	等会儿他不要聊天
denghuiertabuyaomaidongxi	等会儿他不要买东西
denghuiertabuyaoquxuexiao	等会儿他不要去学校
denghuiertabuyaoshangban	等会儿他不要上班
denghuiertabuyaoshuijue	等会儿他不要睡觉
denghuiertabuyaotingyinle	等会儿他不要听音乐
denghuiertabuyaowanyouxi	等会儿他不要玩游戏
denghuiertabuyaoxiaban	等会儿他不要下班
denghuiertabuyaoxiuxi	等会儿他不要休息
denghuiertabuyaoxizao	等会儿他不要洗澡
denghuiertabuyaoxuexi	等会儿他不要学习
denghuiertabuyaozuoche	等会儿他不要坐车
denghuiertabuyaozuofan	等会儿他不要做饭
denghuiertabuyaozuofeiji	等会儿他不要坐飞机
denghuiertabuyaozuohuoche	等会儿他不要坐火车
denghuiertachifan	等会儿他吃饭
denghuiertachumen	等会儿他出门
denghuiertachuqu	等会儿他出去
denghuiertadadianhua	等会儿他打电话
denghuiertadakaidiannao	等会儿他打开电脑
denghuiertadakairuanjian	等会儿他打开软件
denghuiertadasuanchifan	等会儿他打算吃饭
denghuiertadasuanchumen	等会儿他打算出门
denghuiertadasuanchuqu	等会儿他打算出去
denghuiertadasuandadianhua	等会儿他打算打电话
denghuiertadasuandayouxi	等会儿他打算打游戏
denghuiertadasuanfaweixin	等会儿他打算发微信
denghuiertadasuanfaxiaoxi	等会儿他打算发消息
denghuiertadasuangongzuo	等会儿他打算工作
denghuiertadasuanheshui	等会儿他打算喝水
denghuiertadasuanhuijia	等会儿他打算回家
denghuiertadasuankaiche	等会儿他打算开车
denghuiertadasuankandianshi	等会儿他打算看电视
denghuiertadasuankandianying	等会儿他打算看电影
denghuiertadasuankanshipin	等会儿他打算看视频
denghuiertadasuankanshu	等会儿他打算看书
denghuiertadasuanliaotian	等会儿他打算聊天
denghuiertadasuanmaidongxi	等会儿他打算买东西
denghuiertadasuanquxuexiao	等会儿他打算去学校
denghuiertadasuanshangban	等会儿他打算上班
denghuiertadasuanshuijue	等会儿他打算睡觉
denghuiertadasuantingyinle	等会儿他打算听音乐
denghuiertadasuanwanyouxi	等会儿他打算玩游戏
denghuiertadasuanxiaban	等会儿他打算下班
denghuiertadasuanxiuxi	等会儿他打算休息
denghuiertadasuanxizao	等会儿他打算洗澡
denghuiertadasuanxuexi	等会儿他打算学习
denghuiertadasuanzuoche	等会儿他打算坐车
denghuiertadasuanzuofan	等会儿他打算做饭
denghuiertadasuanzuofeiji	等会儿他打算坐飞机
denghuiertadasuanzuohuoche	等会儿他打算坐火车
denghuiertadayouxi	等会儿他打游戏
denghuiertafaweixin	等会儿他发微信
denghuiertafaxiaoxi	等会儿他发消息
denghuiertagengxinruanjian	等会儿他更新软件
denghuiertagongzuo	等会儿他工作
denghuiertaguanbiruanjian	等会儿他关闭软件
denghuiertaheshui	等会儿他喝水
denghuiertahuijia	等会儿他回家
denghuiertakaiche	等会儿他开车
denghuiertakandianshi	等会儿他看电视
denghuiertakandianying	等会儿他看电影
denghuiertakanshipin	等会儿他看视频
denghuiertakanshu	等会儿他看书
denghuiertakeyichifan	等会儿他可以吃饭
denghuiertakeyichumen	等会儿他可以出门
denghuiertakeyichuqu	等会儿他可以出去
denghuiertakeyidadianhua	等会儿他可以打电话
denghuiertakeyidayouxi	等会儿他可以打游戏
denghuiertakeyifaweixin	等会儿他可以发微信
denghuiertakeyifaxiaoxi	等会儿他可以发消息
denghuiertakeyigongzuo	等会儿他可以工作
denghuiertakeyiheshui	等会儿他可以喝水
denghuiertakeyihuijia	等会儿他可以回家
denghuiertakeyikaiche	等会儿他可以开车
denghuiertakeyikandianshi	等会儿他可以看电视
denghuiertakeyikandianying	等会儿他可以看电影
denghuiertakeyikanshipin	等会儿他可以看视频
denghuiertakeyikanshu	等会儿他可以看书
denghuiertakeyiliaotian	等会儿他可以聊天
denghuiertakeyimaidongxi	等会儿他可以买东西
denghuiertakeyiquxuexiao	等会儿他可以去学校
denghuiertakeyishangban	等会儿他可以上班
denghuiertakeyishuijue	等会儿他可以睡觉
denghuiertakeyitingyinle	等会儿他可以听音乐
denghuiertakeyiwanyouxi	等会儿他可以玩游戏
denghuiertakeyixiaban	等会儿他可以下班
denghuiertakeyixiuxi	等会儿他可以休息
denghuiertakeyixizao	等会儿他可以洗澡
denghuiertakeyixuexi	等会儿他可以学习
denghuiertakeyizuoche	等会儿他可以坐车
denghuiertakeyizuofan	等会儿他可以做饭
denghuiertakeyizuofeiji	等会儿他可以坐飞机
denghuiertakeyizuohuoche	等会儿他可以坐火车
denghuiertalianjiewangluo	等会儿他连接网络
denghuiertaliaotian	等会儿他聊天
denghuiertamaidongxi	等会儿他买东西
denghuiertanengchifan	等会儿他能吃饭
denghuiertanengchumen	等会儿他能出门
denghuiertanengchuqu	等会儿他能出去
denghuiertanengdadianhua	等会儿他能打电话
denghuiertanengdayouxi	等会儿他能打游戏
denghuiertanengfaweixin	等会儿他能发微信
denghuiertanengfaxiaoxi	等会儿他能发消息
denghuiertanenggongzuo	等会儿他能工作
denghuiertanengheshui	等会儿他能喝水
denghuiertanenghuijia	等会儿他能回家
denghuiertanengkaiche	等会儿他能开车
denghuiertanengkandianshi	等会儿他能看电视
denghuiertanengkandianying	等会儿他能看电影
denghuiertanengkanshipin	等会儿他能看视频
denghuiertanengkanshu	等会儿他能看书
denghuiertanengliaotian	等会儿他能聊天
denghuiertanengmaidongxi	等会儿他能买东西
denghuiertanengquxuexiao	等会儿他能去学校
denghuiertanengshangban	等会儿他能上班
denghuiertanengshuijue	等会儿他能睡觉
denghuiertanengtingyinle	等会儿他能听音乐
denghuiertanengwanyouxi	等会儿他能玩游戏
denghuiertanengxiaban	等会儿他能下班
denghuiertanengxiuxi	等会儿他能休息
denghuiertanengxizao	等会儿他能洗澡
denghuiertanengxuexi	等会儿他能学习
denghuiertanengzuoche	等会儿他能坐车
denghuiertanengzuofan	等会儿他能做饭
denghuiertanengzuofeiji	等会儿他能坐飞机
denghuiertanengzuohuoche	等会儿他能坐火车
denghuiertapaizhaopian	等会儿他拍照片
denghuiertaqubeijing	等会儿他去北京
denghuiertaquchaoshi	等会儿他去超市
denghuiertaqugongsi	等会儿他去公司
denghuiertaquguangzhou	等会儿他去广州
denghuiertaqushangchang	等会儿他去商场
denghuiertaqushanghai	等会儿他去上海
denghuiertaqushenzhen	等会儿他去深圳
denghuiertaquxuexiao	等会儿他去学校
denghuiertaquyiyuan	等会儿他去医院
denghuiertashangban	等会儿他上班
denghuiertashiyongdiannao	等会儿他使用电脑
denghuiertashiyongshouji	等会儿他使用手机
denghuiertashuijue	等会儿他睡觉
denghuiertatingyinle	等会儿他听音乐
denghuiertawanyouxi	等会儿他玩游戏
denghuiertaxiaban	等会儿他下班
denghuiertaxiangchifan	等会儿他想吃饭
denghuiertaxiangchumen	等会儿他想出门
denghuiertaxiangchuqu	等会儿他想出去
denghuiertaxiangdadianhua	等会儿他想打电话
denghuiertaxiangdayouxi	等会儿他想打游戏
denghuiertaxiangfaweixin	等会儿他想发微信
denghuiertaxiangfaxiaoxi	等会儿他想发消息
denghuiertaxianggongzuo	等会儿他想工作
denghuiertaxiangheshui	等会儿他想喝水
denghuiertaxianghuijia	等会儿他想回家
denghuiertaxiangkaiche	等会儿他想开车
denghuiertaxiangkandianshi	等会儿他想看电视
denghuiertaxiangkandianying	等会儿他想看电影
denghuiertaxiangkanshipin	等会儿他想看视频
denghuiertaxiangkanshu	等会儿他想看书
denghuiertaxiangliaotian	等会儿他想聊天
denghuiertaxiangmaidongxi	等会儿他想买东西
denghuiertaxiangquxuexiao	等会儿他想去学校
denghuiertaxiangshangban	等会儿他想上班
denghuiertaxiangshuijue	等会儿他想睡觉
denghuiertaxiangtingyinle	等会儿他想听音乐
denghuiertaxiangwanyouxi	等会儿他想玩游戏
denghuiertaxiangxiaban	等会儿他想下班
denghuiertaxiangxiuxi	等会儿他想休息
denghuiertaxiangxizao	等会儿他想洗澡
denghuiertaxiangxuexi	等会儿他想学习
denghuiertaxiangyaochifan	等会儿他想要吃饭
denghuiertaxiangyaochumen	等会儿他想要出门
denghuiertaxiangyaochuqu	等会儿他想要出去
denghuiertaxiangyaodadianhua	等会儿他想要打电话
denghuiertaxiangyaodayouxi	等会儿他想要打游戏
denghuiertaxiangyaofaweixin	等会儿他想要发微信
denghuiertaxiangyaofaxiaoxi	等会儿他想要发消息
denghuiertaxiangyaogongzuo	等会儿他想要工作
denghuiertaxiangyaoheshui	等会儿他想要喝水
denghuiertaxiangyaohuijia	等会儿他想要回家
denghuiertaxiangyaokaiche	等会儿他想要开车
denghuiertaxiangyaokandianshi	等会儿他想要看电视
denghuiertaxiangyaokandianying	等会儿他想要看电影
denghuiertaxiangyaokanshipin	等会儿他想要看视频
denghuiertaxiangyaokanshu	等会儿他想要看书
denghuiertaxiangyaoliaotian	等会儿他想要聊天
denghuiertaxiangyaomaidongxi	等会儿他想要买东西
denghuiertaxiangyaoquxuexiao	等会儿他想要去学校
denghuiertaxiangyaoshangban	等会儿他想要上班
denghuiertaxiangyaoshuijue	等会儿他想要睡觉
denghuiertaxiangyaotingyinle	等会儿他想要听音乐
denghuiertaxiangyaowanyouxi	等会儿他想要玩游戏
denghuiertaxiangyaoxiaban	等会儿他想要下班
denghuiertaxiangyaoxiuxi	等会儿他想要休息
denghuiertaxiangyaoxizao	等会儿他想要洗澡
denghuiertaxiangyaoxuexi	等会儿他想要学习
denghuiertaxiangyaozuoche	等会儿他想要坐车
denghuiertaxiangyaozuofan	等会儿他想要做饭
denghuiertaxiangyaozuofeiji	等会儿他想要坐飞机
denghuiertaxiangyaozuohuoche	等会儿他想要坐火车
denghuiertaxiangzuoche	等会儿他想坐车
denghuiertaxiangzuofan	等会儿他想做饭
denghuiertaxiangzuofeiji	等会儿他想坐飞机
denghuiertaxiangzuohuoche	等会儿他想坐火车
denghuiertaxiugaishezhi	等会儿他修改设置
denghuiertaxiuxi	等会儿他休息
denghuiertaxizao	等会儿他洗澡
denghuiertaxuexi	等会儿他学习
denghuiertaxuyaochifan	等会儿他需要吃饭
denghuiertaxuyaochumen	等会儿他需要出门
denghuiertaxuyaochuqu	等会儿他需要出去
denghuiertaxuyaodadianhua	等会儿他需要打电话
denghuiertaxuyaodayouxi	等会儿他需要打游戏
denghuiertaxuyaofaweixin	等会儿他需要发微信
denghuiertaxuyaofaxiaoxi	等会儿他需要发消息
denghuiertaxuyaogongzuo	等会儿他需要工作
denghuiertaxuyaoheshui	等会儿他需要喝水
denghuiertaxuyaohuijia	等会儿他需要回家
denghuiertaxuyaokaiche	等会儿他需要开车
denghuiertaxuyaokandianshi	等会儿他需要看电视
denghuiertaxuyaokandianying	等会儿他需要看电影
denghuiertaxuyaokanshipin	等会儿他需要看视频
denghuiertaxuyaokanshu	等会儿他需要看书
denghuiertaxuyaoliaotian	等会儿他需要聊天
denghuiertaxuyaomaidongxi	等会儿他需要买东西
denghuiertaxuyaoquxuexiao	等会儿他需要去学校
denghuiertaxuyaoshangban	等会儿他需要上班
denghuiertaxuyaoshuijue	等会儿他需要睡觉
denghuiertaxuyaotingyinle	等会儿他需要听音乐
denghuiertaxuyaowanyouxi	等会儿他需要玩游戏
denghuiertaxuyaoxiaban	等会儿他需要下班
denghuiertaxuyaoxiuxi	等会儿他需要休息
denghuiertaxuyaoxizao	等会儿他需要洗澡
denghuiertaxuyaoxuexi	等会儿他需要学习
denghuiertaxuyaozuoche	等会儿他需要坐车
denghuiertaxuyaozuofan	等会儿他需要做饭
denghuiertaxuyaozuofeiji	等会儿他需要坐飞机
denghuiertaxuyaozuohuoche	等会儿他需要坐火车
denghuiertayaochifan	等会儿他要吃饭
denghuiertayaochumen	等会儿他要出门
denghuiertayaochuqu	等会儿他要出去
denghuiertayaodadianhua	等会儿他要打电话
denghuiertayaodayouxi	等会儿他要打游戏
denghuiertayaofaweixin	等会儿他要发微信
denghuiertayaofaxiaoxi	等会儿他要发消息
denghuiertayaogongzuo	等会儿他要工作
denghuiertayaoheshui	等会儿他要喝水
denghuiertayaohuijia	等会儿他要回家
denghuiertayaokaiche	等会儿他要开车
denghuiertayaokandianshi	等会儿他要看电视
denghuiertayaokandianying	等会儿他要看电影
denghuiertayaokanshipin	等会儿他要看视频
denghuiertayaokanshu	等会儿他要看书
denghuiertayaoliaotian	等会儿他要聊天
denghuiertayaomaidongxi	等会儿他要买东西
denghuiertayaoquxuexiao	等会儿他要去学校
denghuiertayaoshangban	等会儿他要上班
denghuiertayaoshuijue	等会儿他要睡觉
denghuiertayaotingyinle	等会儿他要听音乐
denghuiertayaowanyouxi	等会儿他要玩游戏
denghuiertayaoxiaban	等会儿他要下班
denghuiertayaoxiuxi	等会儿他要休息
denghuiertayaoxizao	等会儿他要洗澡
denghuiertayaoxuexi	等会儿他要学习
denghuiertayaozuoche	等会儿他要坐车
denghuiertayaozuofan	等会儿他要做饭
denghuiertayaozuofeiji	等会儿他要坐飞机
denghuiertayaozuohuoche	等会儿他要坐火车
denghuiertazhunbeichifan	等会儿他准备吃饭
denghuiertazhunbeichumen	等会儿他准备出门
denghuiertazhunbeichuqu	等会儿他准备出去
denghuiertazhunbeidadianhua	等会儿他准备打电话
denghuiertazhunbeidayouxi	等会儿他准备打游戏
denghuiertazhunbeifaweixin	等会儿他准备发微信
denghuiertazhunbeifaxiaoxi	等会儿他准备发消息
denghuiertazhunbeigongzuo	等会儿他准备工作
denghuiertazhunbeiheshui	等会儿他准备喝水
denghuiertazhunbeihuijia	等会儿他准备回家
denghuiertazhunbeikaiche	等会儿他准备开车
denghuiertazhunbeikandianshi	等会儿他准备看电视
denghuiertazhunbeikandianying	等会儿他准备看电影
denghuiertazhunbeikanshipin	等会儿他准备看视频
denghuiertazhunbeikanshu	等会儿他准备看书
denghuiertazhunbeiliaotian	等会儿他准备聊天
denghuiertazhunbeimaidongxi	等会儿他准备买东西
denghuiertazhunbeiquxuexiao	等会儿他准备去学校
denghuiertazhunbeishangban	等会儿他准备上班
denghuiertazhunbeishuijue	等会儿他准备睡觉
denghuiertazhunbeitingyinle	等会儿他准备听音乐
denghuiertazhunbeiwanyouxi	等会儿他准备玩游戏
denghuiertazhunbeixiaban	等会儿他准备下班
denghuiertazhunbeixiuxi	等会儿他准备休息
denghuiertazhunbeixizao	等会儿他准备洗澡
denghuiertazhunbeixuexi	等会儿他准备学习
denghuiertazhunbeizuoche	等会儿他准备坐车
denghuiertazhunbeizuofan	等会儿他准备做饭
denghuiertazhunbeizuofeiji	等会儿他准备坐飞机
denghuiertazhunbeizuohuoche	等会儿他准备坐火车
denghuiertazuoche	等会儿他坐车
denghuiertazuofan	等会儿他做饭
denghuiertazuofeiji	等会儿他坐飞机
denghuiertazuohuoche	等会儿他坐火车
denghuierwoanzhuangruanjian	等会儿我安装软件
denghuierwobuxiangchifan	等会儿我不想吃饭
denghuierwobuxiangchumen	等会儿我不想出门
denghuierwobuxiangchuqu	等会儿我不想出去
denghuierwobuxiangdadianhua	等会儿我不想打电话
denghuierwobuxiangdayouxi	等会儿我不想打游戏
denghuierwobuxiangfaweixin	等会儿我不想发微信
denghuierwobuxiangfaxiaoxi	等会儿我不想发消息
denghuierwobuxianggongzuo	等会儿我不想工作
denghuierwobuxiangheshui	等会儿我不想喝水
denghuierwobuxianghuijia	等会儿我不想回家
denghuierwobuxiangkaiche	等会儿我不想开车
denghuierwobuxiangkandianshi	等会儿我不想看电视
denghuierwobuxiangkandianying	等会儿我不想看电影
denghuierwobuxiangkanshipin	等会儿我不想看视频
denghuierwobuxiangkanshu	等会儿我不想看书
denghuierwobuxiangliaotian	等会儿我不想聊天
denghuierwobuxiangmaidongxi	等会儿我不想买东西
denghuierwobuxiangquxuexiao	等会儿我不想去学校
denghuierwobuxiangshangban	等会儿我不想上班
denghuierwobuxiangshuijue	等会儿我不想睡觉
denghuierwobuxiangtingyinle	等会儿我不想听音乐
denghuierwobuxiangwanyouxi	等会儿我不想玩游戏
denghuierwobuxiangxiaban	等会儿我不想下班
denghuierwobuxiangxiuxi	等会儿我不想休息
denghuierwobuxiangxizao	等会儿我不想洗澡
denghuierwobuxiangxuexi	等会儿我不想学习
denghuierwobuxiangzuoche	等会儿我不想坐车
denghuierwobuxiangzuofan	等会儿我不想做饭
denghuierwobuxiangzuofeiji	等会儿我不想坐飞机
denghuierwobuxiangzuohuoche	等会儿我不想坐火车
denghuierwobuyaochifan	等会儿我不要吃饭
denghuierwobuyaochumen	等会儿我不要出门
denghuierwobuyaochuqu	等会儿我不要出去
denghuierwobuyaodadianhua	等会儿我不要打电话
denghuierwobuyaodayouxi	等会儿我不要打游戏
denghuierwobuyaofaweixin	等会儿我不要发微信
denghuierwobuyaofaxiaoxi	等会儿我不要发消息
denghuierwobuyaogongzuo	等会儿我不要工作
denghuierwobuyaoheshui	等会儿我不要喝水
denghuierwobuyaohuijia	等会儿我不要回家
denghuierwobuyaokaiche	等会儿我不要开车
denghuierwobuyaokandianshi	等会儿我不要看电视
denghuierwobuyaokandianying	等会儿我不要看电影
denghuierwobuyaokanshipin	等会儿我不要看视频
denghuierwobuyaokanshu	等会儿我不要看书
denghuierwobuyaoliaotian	等会儿我不要聊天
denghuierwobuyaomaidongxi	等会儿我不要买东西
denghuierwobuyaoquxuexiao	等会儿我不要去学校
denghuierwobuyaoshangban	等会儿我不要上班
denghuierwobuyaoshuijue	等会儿我不要睡觉
denghuierwobuyaotingyinle	等会儿我不要听音乐
denghuierwobuyaowanyouxi	等会儿我不要玩游戏
denghuierwobuyaoxiaban	等会儿我不要下班
denghuierwobuyaoxiuxi	等会儿我不要休息
denghuierwobuyaoxizao	等会儿我不要洗澡
denghuierwobuyaoxuexi	等会儿我不要学习
denghuierwobuyaozuoche	等会儿我不要坐车
denghuierwobuyaozuofan	等会儿我不要做饭
denghuierwobuyaozuofeiji	等会儿我不要坐飞机
denghuierwobuyaozuohuoche	等会儿我不要坐火车
denghuierwochifan	等会儿我吃饭
denghuierwochumen	等会儿我出门
denghuierwochuqu	等会儿我出去
denghuierwodadianhua	等会儿我打电话
denghuierwodakaidiannao	等会儿我打开电脑
denghuierwodakairuanjian	等会儿我打开软件
denghuierwodasuanchifan	等会儿我打算吃饭
denghuierwodasuanchumen	等会儿我打算出门
denghuierwodasuanchuqu	等会儿我打算出去
denghuierwodasuandadianhua	等会儿我打算打电话
denghuierwodasuandayouxi	等会儿我打算打游戏
denghuierwodasuanfaweixin	等会儿我打算发微信
denghuierwodasuanfaxiaoxi	等会儿我打算发消息
denghuierwodasuangongzuo	等会儿我打算工作
denghuierwodasuanheshui	等会儿我打算喝水
denghuierwodasuanhuijia	等会儿我打算回家
denghuierwodasuankaiche	等会儿我打算开车
denghuierwodasuankandianshi	等会儿我打算看电视
denghuierwodasuankandianying	等会儿我打算看电影
denghuierwodasuankanshipin	等会儿我打算看视频
denghuierwodasuankanshu	等会儿我打算看书
denghuierwodasuanliaotian	等会儿我打算聊天
denghuierwodasuanmaidongxi	等会儿我打算买东西
denghuierwodasuanquxuexiao	等会儿我打算去学校
denghuierwodasuanshangban	等会儿我打算上班
denghuierwodasuanshuijue	等会儿我打算睡觉
denghuierwodasuantingyinle	等会儿我打算听音乐
denghuierwodasuanwanyouxi	等会儿我打算玩游戏
denghuierwodasuanxiaban	等会儿我打算下班
denghuierwodasuanxiuxi	等会儿我打算休息
denghuierwodasuanxizao	等会儿我打算洗澡
denghuierwodasuanxuexi	等会儿我打算学习
denghuierwodasuanzuoche	等会儿我打算坐车
denghuierwodasuanzuofan	等会儿我打算做饭
denghuierwodasuanzuofeiji	等会儿我打算坐飞机
denghuierwodasuanzuohuoche	等会儿我打算坐火车
denghuierwodayouxi	等会儿我打游戏
denghuierwofaweixin	等会儿我发微信
denghuierwofaxiaoxi	等会儿我发消息
denghuierwogengxinruanjian	等会儿我更新软件
denghuierwogongzuo	等会儿我工作
denghuierwoguanbiruanjian	等会儿我关闭软件
denghuierwoheshui	等会儿我喝水
denghuierwohuijia	等会儿我回家
denghuierwokaiche	等会儿我开车
denghuierwokandianshi	等会儿我看电视
denghuierwokandianying	等会儿我看电影
denghuierwokanshipin	等会儿我看视频
denghuierwokanshu	等会儿我看书
denghuierwokeyichifan	等会儿我可以吃饭
denghuierwokeyichumen	等会儿我可以出门
denghuierwokeyichuqu	等会儿我可以出去
denghuierwokeyidadianhua	等会儿我可以打电话
denghuierwokeyidayouxi	等会儿我可以打游戏
denghuierwokeyifaweixin	等会儿我可以发微信
denghuierwokeyifaxiaoxi	等会儿我可以发消息
denghuierwokeyigongzuo	等会儿我可以工作
denghuierwokeyiheshui	等会儿我可以喝水
denghuierwokeyihuijia	等会儿我可以回家
denghuierwokeyikaiche	等会儿我可以开车
denghuierwokeyikandianshi	等会儿我可以看电视
denghuierwokeyikandianying	等会儿我可以看电影
denghuierwokeyikanshipin	等会儿我可以看视频
denghuierwokeyikanshu	等会儿我可以看书
denghuierwokeyiliaotian	等会儿我可以聊天
denghuierwokeyimaidongxi	等会儿我可以买东西
denghuierwokeyiquxuexiao	等会儿我可以去学校
denghuierwokeyishangban	等会儿我可以上班
denghuierwokeyishuijue	等会儿我可以睡觉
denghuierwokeyitingyinle	等会儿我可以听音乐
denghuierwokeyiwanyouxi	等会儿我可以玩游戏
denghuierwokeyixiaban	等会儿我可以下班
denghuierwokeyixiuxi	等会儿我可以休息
denghuierwokeyixizao	等会儿我可以洗澡
denghuierwokeyixuexi	等会儿我可以学习
denghuierwokeyizuoche	等会儿我可以坐车
denghuierwokeyizuofan	等会儿我可以做饭
denghuierwokeyizuofeiji	等会儿我可以坐飞机
denghuierwokeyizuohuoche	等会儿我可以坐火车
denghuierwolianjiewangluo	等会儿我连接网络
denghuierwoliaotian	等会儿我聊天
denghuierwomaidongxi	等会儿我买东西
denghuierwomenanzhuangruanjian	等会儿我们安装软件
denghuierwomenbuxiangchifan	等会儿我们不想吃饭
denghuierwomenbuxiangchumen	等会儿我们不想出门
denghuierwomenbuxiangchuqu	等会儿我们不想出去
denghuierwomenbuxiangdadianhua	等会儿我们不想打电话
denghuierwomenbuxiangdayouxi	等会儿我们不想打游戏
denghuierwomenbuxiangfaweixin	等会儿我们不想发微信
denghuierwomenbuxiangfaxiaoxi	等会儿我们不想发消息
denghuierwomenbuxianggongzuo	等会儿我们不想工作
denghuierwomenbuxiangheshui	等会儿我们不想喝水
denghuierwomenbuxianghuijia	等会儿我们不想回家
denghuierwomenbuxiangkaiche	等会儿我们不想开车
denghuierwomenbuxiangkandianshi	等会儿我们不想看电视
denghuierwomenbuxiangkandianying	等会儿我们不想看电影
denghuierwomenbuxiangkanshipin	等会儿我们不想看视频
denghuierwomenbuxiangkanshu	等会儿我们不想看书
denghuierwomenbuxiangliaotian	等会儿我们不想聊天
denghuierwomenbuxiangmaidongxi	等会儿我们不想买东西
denghuierwomenbuxiangquxuexiao	等会儿我们不想去学校
denghuierwomenbuxiangshangban	等会儿我们不想上班
denghuierwomenbuxiangshuijue	等会儿我们不想睡觉
denghuierwomenbuxiangtingyinle	等会儿我们不想听音乐
denghuierwomenbuxiangwanyouxi	等会儿我们不想玩游戏
denghuierwomenbuxiangxiaban	等会儿我们不想下班
denghuierwomenbuxiangxiuxi	等会儿我们不想休息
denghuierwomenbuxiangxizao	等会儿我们不想洗澡
denghuierwomenbuxiangxuexi	等会儿我们不想学习
denghuierwomenbuxiangzuoche	等会儿我们不想坐车
denghuierwomenbuxiangzuofan	等会儿我们不想做饭
denghuierwomenbuxiangzuofeiji	等会儿我们不想坐飞机
denghuierwomenbuxiangzuohuoche	等会儿我们不想坐火车
denghuierwomenbuyaochifan	等会儿我们不要吃饭
denghuierwomenbuyaochumen	等会儿我们不要出门
denghuierwomenbuyaochuqu	等会儿我们不要出去
denghuierwomenbuyaodadianhua	等会儿我们不要打电话
denghuierwomenbuyaodayouxi	等会儿我们不要打游戏
denghuierwomenbuyaofaweixin	等会儿我们不要发微信
denghuierwomenbuyaofaxiaoxi	等会儿我们不要发消息
denghuierwomenbuyaogongzuo	等会儿我们不要工作
denghuierwomenbuyaoheshui	等会儿我们不要喝水
denghuierwomenbuyaohuijia	等会儿我们不要回家
denghuierwomenbuyaokaiche	等会儿我们不要开车
denghuierwomenbuyaokandianshi	等会儿我们不要看电视
denghuierwomenbuyaokandianying	等会儿我们不要看电影
denghuierwomenbuyaokanshipin	等会儿我们不要看视频
denghuierwomenbuyaokanshu	等会儿我们不要看书
denghuierwomenbuyaoliaotian	等会儿我们不要聊天
denghuierwomenbuyaomaidongxi	等会儿我们不要买东西
denghuierwomenbuyaoquxuexiao	等会儿我们不要去学校
denghuierwomenbuyaoshangban	等会儿我们不要上班
denghuierwomenbuyaoshuijue	等会儿我们不要睡觉
denghuierwomenbuyaotingyinle	等会儿我们不要听音乐
denghuierwomenbuyaowanyouxi	等会儿我们不要玩游戏
denghuierwomenbuyaoxiaban	等会儿我们不要下班
denghuierwomenbuyaoxiuxi	等会儿我们不要休息
denghuierwomenbuyaoxizao	等会儿我们不要洗澡
denghuierwomenbuyaoxuexi	等会儿我们不要学习
denghuierwomenbuyaozuoche	等会儿我们不要坐车
denghuierwomenbuyaozuofan	等会儿我们不要做饭
denghuierwomenbuyaozuofeiji	等会儿我们不要坐飞机
denghuierwomenbuyaozuohuoche	等会儿我们不要坐火车
denghuierwomenchifan	等会儿我们吃饭
denghuierwomenchumen	等会儿我们出门
denghuierwomenchuqu	等会儿我们出去
denghuierwomendadianhua	等会儿我们打电话
denghuierwomendakaidiannao	等会儿我们打开电脑
denghuierwomendakairuanjian	等会儿我们打开软件
denghuierwomendasuanchifan	等会儿我们打算吃饭
denghuierwomendasuanchumen	等会儿我们打算出门
denghuierwomendasuanchuqu	等会儿我们打算出去
denghuierwomendasuandadianhua	等会儿我们打算打电话
denghuierwomendasuandayouxi	等会儿我们打算打游戏
denghuierwomendasuanfaweixin	等会儿我们打算发微信
denghuierwomendasuanfaxiaoxi	等会儿我们打算发消息
denghuierwomendasuangongzuo	等会儿我们打算工作
denghuierwomendasuanheshui	等会儿我们打算喝水
denghuierwomendasuanhuijia	等会儿我们打算回家
denghuierwomendasuankaiche	等会儿我们打算开车
denghuierwomendasuankandianshi	等会儿我们打算看电视
denghuierwomendasuankandianying	等会儿我们打算看电影
denghuierwomendasuankanshipin	等会儿我们打算看视频
denghuierwomendasuankanshu	等会儿我们打算看书
denghuierwomendasuanliaotian	等会儿我们打算聊天
denghuierwomendasuanmaidongxi	等会儿我们打算买东西
denghuierwomendasuanquxuexiao	等会儿我们打算去学校
denghuierwomendasuanshangban	等会儿我们打算上班
denghuierwomendasuanshuijue	等会儿我们打算睡觉
denghuierwomendasuantingyinle	等会儿我们打算听音乐
denghuierwomendasuanwanyouxi	等会儿我们打算玩游戏
denghuierwomendasuanxiaban	等会儿我们打算下班
denghuierwomendasuanxiuxi	等会儿我们打算休息
denghuierwomendasuanxizao	等会儿我们打算洗澡
denghuierwomendasuanxuexi	等会儿我们打算学习
denghuierwomendasuanzuoche	等会儿我们打算坐车
denghuierwomendasuanzuofan	等会儿我们打算做饭
denghuierwomendasuanzuofeiji	等会儿我们打算坐飞机
denghuierwomendasuanzuohuoche	等会儿我们打算坐火车
denghuierwomendayouxi	等会儿我们打游戏
denghuierwomenfaweixin	等会儿我们发微信
denghuierwomenfaxiaoxi	等会儿我们发消息
denghuierwomengengxinruanjian	等会儿我们更新软件
denghuierwomengongzuo	等会儿我们工作
denghuierwomenguanbiruanjian	等会儿我们关闭软件
denghuierwomenheshui	等会儿我们喝水
denghuierwomenhuijia	等会儿我们回家
denghuierwomenkaiche	等会儿我们开车
denghuierwomenkandianshi	等会儿我们看电视
denghuierwomenkandianying	等会儿我们看电影
denghuierwomenkanshipin	等会儿我们看视频
denghuierwomenkanshu	等会儿我们看书
denghuierwomenkeyichifan	等会儿我们可以吃饭
denghuierwomenkeyichumen	等会儿我们可以出门
denghuierwomenkeyichuqu	等会儿我们可以出去
denghuierwomenkeyidadianhua	等会儿我们可以打电话
denghuierwomenkeyidayouxi	等会儿我们可以打游戏
denghuierwomenkeyifaweixin	等会儿我们可以发微信
denghuierwomenkeyifaxiaoxi	等会儿我们可以发消息
denghuierwomenkeyigongzuo	等会儿我们可以工作
denghuierwomenkeyiheshui	等会儿我们可以喝水
denghuierwomenkeyihuijia	等会儿我们可以回家
denghuierwomenkeyikaiche	等会儿我们可以开车
denghuierwomenkeyikandianshi	等会儿我们可以看电视
denghuierwomenkeyikandianying	等会儿我们可以看电影
denghuierwomenkeyikanshipin	等会儿我们可以看视频
denghuierwomenkeyikanshu	等会儿我们可以看书
denghuierwomenkeyiliaotian	等会儿我们可以聊天
denghuierwomenkeyimaidongxi	等会儿我们可以买东西
denghuierwomenkeyiquxuexiao	等会儿我们可以去学校
denghuierwomenkeyishangban	等会儿我们可以上班
denghuierwomenkeyishuijue	等会儿我们可以睡觉
denghuierwomenkeyitingyinle	等会儿我们可以听音乐
denghuierwomenkeyiwanyouxi	等会儿我们可以玩游戏
denghuierwomenkeyixiaban	等会儿我们可以下班
denghuierwomenkeyixiuxi	等会儿我们可以休息
denghuierwomenkeyixizao	等会儿我们可以洗澡
denghuierwomenkeyixuexi	等会儿我们可以学习
denghuierwomenkeyizuoche	等会儿我们可以坐车
denghuierwomenkeyizuofan	等会儿我们可以做饭
denghuierwomenkeyizuofeiji	等会儿我们可以坐飞机
denghuierwomenkeyizuohuoche	等会儿我们可以坐火车
denghuierwomenlianjiewangluo	等会儿我们连接网络
denghuierwomenliaotian	等会儿我们聊天
denghuierwomenmaidongxi	等会儿我们买东西
denghuierwomennengchifan	等会儿我们能吃饭
denghuierwomennengchumen	等会儿我们能出门
denghuierwomennengchuqu	等会儿我们能出去
denghuierwomennengdadianhua	等会儿我们能打电话
denghuierwomennengdayouxi	等会儿我们能打游戏
denghuierwomennengfaweixin	等会儿我们能发微信
denghuierwomennengfaxiaoxi	等会儿我们能发消息
denghuierwomennenggongzuo	等会儿我们能工作
denghuierwomennengheshui	等会儿我们能喝水
denghuierwomennenghuijia	等会儿我们能回家
denghuierwomennengkaiche	等会儿我们能开车
denghuierwomennengkandianshi	等会儿我们能看电视
denghuierwomennengkandianying	等会儿我们能看电影
denghuierwomennengkanshipin	等会儿我们能看视频
denghuierwomennengkanshu	等会儿我们能看书
denghuierwomennengliaotian	等会儿我们能聊天
denghuierwomennengmaidongxi	等会儿我们能买东西
denghuierwomennengquxuexiao	等会儿我们能去学校
denghuierwomennengshangban	等会儿我们能上班
denghuierwomennengshuijue	等会儿我们能睡觉
denghuierwomennengtingyinle	等会儿我们能听音乐
denghuierwomennengwanyouxi	等会儿我们能玩游戏
denghuierwomennengxiaban	等会儿我们能下班
denghuierwomennengxiuxi	等会儿我们能休息
denghuierwomennengxizao	等会儿我们能洗澡
denghuierwomennengxuexi	等会儿我们能学习
denghuierwomennengzuoche	等会儿我们能坐车
denghuierwomennengzuofan	等会儿我们能做饭
denghuierwomennengzuofeiji	等会儿我们能坐飞机
denghuierwomennengzuohuoche	等会儿我们能坐火车
denghuierwomenpaizhaopian	等会儿我们拍照片
denghuierwomenqubeijing	等会儿我们去北京
denghuierwomenquchaoshi	等会儿我们去超市
denghuierwomenqugongsi	等会儿我们去公司
denghuierwomenquguangzhou	等会儿我们去广州
denghuierwomenqushangchang	等会儿我们去商场
denghuierwomenqushanghai	等会儿我们去上海
denghuierwomenqushenzhen	等会儿我们去深圳
denghuierwomenquxuexiao	等会儿我们去学校
denghuierwomenquyiyuan	等会儿我们去医院
denghuierwomenshangban	等会儿我们上班
denghuierwomenshiyongdiannao	等会儿我们使用电脑
denghuierwomenshiyongshouji	等会儿我们使用手机
denghuierwomenshuijue	等会儿我们睡觉
denghuierwomentingyinle	等会儿我们听音乐
denghuierwomenwanyouxi	等会儿我们玩游戏
denghuierwomenxiaban	等会儿我们下班
denghuierwomenxiangchifan	等会儿我们想吃饭
denghuierwomenxiangchumen	等会儿我们想出门
denghuierwomenxiangchuqu	等会儿我们想出去
denghuierwomenxiangdadianhua	等会儿我们想打电话
denghuierwomenxiangdayouxi	等会儿我们想打游戏
denghuierwomenxiangfaweixin	等会儿我们想发微信
denghuierwomenxiangfaxiaoxi	等会儿我们想发消息
denghuierwomenxianggongzuo	等会儿我们想工作
denghuierwomenxiangheshui	等会儿我们想喝水
denghuierwomenxianghuijia	等会儿我们想回家
denghuierwomenxiangkaiche	等会儿我们想开车
denghuierwomenxiangkandianshi	等会儿我们想看电视
denghuierwomenxiangkandianying	等会儿我们想看电影
denghuierwomenxiangkanshipin	等会儿我们想看视频
denghuierwomenxiangkanshu	等会儿我们想看书
denghuierwomenxiangliaotian	等会儿我们想聊天
denghuierwomenxiangmaidongxi	等会儿我们想买东西
denghuierwomenxiangquxuexiao	等会儿我们想去学校
denghuierwomenxiangshangban	等会儿我们想上班
denghuierwomenxiangshuijue	等会儿我们想睡觉
denghuierwomenxiangtingyinle	等会儿我们想听音乐
denghuierwomenxiangwanyouxi	等会儿我们想玩游戏
denghuierwomenxiangxiaban	等会儿我们想下班
denghuierwomenxiangxiuxi	等会儿我们想休息
denghuierwomenxiangxizao	等会儿我们想洗澡
denghuierwomenxiangxuexi	等会儿我们想学习
denghuierwomenxiangyaochifan	等会儿我们想要吃饭
denghuierwomenxiangyaochumen	等会儿我们想要出门
denghuierwomenxiangyaochuqu	等会儿我们想要出去
denghuierwomenxiangyaodadianhua	等会儿我们想要打电话
denghuierwomenxiangyaodayouxi	等会儿我们想要打游戏
denghuierwomenxiangyaofaweixin	等会儿我们想要发微信
denghuierwomenxiangyaofaxiaoxi	等会儿我们想要发消息
denghuierwomenxiangyaogongzuo	等会儿我们想要工作
denghuierwomenxiangyaoheshui	等会儿我们想要喝水
denghuierwomenxiangyaohuijia	等会儿我们想要回家
denghuierwomenxiangyaokaiche	等会儿我们想要开车
denghuierwomenxiangyaokandianshi	等会儿我们想要看电视
denghuierwomenxiangyaokandianying	等会儿我们想要看电影
denghuierwomenxiangyaokanshipin	等会儿我们想要看视频
denghuierwomenxiangyaokanshu	等会儿我们想要看书
denghuierwomenxiangyaoliaotian	等会儿我们想要聊天
denghuierwomenxiangyaomaidongxi	等会儿我们想要买东西
denghuierwomenxiangyaoquxuexiao	等会儿我们想要去学校
denghuierwomenxiangyaoshangban	等会儿我们想要上班
denghuierwomenxiangyaoshuijue	等会儿我们想要睡觉
denghuierwomenxiangyaotingyinle	等会儿我们想要听音乐
denghuierwomenxiangyaowanyouxi	等会儿我们想要玩游戏
denghuierwomenxiangyaoxiaban	等会儿我们想要下班
denghuierwomenxiangyaoxiuxi	等会儿我们想要休息
denghuierwomenxiangyaoxizao	等会儿我们想要洗澡
denghuierwomenxiangyaoxuexi	等会儿我们想要学习
denghuierwomenxiangyaozuoche	等会儿我们想要坐车
denghuierwomenxiangyaozuofan	等会儿我们想要做饭
denghuierwomenxiangyaozuofeiji	等会儿我们想要坐飞机
denghuierwomenxiangyaozuohuoche	等会儿我们想要坐火车
denghuierwomenxiangzuoche	等会儿我们想坐车
denghuierwomenxiangzuofan	等会儿我们想做饭
denghuierwomenxiangzuofeiji	等会儿我们想坐飞机
denghuierwomenxiangzuohuoche	等会儿我们想坐火车
denghuierwomenxiugaishezhi	等会儿我们修改设置
denghuierwomenxiuxi	等会儿我们休息
denghuierwomenxizao	等会儿我们洗澡
denghuierwomenxuexi	等会儿我们学习
denghuierwomenxuyaochifan	等会儿我们需要吃饭
denghuierwomenxuyaochumen	等会儿我们需要出门
denghuierwomenxuyaochuqu	等会儿我们需要出去
denghuierwomenxuyaodadianhua	等会儿我们需要打电话
denghuierwomenxuyaodayouxi	等会儿我们需要打游戏
denghuierwomenxuyaofaweixin	等会儿我们需要发微信
denghuierwomenxuyaofaxiaoxi	等会儿我们需要发消息
denghuierwomenxuyaogongzuo	等会儿我们需要工作
denghuierwomenxuyaoheshui	等会儿我们需要喝水
denghuierwomenxuyaohuijia	等会儿我们需要回家
denghuierwomenxuyaokaiche	等会儿我们需要开车
denghuierwomenxuyaokandianshi	等会儿我们需要看电视
denghuierwomenxuyaokandianying	等会儿我们需要看电影
denghuierwomenxuyaokanshipin	等会儿我们需要看视频
denghuierwomenxuyaokanshu	等会儿我们需要看书
denghuierwomenxuyaoliaotian	等会儿我们需要聊天
denghuierwomenxuyaomaidongxi	等会儿我们需要买东西
denghuierwomenxuyaoquxuexiao	等会儿我们需要去学校
denghuierwomenxuyaoshangban	等会儿我们需要上班
denghuierwomenxuyaoshuijue	等会儿我们需要睡觉
denghuierwomenxuyaotingyinle	等会儿我们需要听音乐
denghuierwomenxuyaowanyouxi	等会儿我们需要玩游戏
denghuierwomenxuyaoxiaban	等会儿我们需要下班
denghuierwomenxuyaoxiuxi	等会儿我们需要休息
denghuierwomenxuyaoxizao	等会儿我们需要洗澡
denghuierwomenxuyaoxuexi	等会儿我们需要学习
denghuierwomenxuyaozuoche	等会儿我们需要坐车
denghuierwomenxuyaozuofan	等会儿我们需要做饭
denghuierwomenxuyaozuofeiji	等会儿我们需要坐飞机
denghuierwomenxuyaozuohuoche	等会儿我们需要坐火车
denghuierwomenyaochifan	等会儿我们要吃饭
denghuierwomenyaochumen	等会儿我们要出门
denghuierwomenyaochuqu	等会儿我们要出去
denghuierwomenyaodadianhua	等会儿我们要打电话
denghuierwomenyaodayouxi	等会儿我们要打游戏
denghuierwomenyaofaweixin	等会儿我们要发微信
denghuierwomenyaofaxiaoxi	等会儿我们要发消息
denghuierwomenyaogongzuo	等会儿我们要工作
denghuierwomenyaoheshui	等会儿我们要喝水
denghuierwomenyaohuijia	等会儿我们要回家
denghuierwomenyaokaiche	等会儿我们要开车
denghuierwomenyaokandianshi	等会儿我们要看电视
denghuierwomenyaokandianying	等会儿我们要看电影
denghuierwomenyaokanshipin	等会儿我们要看视频
denghuierwomenyaokanshu	等会儿我们要看书
denghuierwomenyaoliaotian	等会儿我们要聊天
denghuierwomenyaomaidongxi	等会儿我们要买东西
denghuierwomenyaoquxuexiao	等会儿我们要去学校
denghuierwomenyaoshangban	等会儿我们要上班
denghuierwomenyaoshuijue	等会儿我们要睡觉
denghuierwomenyaotingyinle	等会儿我们要听音乐
denghuierwomenyaowanyouxi	等会儿我们要玩游戏
denghuierwomenyaoxiaban	等会儿我们要下班
denghuierwomenyaoxiuxi	等会儿我们要休息
denghuierwomenyaoxizao	等会儿我们要洗澡
denghuierwomenyaoxuexi	等会儿我们要学习
denghuierwomenyaozuoche	等会儿我们要坐车
denghuierwomenyaozuofan	等会儿我们要做饭
denghuierwomenyaozuofeiji	等会儿我们要坐飞机
denghuierwomenyaozuohuoche	等会儿我们要坐火车
denghuierwomenzhunbeichifan	等会儿我们准备吃饭
denghuierwomenzhunbeichumen	等会儿我们准备出门
denghuierwomenzhunbeichuqu	等会儿我们准备出去
denghuierwomenzhunbeidadianhua	等会儿我们准备打电话
denghuierwomenzhunbeidayouxi	等会儿我们准备打游戏
denghuierwomenzhunbeifaweixin	等会儿我们准备发微信
denghuierwomenzhunbeifaxiaoxi	等会儿我们准备发消息
denghuierwomenzhunbeigongzuo	等会儿我们准备工作
denghuierwomenzhunbeiheshui	等会儿我们准备喝水
denghuierwomenzhunbeihuijia	等会儿我们准备回家
denghuierwomenzhunbeikaiche	等会儿我们准备开车
denghuierwomenzhunbeikandianshi	等会儿我们准备看电视
denghuierwomenzhunbeikandianying	等会儿我们准备看电影
denghuierwomenzhunbeikanshipin	等会儿我们准备看视频
denghuierwomenzhunbeikanshu	等会儿我们准备看书
denghuierwomenzhunbeiliaotian	等会儿我们准备聊天
denghuierwomenzhunbeimaidongxi	等会儿我们准备买东西
denghuierwomenzhunbeiquxuexiao	等会儿我们准备去学校
denghuierwomenzhunbeishangban	等会儿我们准备上班
denghuierwomenzhunbeishuijue	等会儿我们准备睡觉
denghuierwomenzhunbeitingyinle	等会儿我们准备听音乐
denghuierwomenzhunbeiwanyouxi	等会儿我们准备玩游戏
denghuierwomenzhunbeixiaban	等会儿我们准备下班
denghuierwomenzhunbeixiuxi	等会儿我们准备休息
denghuierwomenzhunbeixizao	等会儿我们准备洗澡
denghuierwomenzhunbeixuexi	等会儿我们准备学习
denghuierwomenzhunbeizuoche	等会儿我们准备坐车
denghuierwomenzhunbeizuofan	等会儿我们准备做饭
denghuierwomenzhunbeizuofeiji	等会儿我们准备坐飞机
denghuierwomenzhunbeizuohuoche	等会儿我们准备坐火车
denghuierwomenzuoche	等会儿我们坐车
denghuierwomenzuofan	等会儿我们做饭
denghuierwomenzuofeiji	等会儿我们坐飞机
denghuierwomenzuohuoche	等会儿我们坐火车
denghuierwonengchifan	等会儿我能吃饭
denghuierwonengchumen	等会儿我能出门
denghuierwonengchuqu	等会儿我能出去
denghuierwonengdadianhua	等会儿我能打电话
denghuierwonengdayouxi	等会儿我能打游戏
denghuierwonengfaweixin	等会儿我能发微信
denghuierwonengfaxiaoxi	等会儿我能发消息
denghuierwonenggongzuo	等会儿我能工作
denghuierwonengheshui	等会儿我能喝水
denghuierwonenghuijia	等会儿我能回家
denghuierwonengkaiche	等会儿我能开车
denghuierwonengkandianshi	等会儿我能看电视
denghuierwonengkandianying	等会儿我能看电影
denghuierwonengkanshipin	等会儿我能看视频
denghuierwonengkanshu	等会儿我能看书
denghuierwonengliaotian	等会儿我能聊天
denghuierwonengmaidongxi	等会儿我能买东西
denghuierwonengquxuexiao	等会儿我能去学校
denghuierwonengshangban	等会儿我能上班
denghuierwonengshuijue	等会儿我能睡觉
denghuierwonengtingyinle	等会儿我能听音乐
denghuierwonengwanyouxi	等会儿我能玩游戏
denghuierwonengxiaban	等会儿我能下班
denghuierwonengxiuxi	等会儿我能休息
denghuierwonengxizao	等会儿我能洗澡
denghuierwonengxuexi	等会儿我能学习
denghuierwonengzuoche	等会儿我能坐车
denghuierwonengzuofan	等会儿我能做饭
denghuierwonengzuofeiji	等会儿我能坐飞机
denghuierwonengzuohuoche	等会儿我能坐火车
denghuierwopaizhaopian	等会儿我拍照片
denghuierwoqubeijing	等会儿我去北京
denghuierwoquchaoshi	等会儿我去超市
denghuierwoqugongsi	等会儿我去公司
denghuierwoquguangzhou	等会儿我去广州
denghuierwoqushangchang	等会儿我去商场
denghuierwoqushanghai	等会儿我去上海
denghuierwoqushenzhen	等会儿我去深圳
denghuierwoquxuexiao	等会儿我去学校
denghuierwoquyiyuan	等会儿我去医院
denghuierwoshangban	等会儿我上班
denghuierwoshiyongdiannao	等会儿我使用电脑
denghuierwoshiyongshouji	等会儿我使用手机
denghuierwoshuijue	等会儿我睡觉
denghuierwotingyinle	等会儿我听音乐
denghuierwowanyouxi	等会儿我玩游戏
denghuierwoxiaban	等会儿我下班
denghuierwoxiangchifan	等会儿我想吃饭
denghuierwoxiangchumen	等会儿我想出门
denghuierwoxiangchuqu	等会儿我想出去
denghuierwoxiangdadianhua	等会儿我想打电话
denghuierwoxiangdayouxi	等会儿我想打游戏
denghuierwoxiangfaweixin	等会儿我想发微信
denghuierwoxiangfaxiaoxi	等会儿我想发消息
denghuierwoxianggongzuo	等会儿我想工作
denghuierwoxiangheshui	等会儿我想喝水
denghuierwoxianghuijia	等会儿我想回家
denghuierwoxiangkaiche	等会儿我想开车
denghuierwoxiangkandianshi	等会儿我想看电视
denghuierwoxiangkandianying	等会儿我想看电影
denghuierwoxiangkanshipin	等会儿我想看视频
denghuierwoxiangkanshu	等会儿我想看书
denghuierwoxiangliaotian	等会儿我想聊天
denghuierwoxiangmaidongxi	等会儿我想买东西
denghuierwoxiangquxuexiao	等会儿我想去学校
denghuierwoxiangshangban	等会儿我想上班
denghuierwoxiangshuijue	等会儿我想睡觉
denghuierwoxiangtingyinle	等会儿我想听音乐
denghuierwoxiangwanyouxi	等会儿我想玩游戏
denghuierwoxiangxiaban	等会儿我想下班
denghuierwoxiangxiuxi	等会儿我想休息
denghuierwoxiangxizao	等会儿我想洗澡
denghuierwoxiangxuexi	等会儿我想学习
denghuierwoxiangyaochifan	等会儿我想要吃饭
denghuierwoxiangyaochumen	等会儿我想要出门
denghuierwoxiangyaochuqu	等会儿我想要出去
denghuierwoxiangyaodadianhua	等会儿我想要打电话
denghuierwoxiangyaodayouxi	等会儿我想要打游戏
denghuierwoxiangyaofaweixin	等会儿我想要发微信
denghuierwoxiangyaofaxiaoxi	等会儿我想要发消息
denghuierwoxiangyaogongzuo	等会儿我想要工作
denghuierwoxiangyaoheshui	等会儿我想要喝水
denghuierwoxiangyaohuijia	等会儿我想要回家
denghuierwoxiangyaokaiche	等会儿我想要开车
denghuierwoxiangyaokandianshi	等会儿我想要看电视
denghuierwoxiangyaokandianying	等会儿我想要看电影
denghuierwoxiangyaokanshipin	等会儿我想要看视频
denghuierwoxiangyaokanshu	等会儿我想要看书
denghuierwoxiangyaoliaotian	等会儿我想要聊天
denghuierwoxiangyaomaidongxi	等会儿我想要买东西
denghuierwoxiangyaoquxuexiao	等会儿我想要去学校
denghuierwoxiangyaoshangban	等会儿我想要上班
denghuierwoxiangyaoshuijue	等会儿我想要睡觉
denghuierwoxiangyaotingyinle	等会儿我想要听音乐
denghuierwoxiangyaowanyouxi	等会儿我想要玩游戏
denghuierwoxiangyaoxiaban	等会儿我想要下班
denghuierwoxiangyaoxiuxi	等会儿我想要休息
denghuierwoxiangyaoxizao	等会儿我想要洗澡
denghuierwoxiangyaoxuexi	等会儿我想要学习
denghuierwoxiangyaozuoche	等会儿我想要坐车
denghuierwoxiangyaozuofan	等会儿我想要做饭
denghuierwoxiangyaozuofeiji	等会儿我想要坐飞机
denghuierwoxiangyaozuohuoche	等会儿我想要坐火车
denghuierwoxiangzuoche	等会儿我想坐车
denghuierwoxiangzuofan	等会儿我想做饭
denghuierwoxiangzuofeiji	等会儿我想坐飞机
denghuierwoxiangzuohuoche	等会儿我想坐火车
denghuierwoxiugaishezhi	等会儿我修改设置
denghuierwoxiuxi	等会儿我休息
denghuierwoxizao	等会儿我洗澡
denghuierwoxuexi	等会儿我学习
denghuierwoxuyaochifan	等会儿我需要吃饭
denghuierwoxuyaochumen	等会儿我需要出门
denghuierwoxuyaochuqu	等会儿我需要出去
denghuierwoxuyaodadianhua	等会儿我需要打电话
denghuierwoxuyaodayouxi	等会儿我需要打游戏
denghuierwoxuyaofaweixin	等会儿我需要发微信
denghuierwoxuyaofaxiaoxi	等会儿我需要发消息
denghuierwoxuyaogongzuo	等会儿我需要工作
denghuierwoxuyaoheshui	等会儿我需要喝水
denghuierwoxuyaohuijia	等会儿我需要回家
denghuierwoxuyaokaiche	等会儿我需要开车
denghuierwoxuyaokandianshi	等会儿我需要看电视
denghuierwoxuyaokandianying	等会儿我需要看电影
denghuierwoxuyaokanshipin	等会儿我需要看视频
denghuierwoxuyaokanshu	等会儿我需要看书
denghuierwoxuyaoliaotian	等会儿我需要聊天
denghuierwoxuyaomaidongxi	等会儿我需要买东西
denghuierwoxuyaoquxuexiao	等会儿我需要去学校
denghuierwoxuyaoshangban	等会儿我需要上班
denghuierwoxuyaoshuijue	等会儿我需要睡觉
denghuierwoxuyaotingyinle	等会儿我需要听音乐
denghuierwoxuyaowanyouxi	等会儿我需要玩游戏
denghuierwoxuyaoxiaban	等会儿我需要下班
denghuierwoxuyaoxiuxi	等会儿我需要休息
denghuierwoxuyaoxizao	等会儿我需要洗澡
denghuierwoxuyaoxuexi	等会儿我需要学习
denghuierwoxuyaozuoche	等会儿我需要坐车
denghuierwoxuyaozuofan	等会儿我需要做饭
denghuierwoxuyaozuofeiji	等会儿我需要坐飞机
denghuierwoxuyaozuohuoche	等会儿我需要坐火车
denghuierwoyaochifan	等会儿我要吃饭
denghuierwoyaochumen	等会儿我要出门
denghuierwoyaochuqu	等会儿我要出去
denghuierwoyaodadianhua	等会儿我要打电话
denghuierwoyaodayouxi	等会儿我要打游戏
denghuierwoyaofaweixin	等会儿我要发微信
denghuierwoyaofaxiaoxi	等会儿我要发消息
denghuierwoyaogongzuo	等会儿我要工作
denghuierwoyaoheshui	等会儿我要喝水
denghuierwoyaohuijia	等会儿我要回家
denghuierwoyaokaiche	等会儿我要开车
denghuierwoyaokandianshi	等会儿我要看电视
denghuierwoyaokandianying	等会儿我要看电影
denghuierwoyaokanshipin	等会儿我要看视频
denghuierwoyaokanshu	等会儿我要看书
denghuierwoyaoliaotian	等会儿我要聊天
denghuierwoyaomaidongxi	等会儿我要买东西
denghuierwoyaoquxuexiao	等会儿我要去学校
denghuierwoyaoshangban	等会儿我要上班
denghuierwoyaoshuijue	等会儿我要睡觉
denghuierwoyaotingyinle	等会儿我要听音乐
denghuierwoyaowanyouxi	等会儿我要玩游戏
denghuierwoyaoxiaban	等会儿我要下班
denghuierwoyaoxiuxi	等会儿我要休息
denghuierwoyaoxizao	等会儿我要洗澡
denghuierwoyaoxuexi	等会儿我要学习
denghuierwoyaozuoche	等会儿我要坐车
denghuierwoyaozuofan	等会儿我要做饭
denghuierwoyaozuofeiji	等会儿我要坐飞机
denghuierwoyaozuohuoche	等会儿我要坐火车
denghuierwozhunbeichifan	等会儿我准备吃饭
denghuierwozhunbeichumen	等会儿我准备出门
denghuierwozhunbeichuqu	等会儿我准备出去
denghuierwozhunbeidadianhua	等会儿我准备打电话
denghuierwozhunbeidayouxi	等会儿我准备打游戏
denghuierwozhunbeifaweixin	等会儿我准备发微信
denghuierwozhunbeifaxiaoxi	等会儿我准备发消息
denghuierwozhunbeigongzuo	等会儿我准备工作
denghuierwozhunbeiheshui	等会儿我准备喝水
denghuierwozhunbeihuijia	等会儿我准备回家
denghuierwozhunbeikaiche	等会儿我准备开车
denghuierwozhunbeikandianshi	等会儿我准备看电视
denghuierwozhunbeikandianying	等会儿我准备看电影
denghuierwozhunbeikanshipin	等会儿我准备看视频
denghuierwozhunbeikanshu	等会儿我准备看书
denghuierwozhunbeiliaotian	等会儿我准备聊天
denghuierwozhunbeimaidongxi	等会儿我准备买东西
denghuierwozhunbeiquxuexiao	等会儿我准备去学校
denghuierwozhunbeishangban	等会儿我准备上班
denghuierwozhunbeishuijue	等会儿我准备睡觉
denghuierwozhunbeitingyinle	等会儿我准备听音乐
denghuierwozhunbeiwanyouxi	等会儿我准备玩游戏
denghuierwozhunbeixiaban	等会儿我准备下班
denghuierwozhunbeixiuxi	等会儿我准备休息
denghuierwozhunbeixizao	等会儿我准备洗澡
denghuierwozhunbeixuexi	等会儿我准备学习
denghuierwozhunbeizuoche	等会儿我准备坐车
denghuierwozhunbeizuofan	等会儿我准备做饭
denghuierwozhunbeizuofeiji	等会儿我准备坐飞机
denghuierwozhunbeizuohuoche	等会儿我准备坐火车
denghuierwozuoche	等会儿我坐车
denghuierwozuofan	等会儿我做饭
denghuierwozuofeiji	等会儿我坐飞机
denghuierwozuohuoche	等会儿我坐火车
denglu	登录
dengwoyixia	等我一下
dengyixia	等一下
detiezhan	地铁站
di	低	第	嘀	坻	堤	娣	嫡	帝	底	弟	抵	敌	柢	棣	氐	涤
dia	嗲
dian	点	佃	典	坫	垫	奠	巅	店	惦	掂	殿	淀	滇	玷	电	甸
dianchi	电池
dianliang	电量
diannao	电脑
dianwaimai	点外卖
diao	凋	刁	叼	吊	掉	碉	调	貂	钓	铞	铫	雕	鲷
didi	弟弟
die	叠	喋	垤	堞	揲	爹	牒	瓞	碟	耋	蝶	谍	跌	蹀	迭	鲽
ding	丁	仃	叮	啶	定	玎	疔	盯	碇	耵	腚	订	酊	钉	锭	顶
diu	丢	铥
dong	动	东	侗	冬	冻	咚	垌	岽	峒	恫	懂	栋	氡	洞	硐	胨
donghua	动画
dongtian	冬天
dou	都	兜	抖	斗	痘	窦	篼	蔸	蚪	豆	逗	钭	陡
du	嘟	堵	妒	度	杜	椟	毒	渎	渡	牍	犊	独	督	睹	笃	肚
duan	短	断	椴	段	煅	端	簖	缎	锻
duankai	断开
dui	对	兑	堆	怼	憝	碓	队
duibuqi	对不起
dun	吨	囤	墩	敦	沌	炖	盹	盾	砘	礅	趸	蹲	遁	钝	镦	顿
duo	多	剁	咄	哆	哚	垛	堕	夺	惰	掇	朵	缍	舵	裰	跺	踱
dushu	读书
e	饿	俄	厄	呃	噩	垩	娥	婀	屙	峨	恶	愕	扼	腭	苊	莪
ei	诶
en	恩	摁	蒽
er	而	二	儿	尔	洱	珥	耳	贰	迩	铒	饵	鲕	鸸
erzi	儿子
fa	发	法	乏	伐	垡	珐	砝	筏	罚	阀
faguo	法国
fan	凡	反	帆	幡	梵	樊	泛	烦	燔	犯	畈	番	矾	繁	翻	范
fandian	饭店
fang	方	仿	匚	坊	妨	房	放	枋	纺	肪	舫	芳	访	邡	钫	防
fangfa	方法
fanhui	返回
fanyi	翻译
fashipin	发视频
fasong	发送
faweixin	发微信
faxiaoxi	发消息
fazhaopian	发照片
fei	匪	吠	啡	妃	废	悱	扉	斐	榧	沸	淝	狒	痱	篚	绯	翡
feichangganxie	非常感谢
fen	分	份	偾	吩	坟	奋	忿	愤	棼	氛	汾	瀵	焚	粉	粪	纷
feng	丰	俸	冯	凤	唪	奉	封	峰	枫	沣	烽	疯	砜	缝	葑	蜂
fou	否	缶
fu	付	伏	佛	俘	俯	傅	凫	副	匐	呋	呒	咐	复	夫	妇	孚
fujin	附近
fuqin	父亲
fuwuqi	服务器
fuza	复杂
fuzhi	复制
ga	嘎	噶	尕	尜	尬	旮	钆
gai	丐	垓	戤	改	概	溉	盖	该	赅	钙	陔
gan	坩	尴	干	感	擀	敢	旰	杆	柑	橄	泔	淦	澉	甘	疳	矸
gang	冈	刚	岗	戆	杠	港	筻	纲	缸	罡	肛	钢
gangcai	刚才
gao	高	告	搞	杲	槁	槔	皋	睾	稿	篙	糕	缟	羔	膏	藁	诰
gaodu	高度
ge	个	仡	割	各	咯	哥	哿	嗝	圪	塥	戈	搁	搿	格	歌	疙
gege	哥哥
gei	给
gen	亘	哏	根	艮	茛	跟
geng	哽	埂	庚	更	梗	绠	羹	耕	耿	赓	鲠
gengxin	更新
gengxinruanjian	更新软件
gengxinshibai	更新失败
gengxinyuyanbao	更新语言包
gong	公	工	供	共	功	宫	巩	廾	弓	恭	拱	攻	汞	珙	肱	蚣
gongneng	功能
gongsi	公司
gongzuo	工作
gou	佝	勾	垢	够	媾	岣	彀	构	枸	沟	狗	笱	篝	缑	苟	觏
gu	估	古	呱	咕	嘏	固	姑	孤	崮	故	梏	毂	汩	沽	牯	牿
gua	刮	剐	卦	寡	挂	栝	瓜	胍	褂	诖	鸹
guafeng	刮风
guai	乖	怪	拐	掴
guan	倌	关	冠	官	惯	掼	棺	涫	灌	盥	管	罐	莞	观	贯	馆
guanbi	关闭
guanbiruanjian	关闭软件
guanbiwenjian	关闭文件
guanfangcangku	官方仓库
guang	光	咣	广	桄	犷	胱	逛
guangzhou	广州
gui	刽	刿	匦	圭	妫	宄	庋	归	晷	柜	桂	桧	瑰	癸	皈	硅
gun	丨	棍	滚	磙	绲	衮	辊	鲧
guo	国	过	呙	埚	崞	帼	果	椁	猓	聒	虢	蜾	蝈	裹	郭	锅
guzhang	故障
ha	哈	蛤	铪
hai	还	亥	咳	嗨	孩	害	氦	海	胲	醢	骇	骸
haizi	孩子
han	函	含	喊	寒	悍	憨	憾	捍	撖	撼	旱	晗	汉	汗	涵	瀚
hang	夯	杭	沆	绗	航	颃
hanguo	韩国
hanyu	韩语
hanzi	汉字
hao	好	号	嗥	嚆	嚎	壕	昊	毫	浩	濠	灏	皓	耗	蒿	薅	蚝
haoba	好吧
haobuhao	好不好
haochi	好吃
haode	好的
he	和	何	劾	合	呵	喝	嗬	壑	曷	核	河	涸	盍	盒	禾	纥
hecha	喝茶
hei	嘿	黑
hekafei	喝咖啡
hen	很	恨	狠	痕
heng	亨	哼	恒	桁	横	珩	蘅	衡
heshui	喝水
hong	哄	宏	弘	泓	洪	烘	红	荭	蕻	薨	虹	訇	讧	轰	闳	鸿
hou	后	侯	候	厚	吼	喉	堠	後	猴	瘊	篌	糇	逅	骺	鲎
houmian	后面
houtai	后台
houtian	后天
houxuan	候选
houxuanci	候选词
houxuanlan	候选栏
hu	乎	互	冱	呼	唬	唿	囫	壶	岵	弧	忽	怙	惚	户	戽	扈
hua	划	化	华	哗	桦	滑	猾	画	砉	花	话	铧	骅
huai	坏	徊	怀	槐	淮	踝
huan	唤	圜	奂	宦	寰	幻	患	换	擐	桓	欢	洹	浣	涣	漶	焕
huang	凰	幌	徨	恍	惶	慌	晃	湟	潢	煌	璜	癀	皇	磺	篁	簧
huaxingshuru	滑行输入
hui	会	回	卉	咴	哕	喙	彗	徽	恚	恢	悔	惠	慧	挥	晖	晦
huifu	恢复
huifushezhi	恢复设置
huijia	回家
huitoujian	回头见
huiyi	会议
hun	婚	昏	浑	混	溷	珲	荤	诨	阍	馄	魂
huo	伙	劐	嚯	夥	惑	或	攉	活	火	祸	耠	获	藿	蠖	豁	货
huochezhan	火车站
huoguo	火锅
ipad	iPad
iphone	iPhone
ji	几	丌	乩	亟	伎	佶	偈	冀	击	剂	剞	即	及	叽	吉	咭
jia	假	家	价	伽	佳	加	嘉	夹	嫁	岬	恝	戛	架	枷	浃	珈
jiaban	加班
jiali	家里
jian	见	间	件	俭	健	僭	兼	减	剑	剪	囝	坚	奸	尖	建	戋
jiancha	检查
jiandan	简单
jiang	将	僵	匠	奖	姜	桨	江	洚	浆	犟	疆	礓	糨	绛	缰	耩
jianpan	键盘
jianpanbuju	键盘布局
jianpanpifu	键盘皮肤
jianrong	兼容
jianrongxing	兼容性
jiantieban	剪贴板
jiao	交	佼	侥	僬	剿	叫	噍	姣	娇	峤	徼	挢	搅	教	敫	椒
jiaozi	饺子
jiaren	家人
jichang	机场
jidan	鸡蛋
jie	介	借	劫	卩	喈	嗟	姐	婕	孑	届	戒	截	拮	捷	接	揭
jieguo	结果
jiejie	姐姐
jiemian	界面
jieshi	解释
jieshou	接收
jieshu	结束
jihua	计划
jin	近	进	仅	今	劲	卺	噤	堇	妗	尽	巾	廑	斤	晋	槿	津
jindu	进度
jing	经	井	京	儆	兢	净	刭	境	婧	弪	径	惊	憬	敬	旌	景
jinnian	今年
jintian	今天
jintiannianzhuangruanjian	今天你安装软件
jintiannibuxiangchifan	今天你不想吃饭
jintiannibuxiangchumen	今天你不想出门
jintiannibuxiangchuqu	今天你不想出去
jintiannibuxiangdadianhua	今天你不想打电话
jintiannibuxiangdayouxi	今天你不想打游戏
jintiannibuxiangfaweixin	今天你不想发微信
jintiannibuxiangfaxiaoxi	今天你不想发消息
jintiannibuxianggongzuo	今天你不想工作
jintiannibuxiangheshui	今天你不想喝水
jintiannibuxianghuijia	今天你不想回家
jintiannibuxiangkaiche	今天你不想开车
jintiannibuxiangkandianshi	今天你不想看电视
jintiannibuxiangkandianying	今天你不想看电影
jintiannibuxiangkanshipin	今天你不想看视频
jintiannibuxiangkanshu	今天你不想看书
jintiannibuxiangliaotian	今天你不想聊天
jintiannibuxiangmaidongxi	今天你不想买东西
jintiannibuxiangquxuexiao	今天你不想去学校
jintiannibuxiangshangban	今天你不想上班
jintiannibuxiangshuijue	今天你不想睡觉
jintiannibuxiangtingyinle	今天你不想听音乐
jintiannibuxiangwanyouxi	今天你不想玩游戏
jintiannibuxiangxiaban	今天你不想下班
jintiannibuxiangxiuxi	今天你不想休息
jintiannibuxiangxizao	今天你不想洗澡
jintiannibuxiangxuexi	今天你不想学习
jintiannibuxiangzuoche	今天你不想坐车
jintiannibuxiangzuofan	今天你不想做饭
jintiannibuxiangzuofeiji	今天你不想坐飞机
jintiannibuxiangzuohuoche	今天你不想坐火车
jintiannibuyaochifan	今天你不要吃饭
jintiannibuyaochumen	今天你不要出门
jintiannibuyaochuqu	今天你不要出去
jintiannibuyaodadianhua	今天你不要打电话
jintiannibuyaodayouxi	今天你不要打游戏
jintiannibuyaofaweixin	今天你不要发微信
jintiannibuyaofaxiaoxi	今天你不要发消息
jintiannibuyaogongzuo	今天你不要工作
jintiannibuyaoheshui	今天你不要喝水
jintiannibuyaohuijia	今天你不要回家
jintiannibuyaokaiche	今天你不要开车
jintiannibuyaokandianshi	今天你不要看电视
jintiannibuyaokandianying	今天你不要看电影
jintiannibuyaokanshipin	今天你不要看视频
jintiannibuyaokanshu	今天你不要看书
jintiannibuyaoliaotian	今天你不要聊天
jintiannibuyaomaidongxi	今天你不要买东西
jintiannibuyaoquxuexiao	今天你不要去学校
jintiannibuyaoshangban	今天你不要上班
jintiannibuyaoshuijue	今天你不要睡觉
jintiannibuyaotingyinle	今天你不要听音乐
jintiannibuyaowanyouxi	今天你不要玩游戏
jintiannibuyaoxiaban	今天你不要下班
jintiannibuyaoxiuxi	今天你不要休息
jintiannibuyaoxizao	今天你不要洗澡
jintiannibuyaoxuexi	今天你不要学习
jintiannibuyaozuoche	今天你不要坐车
jintiannibuyaozuofan	今天你不要做饭
jintiannibuyaozuofeiji	今天你不要坐飞机
jintiannibuyaozuohuoche	今天你不要坐火车
jintiannichifan	今天你吃饭
jintiannichumen	今天你出门
jintiannichuqu	今天你出去
jintiannidadianhua	今天你打电话
jintiannidakaidiannao	今天你打开电脑
jintiannidakairuanjian	今天你打开软件
jintiannidasuanchifan	今天你打算吃饭
jintiannidasuanchumen	今天你打算出门
jintiannidasuanchuqu	今天你打算出去
jintiannidasuandadianhua	今天你打算打电话
jintiannidasuandayouxi	今天你打算打游戏
jintiannidasuanfaweixin	今天你打算发微信
jintiannidasuanfaxiaoxi	今天你打算发消息
jintiannidasuangongzuo	今天你打算工作
jintiannidasuanheshui	今天你打算喝水
jintiannidasuanhuijia	今天你打算回家
jintiannidasuankaiche	今天你打算开车
jintiannidasuankandianshi	今天你打算看电视
jintiannidasuankandianying	今天你打算看电影
jintiannidasuankanshipin	今天你打算看视频
jintiannidasuankanshu	今天你打算看书
jintiannidasuanliaotian	今天你打算聊天
jintiannidasuanmaidongxi	今天你打算买东西
jintiannidasuanquxuexiao	今天你打算去学校
jintiannidasuanshangban	今天你打算上班
jintiannidasuanshuijue	今天你打算睡觉
jintiannidasuantingyinle	今天你打算听音乐
jintiannidasuanwanyouxi	今天你打算玩游戏
jintiannidasuanxiaban	今天你打算下班
jintiannidasuanxiuxi	今天你打算休息
jintiannidasuanxizao	今天你打算洗澡
jintiannidasuanxuexi	今天你打算学习
jintiannidasuanzuoche	今天你打算坐车
jintiannidasuanzuofan	今天你打算做饭
jintiannidasuanzuofeiji	今天你打算坐飞机
jintiannidasuanzuohuoche	今天你打算坐火车
jintiannidayouxi	今天你打游戏
jintiannifaweixin	今天你发微信
jintiannifaxiaoxi	今天你发消息
jintiannigengxinruanjian	今天你更新软件
jintiannigongzuo	今天你工作
jintianniguanbiruanjian	今天你关闭软件
jintianniheshui	今天你喝水
jintiannihuijia	今天你回家
jintiannikaiche	今天你开车
jintiannikandianshi	今天你看电视
jintiannikandianying	今天你看电影
jintiannikanshipin	今天你看视频
jintiannikanshu	今天你看书
jintiannikeyichifan	今天你可以吃饭
jintiannikeyichumen	今天你可以出门
jintiannikeyichuqu	今天你可以出去
jintiannikeyidadianhua	今天你可以打电话
jintiannikeyidayouxi	今天你可以打游戏
jintiannikeyifaweixin	今天你可以发微信
jintiannikeyifaxiaoxi	今天你可以发消息
jintiannikeyigongzuo	今天你可以工作
jintiannikeyiheshui	今天你可以喝水
jintiannikeyihuijia	今天你可以回家
jintiannikeyikaiche	今天你可以开车
jintiannikeyikandianshi	今天你可以看电视
jintiannikeyikandianying	今天你可以看电影
jintiannikeyikanshipin	今天你可以看视频
jintiannikeyikanshu	今天你可以看书
jintiannikeyiliaotian	今天你可以聊天
jintiannikeyimaidongxi	今天你可以买东西
jintiannikeyiquxuexiao	今天你可以去学校
jintiannikeyishangban	今天你可以上班
jintiannikeyishuijue	今天你可以睡觉
jintiannikeyitingyinle	今天你可以听音乐
jintiannikeyiwanyouxi	今天你可以玩游戏
jintiannikeyixiaban	今天你可以下班
jintiannikeyixiuxi	今天你可以休息
jintiannikeyixizao	今天你可以洗澡
jintiannikeyixuexi	今天你可以学习
jintiannikeyizuoche	今天你可以坐车
jintiannikeyizuofan	今天你可以做饭
jintiannikeyizuofeiji	今天你可以坐飞机
jintiannikeyizuohuoche	今天你可以坐火车
jintiannilianjiewangluo	今天你连接网络
jintianniliaotian	今天你聊天
jintiannimaidongxi	今天你买东西
jintianninengchifan	今天你能吃饭
jintianninengchumen	今天你能出门
jintianninengchuqu	今天你能出去
jintianninengdadianhua	今天你能打电话
jintianninengdayouxi	今天你能打游戏
jintianninengfaweixin	今天你能发微信
jintianninengfaxiaoxi	今天你能发消息
jintianninenggongzuo	今天你能工作
jintianninengheshui	今天你能喝水
jintianninenghuijia	今天你能回家
jintianninengkaiche	今天你能开车
jintianninengkandianshi	今天你能看电视
jintianninengkandianying	今天你能看电影
jintianninengkanshipin	今天你能看视频
jintianninengkanshu	今天你能看书
jintianninengliaotian	今天你能聊天
jintianninengmaidongxi	今天你能买东西
jintianninengquxuexiao	今天你能去学校
jintianninengshangban	今天你能上班
jintianninengshuijue	今天你能睡觉
jintianninengtingyinle	今天你能听音乐
jintianninengwanyouxi	今天你能玩游戏
jintianninengxiaban	今天你能下班
jintianninengxiuxi	今天你能休息
jintianninengxizao	今天你能洗澡
jintianninengxuexi	今天你能学习
jintianninengzuoche	今天你能坐车
jintianninengzuofan	今天你能做饭
jintianninengzuofeiji	今天你能坐飞机
jintianninengzuohuoche	今天你能坐火车
jintiannipaizhaopian	今天你拍照片
jintianniqubeijing	今天你去北京
jintianniquchaoshi	今天你去超市
jintianniqugongsi	今天你去公司
jintianniquguangzhou	今天你去广州
jintianniqushangchang	今天你去商场
jintianniqushanghai	今天你去上海
jintianniqushenzhen	今天你去深圳
jintianniquxuexiao	今天你去学校
jintianniquyiyuan	今天你去医院
jintiannishangban	今天你上班
jintiannishiyongdiannao	今天你使用电脑
jintiannishiyongshouji	今天你使用手机
jintiannishuijue	今天你睡觉
jintiannitingyinle	今天你听音乐
jintianniwanyouxi	今天你玩游戏
jintiannixiaban	今天你下班
jintiannixiangchifan	今天你想吃饭
jintiannixiangchumen	今天你想出门
jintiannixiangchuqu	今天你想出去
jintiannixiangdadianhua	今天你想打电话
jintiannixiangdayouxi	今天你想打游戏
jintiannixiangfaweixin	今天你想发微信
jintiannixiangfaxiaoxi	今天你想发消息
jintiannixianggongzuo	今天你想工作
jintiannixiangheshui	今天你想喝水
jintiannixianghuijia	今天你想回家
jintiannixiangkaiche	今天你想开车
jintiannixiangkandianshi	今天你想看电视
jintiannixiangkandianying	今天你想看电影
jintiannixiangkanshipin	今天你想看视频
jintiannixiangkanshu	今天你想看书
jintiannixiangliaotian	今天你想聊天
jintiannixiangmaidongxi	今天你想买东西
jintiannixiangquxuexiao	今天你想去学校
jintiannixiangshangban	今天你想上班
jintiannixiangshuijue	今天你想睡觉
jintiannixiangtingyinle	今天你想听音乐
jintiannixiangwanyouxi	今天你想玩游戏
jintiannixiangxiaban	今天你想下班
jintiannixiangxiuxi	今天你想休息
jintiannixiangxizao	今天你想洗澡
jintiannixiangxuexi	今天你想学习
jintiannixiangyaochifan	今天你想要吃饭
jintiannixiangyaochumen	今天你想要出门
jintiannixiangyaochuqu	今天你想要出去
jintiannixiangyaodadianhua	今天你想要打电话
jintiannixiangyaodayouxi	今天你想要打游戏
jintiannixiangyaofaweixin	今天你想要发微信
jintiannixiangyaofaxiaoxi	今天你想要发消息
jintiannixiangyaogongzuo	今天你想要工作
jintiannixiangyaoheshui	今天你想要喝水
jintiannixiangyaohuijia	今天你想要回家
jintiannixiangyaokaiche	今天你想要开车
jintiannixiangyaokandianshi	今天你想要看电视
jintiannixiangyaokandianying	今天你想要看电影
jintiannixiangyaokanshipin	今天你想要看视频
jintiannixiangyaokanshu	今天你想要看书
jintiannixiangyaoliaotian	今天你想要聊天
jintiannixiangyaomaidongxi	今天你想要买东西
jintiannixiangyaoquxuexiao	今天你想要去学校
jintiannixiangyaoshangban	今天你想要上班
jintiannixiangyaoshuijue	今天你想要睡觉
jintiannixiangyaotingyinle	今天你想要听音乐
jintiannixiangyaowanyouxi	今天你想要玩游戏
jintiannixiangyaoxiaban	今天你想要下班
jintiannixiangyaoxiuxi	今天你想要休息
jintiannixiangyaoxizao	今天你想要洗澡
jintiannixiangyaoxuexi	今天你想要学习
jintiannixiangyaozuoche	今天你想要坐车
jintiannixiangyaozuofan	今天你想要做饭
jintiannixiangyaozuofeiji	今天你想要坐飞机
jintiannixiangyaozuohuoche	今天你想要坐火车
jintiannixiangzuoche	今天你想坐车
jintiannixiangzuofan	今天你想做饭
jintiannixiangzuofeiji	今天你想坐飞机
jintiannixiangzuohuoche	今天你想坐火车
jintiannixiugaishezhi	今天你修改设置
jintiannixiuxi	今天你休息
jintiannixizao	今天你洗澡
jintiannixuexi	今天你学习
jintiannixuyaochifan	今天你需要吃饭
jintiannixuyaochumen	今天你需要出门
jintiannixuyaochuqu	今天你需要出去
jintiannixuyaodadianhua	今天你需要打电话
jintiannixuyaodayouxi	今天你需要打游戏
jintiannixuyaofaweixin	今天你需要发微信
jintiannixuyaofaxiaoxi	今天你需要发消息
jintiannixuyaogongzuo	今天你需要工作
jintiannixuyaoheshui	今天你需要喝水
jintiannixuyaohuijia	今天你需要回家
jintiannixuyaokaiche	今天你需要开车
jintiannixuyaokandianshi	今天你需要看电视
jintiannixuyaokandianying	今天你需要看电影
jintiannixuyaokanshipin	今天你需要看视频
jintiannixuyaokanshu	今天你需要看书
jintiannixuyaoliaotian	今天你需要聊天
jintiannixuyaomaidongxi	今天你需要买东西
jintiannixuyaoquxuexiao	今天你需要去学校
jintiannixuyaoshangban	今天你需要上班
jintiannixuyaoshuijue	今天你需要睡觉
jintiannixuyaotingyinle	今天你需要听音乐
jintiannixuyaowanyouxi	今天你需要玩游戏
jintiannixuyaoxiaban	今天你需要下班
jintiannixuyaoxiuxi	今天你需要休息
jintiannixuyaoxizao	今天你需要洗澡
jintiannixuyaoxuexi	今天你需要学习
jintiannixuyaozuoche	今天你需要坐车
jintiannixuyaozuofan	今天你需要做饭
jintiannixuyaozuofeiji	今天你需要坐飞机
jintiannixuyaozuohuoche	今天你需要坐火车
jintianniyaochifan	今天你要吃饭
jintianniyaochumen	今天你要出门
jintianniyaochuqu	今天你要出去
jintianniyaodadianhua	今天你要打电话
jintianniyaodayouxi	今天你要打游戏
jintianniyaofaweixin	今天你要发微信
jintianniyaofaxiaoxi	今天你要发消息
jintianniyaogongzuo	今天你要工作
jintianniyaoheshui	今天你要喝水
jintianniyaohuijia	今天你要回家
jintianniyaokaiche	今天你要开车
jintianniyaokandianshi	今天你要看电视
jintianniyaokandianying	今天你要看电影
jintianniyaokanshipin	今天你要看视频
jintianniyaokanshu	今天你要看书
jintianniyaoliaotian	今天你要聊天
jintianniyaomaidongxi	今天你要买东西
jintianniyaoquxuexiao	今天你要去学校
jintianniyaoshangban	今天你要上班
jintianniyaoshuijue	今天你要睡觉
jintianniyaotingyinle	今天你要听音乐
jintianniyaowanyouxi	今天你要玩游戏
jintianniyaoxiaban	今天你要下班
jintianniyaoxiuxi	今天你要休息
jintianniyaoxizao	今天你要洗澡
jintianniyaoxuexi	今天你要学习
jintianniyaozuoche	今天你要坐车
jintianniyaozuofan	今天你要做饭
jintianniyaozuofeiji	今天你要坐飞机
jintianniyaozuohuoche	今天你要坐火车
jintiannizhunbeichifan	今天你准备吃饭
jintiannizhunbeichumen	今天你准备出门
jintiannizhunbeichuqu	今天你准备出去
jintiannizhunbeidadianhua	今天你准备打电话
jintiannizhunbeidayouxi	今天你准备打游戏
jintiannizhunbeifaweixin	今天你准备发微信
jintiannizhunbeifaxiaoxi	今天你准备发消息
jintiannizhunbeigongzuo	今天你准备工作
jintiannizhunbeiheshui	今天你准备喝水
jintiannizhunbeihuijia	今天你准备回家
jintiannizhunbeikaiche	今天你准备开车
jintiannizhunbeikandianshi	今天你准备看电视
jintiannizhunbeikandianying	今天你准备看电影
jintiannizhunbeikanshipin	今天你准备看视频
jintiannizhunbeikanshu	今天你准备看书
jintiannizhunbeiliaotian	今天你准备聊天
jintiannizhunbeimaidongxi	今天你准备买东西
jintiannizhunbeiquxuexiao	今天你准备去学校
jintiannizhunbeishangban	今天你准备上班
jintiannizhunbeishuijue	今天你准备睡觉
jintiannizhunbeitingyinle	今天你准备听音乐
jintiannizhunbeiwanyouxi	今天你准备玩游戏
jintiannizhunbeixiaban	今天你准备下班
jintiannizhunbeixiuxi	今天你准备休息
jintiannizhunbeixizao	今天你准备洗澡
jintiannizhunbeixuexi	今天你准备学习
jintiannizhunbeizuoche	今天你准备坐车
jintiannizhunbeizuofan	今天你准备做饭
jintiannizhunbeizuofeiji	今天你准备坐飞机
jintiannizhunbeizuohuoche	今天你准备坐火车
jintiannizuoche	今天你坐车
jintiannizuofan	今天你做饭
jintiannizuofeiji	今天你坐飞机
jintiannizuohuoche	今天你坐火车
jintiantaanzhuangruanjian	今天他安装软件
jintiantabuxiangchifan	今天他不想吃饭
jintiantabuxiangchumen	今天他不想出门
jintiantabuxiangchuqu	今天他不想出去
jintiantabuxiangdadianhua	今天他不想打电话
jintiantabuxiangdayouxi	今天他不想打游戏
jintiantabuxiangfaweixin	今天他不想发微信
jintiantabuxiangfaxiaoxi	今天他不想发消息
jintiantabuxianggongzuo	今天他不想工作
jintiantabuxiangheshui	今天他不想喝水
jintiantabuxianghuijia	今天他不想回家
jintiantabuxiangkaiche	今天他不想开车
jintiantabuxiangkandianshi	今天他不想看电视
jintiantabuxiangkandianying	今天他不想看电影
jintiantabuxiangkanshipin	今天他不想看视频
jintiantabuxiangkanshu	今天他不想看书
jintiantabuxiangliaotian	今天他不想聊天
jintiantabuxiangmaidongxi	今天他不想买东西
jintiantabuxiangquxuexiao	今天他不想去学校
jintiantabuxiangshangban	今天他不想上班
jintiantabuxiangshuijue	今天他不想睡觉
jintiantabuxiangtingyinle	今天他不想听音乐
jintiantabuxiangwanyouxi	今天他不想玩游戏
jintiantabuxiangxiaban	今天他不想下班
jintiantabuxiangxiuxi	今天他不想休息
jintiantabuxiangxizao	今天他不想洗澡
jintiantabuxiangxuexi	今天他不想学习
jintiantabuxiangzuoche	今天他不想坐车
jintiantabuxiangzuofan	今天他不想做饭
jintiantabuxiangzuofeiji	今天他不想坐飞机
jintiantabuxiangzuohuoche	今天他不想坐火车
jintiantabuyaochifan	今天他不要吃饭
jintiantabuyaochumen	今天他不要出门
jintiantabuyaochuqu	今天他不要出去
jintiantabuyaodadianhua	今天他不要打电话
jintiantabuyaodayouxi	今天他不要打游戏
jintiantabuyaofaweixin	今天他不要发微信
jintiantabuyaofaxiaoxi	今天他不要发消息
jintiantabuyaogongzuo	今天他不要工作
jintiantabuyaoheshui	今天他不要喝水
jintiantabuyaohuijia	今天他不要回家
jintiantabuyaokaiche	今天他不要开车
jintiantabuyaokandianshi	今天他不要看电视
jintiantabuyaokandianying	今天他不要看电影
jintiantabuyaokanshipin	今天他不要看视频
jintiantabuyaokanshu	今天他不要看书
jintiantabuyaoliaotian	今天他不要聊天
jintiantabuyaomaidongxi	今天他不要买东西
jintiantabuyaoquxuexiao	今天他不要去学校
jintiantabuyaoshangban	今天他不要上班
jintiantabuyaoshuijue	今天他不要睡觉
jintiantabuyaotingyinle	今天他不要听音乐
jintiantabuyaowanyouxi	今天他不要玩游戏
jintiantabuyaoxiaban	今天他不要下班
jintiantabuyaoxiuxi	今天他不要休息
jintiantabuyaoxizao	今天他不要洗澡
jintiantabuyaoxuexi	今天他不要学习
jintiantabuyaozuoche	今天他不要坐车
jintiantabuyaozuofan	今天他不要做饭
jintiantabuyaozuofeiji	今天他不要坐飞机
jintiantabuyaozuohuoche	今天他不要坐火车
jintiantachifan	今天他吃饭
jintiantachumen	今天他出门
jintiantachuqu	今天他出去
jintiantadadianhua	今天他打电话
jintiantadakaidiannao	今天他打开电脑
jintiantadakairuanjian	今天他打开软件
jintiantadasuanchifan	今天他打算吃饭
jintiantadasuanchumen	今天他打算出门
jintiantadasuanchuqu	今天他打算出去
jintiantadasuandadianhua	今天他打算打电话
jintiantadasuandayouxi	今天他打算打游戏
jintiantadasuanfaweixin	今天他打算发微信
jintiantadasuanfaxiaoxi	今天他打算发消息
jintiantadasuangongzuo	今天他打算工作
jintiantadasuanheshui	今天他打算喝水
jintiantadasuanhuijia	今天他打算回家
jintiantadasuankaiche	今天他打算开车
jintiantadasuankandianshi	今天他打算看电视
jintiantadasuankandianying	今天他打算看电影
jintiantadasuankanshipin	今天他打算看视频
jintiantadasuankanshu	今天他打算看书
jintiantadasuanliaotian	今天他打算聊天
jintiantadasuanmaidongxi	今天他打算买东西
jintiantadasuanquxuexiao	今天他打算去学校
jintiantadasuanshangban	今天他打算上班
jintiantadasuanshuijue	今天他打算睡觉
jintiantadasuantingyinle	今天他打算听音乐
jintiantadasuanwanyouxi	今天他打算玩游戏
jintiantadasuanxiaban	今天他打算下班
jintiantadasuanxiuxi	今天他打算休息
jintiantadasuanxizao	今天他打算洗澡
jintiantadasuanxuexi	今天他打算学习
jintiantadasuanzuoche	今天他打算坐车
jintiantadasuanzuofan	今天他打算做饭
jintiantadasuanzuofeiji	今天他打算坐飞机
jintiantadasuanzuohuoche	今天他打算坐火车
jintiantadayouxi	今天他打游戏
jintiantafaweixin	今天他发微信
jintiantafaxiaoxi	今天他发消息
jintiantagengxinruanjian	今天他更新软件
jintiantagongzuo	今天他工作
jintiantaguanbiruanjian	今天他关闭软件
jintiantaheshui	今天他喝水
jintiantahuijia	今天他回家
jintiantakaiche	今天他开车
jintiantakandianshi	今天他看电视
jintiantakandianying	今天他看电影
jintiantakanshipin	今天他看视频
jintiantakanshu	今天他看书
jintiantakeyichifan	今天他可以吃饭
jintiantakeyichumen	今天他可以出门
jintiantakeyichuqu	今天他可以出去
jintiantakeyidadianhua	今天他可以打电话
jintiantakeyidayouxi	今天他可以打游戏
jintiantakeyifaweixin	今天他可以发微信
jintiantakeyifaxiaoxi	今天他可以发消息
jintiantakeyigongzuo	今天他可以工作
jintiantakeyiheshui	今天他可以喝水
jintiantakeyihuijia	今天他可以回家
jintiantakeyikaiche	今天他可以开车
jintiantakeyikandianshi	今天他可以看电视
jintiantakeyikandianying	今天他可以看电影
jintiantakeyikanshipin	今天他可以看视频
jintiantakeyikanshu	今天他可以看书
jintiantakeyiliaotian	今天他可以聊天
jintiantakeyimaidongxi	今天他可以买东西
jintiantakeyiquxuexiao	今天他可以去学校
jintiantakeyishangban	今天他可以上班
jintiantakeyishuijue	今天他可以睡觉
jintiantakeyitingyinle	今天他可以听音乐
jintiantakeyiwanyouxi	今天他可以玩游戏
jintiantakeyixiaban	今天他可以下班
jintiantakeyixiuxi	今天他可以休息
jintiantakeyixizao	今天他可以洗澡
jintiantakeyixuexi	今天他可以学习
jintiantakeyizuoche	今天他可以坐车
jintiantakeyizuofan	今天他可以做饭
jintiantakeyizuofeiji	今天他可以坐飞机
jintiantakeyizuohuoche	今天他可以坐火车
jintiantalianjiewangluo	今天他连接网络
jintiantaliaotian	今天他聊天
jintiantamaidongxi	今天他买东西
jintiantanengchifan	今天他能吃饭
jintiantanengchumen	今天他能出门
jintiantanengchuqu	今天他能出去
jintiantanengdadianhua	今天他能打电话
jintiantanengdayouxi	今天他能打游戏
jintiantanengfaweixin	今天他能发微信
jintiantanengfaxiaoxi	今天他能发消息
jintiantanenggongzuo	今天他能工作
jintiantanengheshui	今天他能喝水
jintiantanenghuijia	今天他能回家
jintiantanengkaiche	今天他能开车
jintiantanengkandianshi	今天他能看电视
jintiantanengkandianying	今天他能看电影
jintiantanengkanshipin	今天他能看视频
jintiantanengkanshu	今天他能看书
jintiantanengliaotian	今天他能聊天
jintiantanengmaidongxi	今天他能买东西
jintiantanengquxuexiao	今天他能去学校
jintiantanengshangban	今天他能上班
jintiantanengshuijue	今天他能睡觉
jintiantanengtingyinle	今天他能听音乐
jintiantanengwanyouxi	今天他能玩游戏
jintiantanengxiaban	今天他能下班
jintiantanengxiuxi	今天他能休息
jintiantanengxizao	今天他能洗澡
jintiantanengxuexi	今天他能学习
jintiantanengzuoche	今天他能坐车
jintiantanengzuofan	今天他能做饭
jintiantanengzuofeiji	今天他能坐飞机
jintiantanengzuohuoche	今天他能坐火车
jintiantapaizhaopian	今天他拍照片
jintiantaqubeijing	今天他去北京
jintiantaquchaoshi	今天他去超市
jintiantaqugongsi	今天他去公司
jintiantaquguangzhou	今天他去广州
jintiantaqushangchang	今天他去商场
jintiantaqushanghai	今天他去上海
jintiantaqushenzhen	今天他去深圳
jintiantaquxuexiao	今天他去学校
jintiantaquyiyuan	今天他去医院
jintiantashangban	今天他上班
jintiantashiyongdiannao	今天他使用电脑
jintiantashiyongshouji	今天他使用手机
jintiantashuijue	今天他睡觉
jintiantatingyinle	今天他听音乐
jintiantawanyouxi	今天他玩游戏
jintiantaxiaban	今天他下班
jintiantaxiangchifan	今天他想吃饭
jintiantaxiangchumen	今天他想出门
jintiantaxiangchuqu	今天他想出去
jintiantaxiangdadianhua	今天他想打电话
jintiantaxiangdayouxi	今天他想打游戏
jintiantaxiangfaweixin	今天他想发微信
jintiantaxiangfaxiaoxi	今天他想发消息
jintiantaxianggongzuo	今天他想工作
jintiantaxiangheshui	今天他想喝水
jintiantaxianghuijia	今天他想回家
jintiantaxiangkaiche	今天他想开车
jintiantaxiangkandianshi	今天他想看电视
jintiantaxiangkandianying	今天他想看电影
jintiantaxiangkanshipin	今天他想看视频
jintiantaxiangkanshu	今天他想看书
jintiantaxiangliaotian	今天他想聊天
jintiantaxiangmaidongxi	今天他想买东西
jintiantaxiangquxuexiao	今天他想去学校
jintiantaxiangshangban	今天他想上班
jintiantaxiangshuijue	今天他想睡觉
jintiantaxiangtingyinle	今天他想听音乐
jintiantaxiangwanyouxi	今天他想玩游戏
jintiantaxiangxiaban	今天他想下班
jintiantaxiangxiuxi	今天他想休息
jintiantaxiangxizao	今天他想洗澡
jintiantaxiangxuexi	今天他想学习
jintiantaxiangyaochifan	今天他想要吃饭
jintiantaxiangyaochumen	今天他想要出门
jintiantaxiangyaochuqu	今天他想要出去
jintiantaxiangyaodadianhua	今天他想要打电话
jintiantaxiangyaodayouxi	今天他想要打游戏
jintiantaxiangyaofaweixin	今天他想要发微信
jintiantaxiangyaofaxiaoxi	今天他想要发消息
jintiantaxiangyaogongzuo	今天他想要工作
jintiantaxiangyaoheshui	今天他想要喝水
jintiantaxiangyaohuijia	今天他想要回家
jintiantaxiangyaokaiche	今天他想要开车
jintiantaxiangyaokandianshi	今天他想要看电视
jintiantaxiangyaokandianying	今天他想要看电影
jintiantaxiangyaokanshipin	今天他想要看视频
jintiantaxiangyaokanshu	今天他想要看书
jintiantaxiangyaoliaotian	今天他想要聊天
jintiantaxiangyaomaidongxi	今天他想要买东西
jintiantaxiangyaoquxuexiao	今天他想要去学校
jintiantaxiangyaoshangban	今天他想要上班
jintiantaxiangyaoshuijue	今天他想要睡觉
jintiantaxiangyaotingyinle	今天他想要听音乐
jintiantaxiangyaowanyouxi	今天他想要玩游戏
jintiantaxiangyaoxiaban	今天他想要下班
jintiantaxiangyaoxiuxi	今天他想要休息
jintiantaxiangyaoxizao	今天他想要洗澡
jintiantaxiangyaoxuexi	今天他想要学习
jintiantaxiangyaozuoche	今天他想要坐车
jintiantaxiangyaozuofan	今天他想要做饭
jintiantaxiangyaozuofeiji	今天他想要坐飞机
jintiantaxiangyaozuohuoche	今天他想要坐火车
jintiantaxiangzuoche	今天他想坐车
jintiantaxiangzuofan	今天他想做饭
jintiantaxiangzuofeiji	今天他想坐飞机
jintiantaxiangzuohuoche	今天他想坐火车
jintiantaxiugaishezhi	今天他修改设置
jintiantaxiuxi	今天他休息
jintiantaxizao	今天他洗澡
jintiantaxuexi	今天他学习
jintiantaxuyaochifan	今天他需要吃饭
jintiantaxuyaochumen	今天他需要出门
jintiantaxuyaochuqu	今天他需要出去
jintiantaxuyaodadianhua	今天他需要打电话
jintiantaxuyaodayouxi	今天他需要打游戏
jintiantaxuyaofaweixin	今天他需要发微信
jintiantaxuyaofaxiaoxi	今天他需要发消息
jintiantaxuyaogongzuo	今天他需要工作
jintiantaxuyaoheshui	今天他需要喝水
jintiantaxuyaohuijia	今天他需要回家
jintiantaxuyaokaiche	今天他需要开车
jintiantaxuyaokandianshi	今天他需要看电视
jintiantaxuyaokandianying	今天他需要看电影
jintiantaxuyaokanshipin	今天他需要看视频
jintiantaxuyaokanshu	今天他需要看书
jintiantaxuyaoliaotian	今天他需要聊天
jintiantaxuyaomaidongxi	今天他需要买东西
jintiantaxuyaoquxuexiao	今天他需要去学校
jintiantaxuyaoshangban	今天他需要上班
jintiantaxuyaoshuijue	今天他需要睡觉
jintiantaxuyaotingyinle	今天他需要听音乐
jintiantaxuyaowanyouxi	今天他需要玩游戏
jintiantaxuyaoxiaban	今天他需要下班
jintiantaxuyaoxiuxi	今天他需要休息
jintiantaxuyaoxizao	今天他需要洗澡
jintiantaxuyaoxuexi	今天他需要学习
jintiantaxuyaozuoche	今天他需要坐车
jintiantaxuyaozuofan	今天他需要做饭
jintiantaxuyaozuofeiji	今天他需要坐飞机
jintiantaxuyaozuohuoche	今天他需要坐火车
jintiantayaochifan	今天他要吃饭
jintiantayaochumen	今天他要出门
jintiantayaochuqu	今天他要出去
jintiantayaodadianhua	今天他要打电话
jintiantayaodayouxi	今天他要打游戏
jintiantayaofaweixin	今天他要发微信
jintiantayaofaxiaoxi	今天他要发消息
jintiantayaogongzuo	今天他要工作
jintiantayaoheshui	今天他要喝水
jintiantayaohuijia	今天他要回家
jintiantayaokaiche	今天他要开车
jintiantayaokandianshi	今天他要看电视
jintiantayaokandianying	今天他要看电影
jintiantayaokanshipin	今天他要看视频
jintiantayaokanshu	今天他要看书
jintiantayaoliaotian	今天他要聊天
jintiantayaomaidongxi	今天他要买东西
jintiantayaoquxuexiao	今天他要去学校
jintiantayaoshangban	今天他要上班
jintiantayaoshuijue	今天他要睡觉
jintiantayaotingyinle	今天他要听音乐
jintiantayaowanyouxi	今天他要玩游戏
jintiantayaoxiaban	今天他要下班
jintiantayaoxiuxi	今天他要休息
jintiantayaoxizao	今天他要洗澡
jintiantayaoxuexi	今天他要学习
jintiantayaozuoche	今天他要坐车
jintiantayaozuofan	今天他要做饭
jintiantayaozuofeiji	今天他要坐飞机
jintiantayaozuohuoche	今天他要坐火车
jintiantazhunbeichifan	今天他准备吃饭
jintiantazhunbeichumen	今天他准备出门
jintiantazhunbeichuqu	今天他准备出去
jintiantazhunbeidadianhua	今天他准备打电话
jintiantazhunbeidayouxi	今天他准备打游戏
jintiantazhunbeifaweixin	今天他准备发微信
jintiantazhunbeifaxiaoxi	今天他准备发消息
jintiantazhunbeigongzuo	今天他准备工作
jintiantazhunbeiheshui	今天他准备喝水
jintiantazhunbeihuijia	今天他准备回家
jintiantazhunbeikaiche	今天他准备开车
jintiantazhunbeikandianshi	今天他准备看电视
jintiantazhunbeikandianying	今天他准备看电影
jintiantazhunbeikanshipin	今天他准备看视频
jintiantazhunbeikanshu	今天他准备看书
jintiantazhunbeiliaotian	今天他准备聊天
jintiantazhunbeimaidongxi	今天他准备买东西
jintiantazhunbeiquxuexiao	今天他准备去学校
jintiantazhunbeishangban	今天他准备上班
jintiantazhunbeishuijue	今天他准备睡觉
jintiantazhunbeitingyinle	今天他准备听音乐
jintiantazhunbeiwanyouxi	今天他准备玩游戏
jintiantazhunbeixiaban	今天他准备下班
jintiantazhunbeixiuxi	今天他准备休息
jintiantazhunbeixizao	今天他准备洗澡
jintiantazhunbeixuexi	今天他准备学习
jintiantazhunbeizuoche	今天他准备坐车
jintiantazhunbeizuofan	今天他准备做饭
jintiantazhunbeizuofeiji	今天他准备坐飞机
jintiantazhunbeizuohuoche	今天他准备坐火车
jintiantazuoche	今天他坐车
jintiantazuofan	今天他做饭
jintiantazuofeiji	今天他坐飞机
jintiantazuohuoche	今天他坐火车
jintianwoanzhuangruanjian	今天我安装软件
jintianwobuxiangchifan	今天我不想吃饭
jintianwobuxiangchumen	今天我不想出门
jintianwobuxiangchuqu	今天我不想出去
jintianwobuxiangdadianhua	今天我不想打电话
jintianwobuxiangdayouxi	今天我不想打游戏
jintianwobuxiangfaweixin	今天我不想发微信
jintianwobuxiangfaxiaoxi	今天我不想发消息
jintianwobuxianggongzuo	今天我不想工作
jintianwobuxiangheshui	今天我不想喝水
jintianwobuxianghuijia	今天我不想回家
jintianwobuxiangkaiche	今天我不想开车
jintianwobuxiangkandianshi	今天我不想看电视
jintianwobuxiangkandianying	今天我不想看电影
jintianwobuxiangkanshipin	今天我不想看视频
jintianwobuxiangkanshu	今天我不想看书
jintianwobuxiangliaotian	今天我不想聊天
jintianwobuxiangmaidongxi	今天我不想买东西
jintianwobuxiangquxuexiao	今天我不想去学校
jintianwobuxiangshangban	今天我不想上班
jintianwobuxiangshuijue	今天我不想睡觉
jintianwobuxiangtingyinle	今天我不想听音乐
jintianwobuxiangwanyouxi	今天我不想玩游戏
jintianwobuxiangxiaban	今天我不想下班
jintianwobuxiangxiuxi	今天我不想休息
jintianwobuxiangxizao	今天我不想洗澡
jintianwobuxiangxuexi	今天我不想学习
jintianwobuxiangzuoche	今天我不想坐车
jintianwobuxiangzuofan	今天我不想做饭
jintianwobuxiangzuofeiji	今天我不想坐飞机
jintianwobuxiangzuohuoche	今天我不想坐火车
jintianwobuyaochifan	今天我不要吃饭
jintianwobuyaochumen	今天我不要出门
jintianwobuyaochuqu	今天我不要出去
jintianwobuyaodadianhua	今天我不要打电话
jintianwobuyaodayouxi	今天我不要打游戏
jintianwobuyaofaweixin	今天我不要发微信
jintianwobuyaofaxiaoxi	今天我不要发消息
jintianwobuyaogongzuo	今天我不要工作
jintianwobuyaoheshui	今天我不要喝水
jintianwobuyaohuijia	今天我不要回家
jintianwobuyaokaiche	今天我不要开车
jintianwobuyaokandianshi	今天我不要看电视
jintianwobuyaokandianying	今天我不要看电影
jintianwobuyaokanshipin	今天我不要看视频
jintianwobuyaokanshu	今天我不要看书
jintianwobuyaoliaotian	今天我不要聊天
jintianwobuyaomaidongxi	今天我不要买东西
jintianwobuyaoquxuexiao	今天我不要去学校
jintianwobuyaoshangban	今天我不要上班
jintianwobuyaoshuijue	今天我不要睡觉
jintianwobuyaotingyinle	今天我不要听音乐
jintianwobuyaowanyouxi	今天我不要玩游戏
jintianwobuyaoxiaban	今天我不要下班
jintianwobuyaoxiuxi	今天我不要休息
jintianwobuyaoxizao	今天我不要洗澡
jintianwobuyaoxuexi	今天我不要学习
jintianwobuyaozuoche	今天我不要坐车
jintianwobuyaozuofan	今天我不要做饭
jintianwobuyaozuofeiji	今天我不要坐飞机
jintianwobuyaozuohuoche	今天我不要坐火车
jintianwochifan	今天我吃饭
jintianwochumen	今天我出门
jintianwochuqu	今天我出去
jintianwodadianhua	今天我打电话
jintianwodakaidiannao	今天我打开电脑
jintianwodakairuanjian	今天我打开软件
jintianwodasuanchifan	今天我打算吃饭
jintianwodasuanchumen	今天我打算出门
jintianwodasuanchuqu	今天我打算出去
jintianwodasuandadianhua	今天我打算打电话
jintianwodasuandayouxi	今天我打算打游戏
jintianwodasuanfaweixin	今天我打算发微信
jintianwodasuanfaxiaoxi	今天我打算发消息
jintianwodasuangongzuo	今天我打算工作
jintianwodasuanheshui	今天我打算喝水
jintianwodasuanhuijia	今天我打算回家
jintianwodasuankaiche	今天我打算开车
jintianwodasuankandianshi	今天我打算看电视
jintianwodasuankandianying	今天我打算看电影
jintianwodasuankanshipin	今天我打算看视频
jintianwodasuankanshu	今天我打算看书
jintianwodasuanliaotian	今天我打算聊天
jintianwodasuanmaidongxi	今天我打算买东西
jintianwodasuanquxuexiao	今天我打算去学校
jintianwodasuanshangban	今天我打算上班
jintianwodasuanshuijue	今天我打算睡觉
jintianwodasuantingyinle	今天我打算听音乐
jintianwodasuanwanyouxi	今天我打算玩游戏
jintianwodasuanxiaban	今天我打算下班
jintianwodasuanxiuxi	今天我打算休息
jintianwodasuanxizao	今天我打算洗澡
jintianwodasuanxuexi	今天我打算学习
jintianwodasuanzuoche	今天我打算坐车
jintianwodasuanzuofan	今天我打算做饭
jintianwodasuanzuofeiji	今天我打算坐飞机
jintianwodasuanzuohuoche	今天我打算坐火车
jintianwodayouxi	今天我打游戏
jintianwofaweixin	今天我发微信
jintianwofaxiaoxi	今天我发消息
jintianwogengxinruanjian	今天我更新软件
jintianwogongzuo	今天我工作
jintianwoguanbiruanjian	今天我关闭软件
jintianwoheshui	今天我喝水
jintianwohuijia	今天我回家
jintianwokaiche	今天我开车
jintianwokandianshi	今天我看电视
jintianwokandianying	今天我看电影
jintianwokanshipin	今天我看视频
jintianwokanshu	今天我看书
jintianwokeyichifan	今天我可以吃饭
jintianwokeyichumen	今天我可以出门
jintianwokeyichuqu	今天我可以出去
jintianwokeyidadianhua	今天我可以打电话
jintianwokeyidayouxi	今天我可以打游戏
jintianwokeyifaweixin	今天我可以发微信
jintianwokeyifaxiaoxi	今天我可以发消息
jintianwokeyigongzuo	今天我可以工作
jintianwokeyiheshui	今天我可以喝水
jintianwokeyihuijia	今天我可以回家
jintianwokeyikaiche	今天我可以开车
jintianwokeyikandianshi	今天我可以看电视
jintianwokeyikandianying	今天我可以看电影
jintianwokeyikanshipin	今天我可以看视频
jintianwokeyikanshu	今天我可以看书
jintianwokeyiliaotian	今天我可以聊天
jintianwokeyimaidongxi	今天我可以买东西
jintianwokeyiquxuexiao	今天我可以去学校
jintianwokeyishangban	今天我可以上班
jintianwokeyishuijue	今天我可以睡觉
jintianwokeyitingyinle	今天我可以听音乐
jintianwokeyiwanyouxi	今天我可以玩游戏
jintianwokeyixiaban	今天我可以下班
jintianwokeyixiuxi	今天我可以休息
jintianwokeyixizao	今天我可以洗澡
jintianwokeyixuexi	今天我可以学习
jintianwokeyizuoche	今天我可以坐车
jintianwokeyizuofan	今天我可以做饭
jintianwokeyizuofeiji	今天我可以坐飞机
jintianwokeyizuohuoche	今天我可以坐火车
jintianwolianjiewangluo	今天我连接网络
jintianwoliaotian	今天我聊天
jintianwomaidongxi	今天我买东西
jintianwomenanzhuangruanjian	今天我们安装软件
jintianwomenbuxiangchifan	今天我们不想吃饭
jintianwomenbuxiangchumen	今天我们不想出门
jintianwomenbuxiangchuqu	今天我们不想出去
jintianwomenbuxiangdadianhua	今天我们不想打电话
jintianwomenbuxiangdayouxi	今天我们不想打游戏
jintianwomenbuxiangfaweixin	今天我们不想发微信
jintianwomenbuxiangfaxiaoxi	今天我们不想发消息
jintianwomenbuxianggongzuo	今天我们不想工作
jintianwomenbuxiangheshui	今天我们不想喝水
jintianwomenbuxianghuijia	今天我们不想回家
jintianwomenbuxiangkaiche	今天我们不想开车
jintianwomenbuxiangkandianshi	今天我们不想看电视
jintianwomenbuxiangkandianying	今天我们不想看电影
jintianwomenbuxiangkanshipin	今天我们不想看视频
jintianwomenbuxiangkanshu	今天我们不想看书
jintianwomenbuxiangliaotian	今天我们不想聊天
jintianwomenbuxiangmaidongxi	今天我们不想买东西
jintianwomenbuxiangquxuexiao	今天我们不想去学校
jintianwomenbuxiangshangban	今天我们不想上班
jintianwomenbuxiangshuijue	今天我们不想睡觉
jintianwomenbuxiangtingyinle	今天我们不想听音乐
jintianwomenbuxiangwanyouxi	今天我们不想玩游戏
jintianwomenbuxiangxiaban	今天我们不想下班
jintianwomenbuxiangxiuxi	今天我们不想休息
jintianwomenbuxiangxizao	今天我们不想洗澡
jintianwomenbuxiangxuexi	今天我们不想学习
jintianwomenbuxiangzuoche	今天我们不想坐车
jintianwomenbuxiangzuofan	今天我们不想做饭
jintianwomenbuxiangzuofeiji	今天我们不想坐飞机
jintianwomenbuxiangzuohuoche	今天我们不想坐火车
jintianwomenbuyaochifan	今天我们不要吃饭
jintianwomenbuyaochumen	今天我们不要出门
jintianwomenbuyaochuqu	今天我们不要出去
jintianwomenbuyaodadianhua	今天我们不要打电话
jintianwomenbuyaodayouxi	今天我们不要打游戏
jintianwomenbuyaofaweixin	今天我们不要发微信
jintianwomenbuyaofaxiaoxi	今天我们不要发消息
jintianwomenbuyaogongzuo	今天我们不要工作
jintianwomenbuyaoheshui	今天我们不要喝水
jintianwomenbuyaohuijia	今天我们不要回家
jintianwomenbuyaokaiche	今天我们不要开车
jintianwomenbuyaokandianshi	今天我们不要看电视
jintianwomenbuyaokandianying	今天我们不要看电影
jintianwomenbuyaokanshipin	今天我们不要看视频
jintianwomenbuyaokanshu	今天我们不要看书
jintianwomenbuyaoliaotian	今天我们不要聊天
jintianwomenbuyaomaidongxi	今天我们不要买东西
jintianwomenbuyaoquxuexiao	今天我们不要去学校
jintianwomenbuyaoshangban	今天我们不要上班
jintianwomenbuyaoshuijue	今天我们不要睡觉
jintianwomenbuyaotingyinle	今天我们不要听音乐
jintianwomenbuyaowanyouxi	今天我们不要玩游戏
jintianwomenbuyaoxiaban	今天我们不要下班
jintianwomenbuyaoxiuxi	今天我们不要休息
jintianwomenbuyaoxizao	今天我们不要洗澡
jintianwomenbuyaoxuexi	今天我们不要学习
jintianwomenbuyaozuoche	今天我们不要坐车
jintianwomenbuyaozuofan	今天我们不要做饭
jintianwomenbuyaozuofeiji	今天我们不要坐飞机
jintianwomenbuyaozuohuoche	今天我们不要坐火车
jintianwomenchifan	今天我们吃饭
jintianwomenchumen	今天我们出门
jintianwomenchuqu	今天我们出去
jintianwomendadianhua	今天我们打电话
jintianwomendakaidiannao	今天我们打开电脑
jintianwomendakairuanjian	今天我们打开软件
jintianwomendasuanchifan	今天我们打算吃饭
jintianwomendasuanchumen	今天我们打算出门
jintianwomendasuanchuqu	今天我们打算出去
jintianwomendasuandadianhua	今天我们打算打电话
jintianwomendasuandayouxi	今天我们打算打游戏
jintianwomendasuanfaweixin	今天我们打算发微信
jintianwomendasuanfaxiaoxi	今天我们打算发消息
jintianwomendasuangongzuo	今天我们打算工作
jintianwomendasuanheshui	今天我们打算喝水
jintianwomendasuanhuijia	今天我们打算回家
jintianwomendasuankaiche	今天我们打算开车
jintianwomendasuankandianshi	今天我们打算看电视
jintianwomendasuankandianying	今天我们打算看电影
jintianwomendasuankanshipin	今天我们打算看视频
jintianwomendasuankanshu	今天我们打算看书
jintianwomendasuanliaotian	今天我们打算聊天
jintianwomendasuanmaidongxi	今天我们打算买东西
jintianwomendasuanquxuexiao	今天我们打算去学校
jintianwomendasuanshangban	今天我们打算上班
jintianwomendasuanshuijue	今天我们打算睡觉
jintianwomendasuantingyinle	今天我们打算听音乐
jintianwomendasuanwanyouxi	今天我们打算玩游戏
jintianwomendasuanxiaban	今天我们打算下班
jintianwomendasuanxiuxi	今天我们打算休息
jintianwomendasuanxizao	今天我们打算洗澡
jintianwomendasuanxuexi	今天我们打算学习
jintianwomendasuanzuoche	今天我们打算坐车
jintianwomendasuanzuofan	今天我们打算做饭
jintianwomendasuanzuofeiji	今天我们打算坐飞机
jintianwomendasuanzuohuoche	今天我们打算坐火车
jintianwomendayouxi	今天我们打游戏
jintianwomenfaweixin	今天我们发微信
jintianwomenfaxiaoxi	今天我们发消息
jintianwomengengxinruanjian	今天我们更新软件
jintianwomengongzuo	今天我们工作
jintianwomenguanbiruanjian	今天我们关闭软件
jintianwomenheshui	今天我们喝水
jintianwomenhuijia	今天我们回家
jintianwomenkaiche	今天我们开车
jintianwomenkandianshi	今天我们看电视
jintianwomenkandianying	今天我们看电影
jintianwomenkanshipin	今天我们看视频
jintianwomenkanshu	今天我们看书
jintianwomenkeyichifan	今天我们可以吃饭
jintianwomenkeyichumen	今天我们可以出门
jintianwomenkeyichuqu	今天我们可以出去
jintianwomenkeyidadianhua	今天我们可以打电话
jintianwomenkeyidayouxi	今天我们可以打游戏
jintianwomenkeyifaweixin	今天我们可以发微信
jintianwomenkeyifaxiaoxi	今天我们可以发消息
jintianwomenkeyigongzuo	今天我们可以工作
jintianwomenkeyiheshui	今天我们可以喝水
jintianwomenkeyihuijia	今天我们可以回家
jintianwomenkeyikaiche	今天我们可以开车
jintianwomenkeyikandianshi	今天我们可以看电视
jintianwomenkeyikandianying	今天我们可以看电影
jintianwomenkeyikanshipin	今天我们可以看视频
jintianwomenkeyikanshu	今天我们可以看书
jintianwomenkeyiliaotian	今天我们可以聊天
jintianwomenkeyimaidongxi	今天我们可以买东西
jintianwomenkeyiquxuexiao	今天我们可以去学校
jintianwomenkeyishangban	今天我们可以上班
jintianwomenkeyishuijue	今天我们可以睡觉
jintianwomenkeyitingyinle	今天我们可以听音乐
jintianwomenkeyiwanyouxi	今天我们可以玩游戏
jintianwomenkeyixiaban	今天我们可以下班
jintianwomenkeyixiuxi	今天我们可以休息
jintianwomenkeyixizao	今天我们可以洗澡
jintianwomenkeyixuexi	今天我们可以学习
jintianwomenkeyizuoche	今天我们可以坐车
jintianwomenkeyizuofan	今天我们可以做饭
jintianwomenkeyizuofeiji	今天我们可以坐飞机
jintianwomenkeyizuohuoche	今天我们可以坐火车
jintianwomenlianjiewangluo	今天我们连接网络
jintianwomenliaotian	今天我们聊天
jintianwomenmaidongxi	今天我们买东西
jintianwomennengchifan	今天我们能吃饭
jintianwomennengchumen	今天我们能出门
jintianwomennengchuqu	今天我们能出去
jintianwomennengdadianhua	今天我们能打电话
jintianwomennengdayouxi	今天我们能打游戏
jintianwomennengfaweixin	今天我们能发微信
jintianwomennengfaxiaoxi	今天我们能发消息
jintianwomennenggongzuo	今天我们能工作
jintianwomennengheshui	今天我们能喝水
jintianwomennenghuijia	今天我们能回家
jintianwomennengkaiche	今天我们能开车
jintianwomennengkandianshi	今天我们能看电视
jintianwomennengkandianying	今天我们能看电影
jintianwomennengkanshipin	今天我们能看视频
jintianwomennengkanshu	今天我们能看书
jintianwomennengliaotian	今天我们能聊天
jintianwomennengmaidongxi	今天我们能买东西
jintianwomennengquxuexiao	今天我们能去学校
jintianwomennengshangban	今天我们能上班
jintianwomennengshuijue	今天我们能睡觉
jintianwomennengtingyinle	今天我们能听音乐
jintianwomennengwanyouxi	今天我们能玩游戏
jintianwomennengxiaban	今天我们能下班
jintianwomennengxiuxi	今天我们能休息
jintianwomennengxizao	今天我们能洗澡
jintianwomennengxuexi	今天我们能学习
jintianwomennengzuoche	今天我们能坐车
jintianwomennengzuofan	今天我们能做饭
jintianwomennengzuofeiji	今天我们能坐飞机
jintianwomennengzuohuoche	今天我们能坐火车
jintianwomenpaizhaopian	今天我们拍照片
jintianwomenqubeijing	今天我们去北京
jintianwomenquchaoshi	今天我们去超市
jintianwomenqugongsi	今天我们去公司
jintianwomenquguangzhou	今天我们去广州
jintianwomenqushangchang	今天我们去商场
jintianwomenqushanghai	今天我们去上海
jintianwomenqushenzhen	今天我们去深圳
jintianwomenquxuexiao	今天我们去学校
jintianwomenquyiyuan	今天我们去医院
jintianwomenshangban	今天我们上班
jintianwomenshiyongdiannao	今天我们使用电脑
jintianwomenshiyongshouji	今天我们使用手机
jintianwomenshuijue	今天我们睡觉
jintianwomentingyinle	今天我们听音乐
jintianwomenwanyouxi	今天我们玩游戏
jintianwomenxiaban	今天我们下班
jintianwomenxiangchifan	今天我们想吃饭
jintianwomenxiangchumen	今天我们想出门
jintianwomenxiangchuqu	今天我们想出去
jintianwomenxiangdadianhua	今天我们想打电话
jintianwomenxiangdayouxi	今天我们想打游戏
jintianwomenxiangfaweixin	今天我们想发微信
jintianwomenxiangfaxiaoxi	今天我们想发消息
jintianwomenxianggongzuo	今天我们想工作
jintianwomenxiangheshui	今天我们想喝水
jintianwomenxianghuijia	今天我们想回家
jintianwomenxiangkaiche	今天我们想开车
jintianwomenxiangkandianshi	今天我们想看电视
jintianwomenxiangkandianying	今天我们想看电影
jintianwomenxiangkanshipin	今天我们想看视频
jintianwomenxiangkanshu	今天我们想看书
jintianwomenxiangliaotian	今天我们想聊天
jintianwomenxiangmaidongxi	今天我们想买东西
jintianwomenxiangquxuexiao	今天我们想去学校
jintianwomenxiangshangban	今天我们想上班
jintianwomenxiangshuijue	今天我们想睡觉
jintianwomenxiangtingyinle	今天我们想听音乐
jintianwomenxiangwanyouxi	今天我们想玩游戏
jintianwomenxiangxiaban	今天我们想下班
jintianwomenxiangxiuxi	今天我们想休息
jintianwomenxiangxizao	今天我们想洗澡
jintianwomenxiangxuexi	今天我们想学习
jintianwomenxiangyaochifan	今天我们想要吃饭
jintianwomenxiangyaochumen	今天我们想要出门
jintianwomenxiangyaochuqu	今天我们想要出去
jintianwomenxiangyaodadianhua	今天我们想要打电话
jintianwomenxiangyaodayouxi	今天我们想要打游戏
jintianwomenxiangyaofaweixin	今天我们想要发微信
jintianwomenxiangyaofaxiaoxi	今天我们想要发消息
jintianwomenxiangyaogongzuo	今天我们想要工作
jintianwomenxiangyaoheshui	今天我们想要喝水
jintianwomenxiangyaohuijia	今天我们想要回家
jintianwomenxiangyaokaiche	今天我们想要开车
jintianwomenxiangyaokandianshi	今天我们想要看电视
jintianwomenxiangyaokandianying	今天我们想要看电影
jintianwomenxiangyaokanshipin	今天我们想要看视频
jintianwomenxiangyaokanshu	今天我们想要看书
jintianwomenxiangyaoliaotian	今天我们想要聊天
jintianwomenxiangyaomaidongxi	今天我们想要买东西
jintianwomenxiangyaoquxuexiao	今天我们想要去学校
jintianwomenxiangyaoshangban	今天我们想要上班
jintianwomenxiangyaoshuijue	今天我们想要睡觉
jintianwomenxiangyaotingyinle	今天我们想要听音乐
jintianwomenxiangyaowanyouxi	今天我们想要玩游戏
jintianwomenxiangyaoxiaban	今天我们想要下班
jintianwomenxiangyaoxiuxi	今天我们想要休息
jintianwomenxiangyaoxizao	今天我们想要洗澡
jintianwomenxiangyaoxuexi	今天我们想要学习
jintianwomenxiangyaozuoche	今天我们想要坐车
jintianwomenxiangyaozuofan	今天我们想要做饭
jintianwomenxiangyaozuofeiji	今天我们想要坐飞机
jintianwomenxiangyaozuohuoche	今天我们想要坐火车
jintianwomenxiangzuoche	今天我们想坐车
jintianwomenxiangzuofan	今天我们想做饭
jintianwomenxiangzuofeiji	今天我们想坐飞机
jintianwomenxiangzuohuoche	今天我们想坐火车
jintianwomenxiugaishezhi	今天我们修改设置
jintianwomenxiuxi	今天我们休息
jintianwomenxizao	今天我们洗澡
jintianwomenxuexi	今天我们学习
jintianwomenxuyaochifan	今天我们需要吃饭
jintianwomenxuyaochumen	今天我们需要出门
jintianwomenxuyaochuqu	今天我们需要出去
jintianwomenxuyaodadianhua	今天我们需要打电话
jintianwomenxuyaodayouxi	今天我们需要打游戏
jintianwomenxuyaofaweixin	今天我们需要发微信
jintianwomenxuyaofaxiaoxi	今天我们需要发消息
jintianwomenxuyaogongzuo	今天我们需要工作
jintianwomenxuyaoheshui	今天我们需要喝水
jintianwomenxuyaohuijia	今天我们需要回家
jintianwomenxuyaokaiche	今天我们需要开车
jintianwomenxuyaokandianshi	今天我们需要看电视
jintianwomenxuyaokandianying	今天我们需要看电影
jintianwomenxuyaokanshipin	今天我们需要看视频
jintianwomenxuyaokanshu	今天我们需要看书
jintianwomenxuyaoliaotian	今天我们需要聊天
jintianwomenxuyaomaidongxi	今天我们需要买东西
jintianwomenxuyaoquxuexiao	今天我们需要去学校
jintianwomenxuyaoshangban	今天我们需要上班
jintianwomenxuyaoshuijue	今天我们需要睡觉
jintianwomenxuyaotingyinle	今天我们需要听音乐
jintianwomenxuyaowanyouxi	今天我们需要玩游戏
jintianwomenxuyaoxiaban	今天我们需要下班
jintianwomenxuyaoxiuxi	今天我们需要休息
jintianwomenxuyaoxizao	今天我们需要洗澡
jintianwomenxuyaoxuexi	今天我们需要学习
jintianwomenxuyaozuoche	今天我们需要坐车
jintianwomenxuyaozuofan	今天我们需要做饭
jintianwomenxuyaozuofeiji	今天我们需要坐飞机
jintianwomenxuyaozuohuoche	今天我们需要坐火车
jintianwomenyaochifan	今天我们要吃饭
jintianwomenyaochumen	今天我们要出门
jintianwomenyaochuqu	今天我们要出去
jintianwomenyaodadianhua	今天我们要打电话
jintianwomenyaodayouxi	今天我们要打游戏
jintianwomenyaofaweixin	今天我们要发微信
jintianwomenyaofaxiaoxi	今天我们要发消息
jintianwomenyaogongzuo	今天我们要工作
jintianwomenyaoheshui	今天我们要喝水
jintianwomenyaohuijia	今天我们要回家
jintianwomenyaokaiche	今天我们要开车
jintianwomenyaokandianshi	今天我们要看电视
jintianwomenyaokandianying	今天我们要看电影
jintianwomenyaokanshipin	今天我们要看视频
jintianwomenyaokanshu	今天我们要看书
jintianwomenyaoliaotian	今天我们要聊天
jintianwomenyaomaidongxi	今天我们要买东西
jintianwomenyaoquxuexiao	今天我们要去学校
jintianwomenyaoshangban	今天我们要上班
jintianwomenyaoshuijue	今天我们要睡觉
jintianwomenyaotingyinle	今天我们要听音乐
jintianwomenyaowanyouxi	今天我们要玩游戏
jintianwomenyaoxiaban	今天我们要下班
jintianwomenyaoxiuxi	今天我们要休息
jintianwomenyaoxizao	今天我们要洗澡
jintianwomenyaoxuexi	今天我们要学习
jintianwomenyaozuoche	今天我们要坐车
jintianwomenyaozuofan	今天我们要做饭
jintianwomenyaozuofeiji	今天我们要坐飞机
jintianwomenyaozuohuoche	今天我们要坐火车
jintianwomenzhunbeichifan	今天我们准备吃饭
jintianwomenzhunbeichumen	今天我们准备出门
jintianwomenzhunbeichuqu	今天我们准备出去
jintianwomenzhunbeidadianhua	今天我们准备打电话
jintianwomenzhunbeidayouxi	今天我们准备打游戏
jintianwomenzhunbeifaweixin	今天我们准备发微信
jintianwomenzhunbeifaxiaoxi	今天我们准备发消息
jintianwomenzhunbeigongzuo	今天我们准备工作
jintianwomenzhunbeiheshui	今天我们准备喝水
jintianwomenzhunbeihuijia	今天我们准备回家
jintianwomenzhunbeikaiche	今天我们准备开车
jintianwomenzhunbeikandianshi	今天我们准备看电视
jintianwomenzhunbeikandianying	今天我们准备看电影
jintianwomenzhunbeikanshipin	今天我们准备看视频
jintianwomenzhunbeikanshu	今天我们准备看书
jintianwomenzhunbeiliaotian	今天我们准备聊天
jintianwomenzhunbeimaidongxi	今天我们准备买东西
jintianwomenzhunbeiquxuexiao	今天我们准备去学校
jintianwomenzhunbeishangban	今天我们准备上班
jintianwomenzhunbeishuijue	今天我们准备睡觉
jintianwomenzhunbeitingyinle	今天我们准备听音乐
jintianwomenzhunbeiwanyouxi	今天我们准备玩游戏
jintianwomenzhunbeixiaban	今天我们准备下班
jintianwomenzhunbeixiuxi	今天我们准备休息
jintianwomenzhunbeixizao	今天我们准备洗澡
jintianwomenzhunbeixuexi	今天我们准备学习
jintianwomenzhunbeizuoche	今天我们准备坐车
jintianwomenzhunbeizuofan	今天我们准备做饭
jintianwomenzhunbeizuofeiji	今天我们准备坐飞机
jintianwomenzhunbeizuohuoche	今天我们准备坐火车
jintianwomenzuoche	今天我们坐车
jintianwomenzuofan	今天我们做饭
jintianwomenzuofeiji	今天我们坐飞机
jintianwomenzuohuoche	今天我们坐火车
jintianwonengchifan	今天我能吃饭
jintianwonengchumen	今天我能出门
jintianwonengchuqu	今天我能出去
jintianwonengdadianhua	今天我能打电话
jintianwonengdayouxi	今天我能打游戏
jintianwonengfaweixin	今天我能发微信
jintianwonengfaxiaoxi	今天我能发消息
jintianwonenggongzuo	今天我能工作
jintianwonengheshui	今天我能喝水
jintianwonenghuijia	今天我能回家
jintianwonengkaiche	今天我能开车
jintianwonengkandianshi	今天我能看电视
jintianwonengkandianying	今天我能看电影
jintianwonengkanshipin	今天我能看视频
jintianwonengkanshu	今天我能看书
jintianwonengliaotian	今天我能聊天
jintianwonengmaidongxi	今天我能买东西
jintianwonengquxuexiao	今天我能去学校
jintianwonengshangban	今天我能上班
jintianwonengshuijue	今天我能睡觉
jintianwonengtingyinle	今天我能听音乐
jintianwonengwanyouxi	今天我能玩游戏
jintianwonengxiaban	今天我能下班
jintianwonengxiuxi	今天我能休息
jintianwonengxizao	今天我能洗澡
jintianwonengxuexi	今天我能学习
jintianwonengzuoche	今天我能坐车
jintianwonengzuofan	今天我能做饭
jintianwonengzuofeiji	今天我能坐飞机
jintianwonengzuohuoche	今天我能坐火车
jintianwopaizhaopian	今天我拍照片
jintianwoqubeijing	今天我去北京
jintianwoquchaoshi	今天我去超市
jintianwoqugongsi	今天我去公司
jintianwoquguangzhou	今天我去广州
jintianwoqushangchang	今天我去商场
jintianwoqushanghai	今天我去上海
jintianwoqushenzhen	今天我去深圳
jintianwoquxuexiao	今天我去学校
jintianwoquyiyuan	今天我去医院
jintianwoshangban	今天我上班
jintianwoshiyongdiannao	今天我使用电脑
jintianwoshiyongshouji	今天我使用手机
jintianwoshuijue	今天我睡觉
jintianwotingyinle	今天我听音乐
jintianwowanyouxi	今天我玩游戏
jintianwoxiaban	今天我下班
jintianwoxiang	今天我想
jintianwoxiangchifan	今天我想吃饭
jintianwoxiangchumen	今天我想出门
jintianwoxiangchuqu	今天我想出去
jintianwoxiangdadianhua	今天我想打电话
jintianwoxiangdayouxi	今天我想打游戏
jintianwoxiangfaweixin	今天我想发微信
jintianwoxiangfaxiaoxi	今天我想发消息
jintianwoxianggongzuo	今天我想工作
jintianwoxiangheshui	今天我想喝水
jintianwoxianghuijia	今天我想回家
jintianwoxiangkaiche	今天我想开车
jintianwoxiangkandianshi	今天我想看电视
jintianwoxiangkandianying	今天我想看电影
jintianwoxiangkanshipin	今天我想看视频
jintianwoxiangkanshu	今天我想看书
jintianwoxiangliaotian	今天我想聊天
jintianwoxiangmaidongxi	今天我想买东西
jintianwoxiangquxuexiao	今天我想去学校
jintianwoxiangshangban	今天我想上班
jintianwoxiangshuijue	今天我想睡觉
jintianwoxiangtingyinle	今天我想听音乐
jintianwoxiangwanyouxi	今天我想玩游戏
jintianwoxiangxiaban	今天我想下班
jintianwoxiangxiuxi	今天我想休息
jintianwoxiangxizao	今天我想洗澡
jintianwoxiangxuexi	今天我想学习
jintianwoxiangyaochifan	今天我想要吃饭
jintianwoxiangyaochumen	今天我想要出门
jintianwoxiangyaochuqu	今天我想要出去
jintianwoxiangyaodadianhua	今天我想要打电话
jintianwoxiangyaodayouxi	今天我想要打游戏
jintianwoxiangyaofaweixin	今天我想要发微信
jintianwoxiangyaofaxiaoxi	今天我想要发消息
jintianwoxiangyaogongzuo	今天我想要工作
jintianwoxiangyaoheshui	今天我想要喝水
jintianwoxiangyaohuijia	今天我想要回家
jintianwoxiangyaokaiche	今天我想要开车
jintianwoxiangyaokandianshi	今天我想要看电视
jintianwoxiangyaokandianying	今天我想要看电影
jintianwoxiangyaokanshipin	今天我想要看视频
jintianwoxiangyaokanshu	今天我想要看书
jintianwoxiangyaoliaotian	今天我想要聊天
jintianwoxiangyaomaidongxi	今天我想要买东西
jintianwoxiangyaoquxuexiao	今天我想要去学校
jintianwoxiangyaoshangban	今天我想要上班
jintianwoxiangyaoshuijue	今天我想要睡觉
jintianwoxiangyaotingyinle	今天我想要听音乐
jintianwoxiangyaowanyouxi	今天我想要玩游戏
jintianwoxiangyaoxiaban	今天我想要下班
jintianwoxiangyaoxiuxi	今天我想要休息
jintianwoxiangyaoxizao	今天我想要洗澡
jintianwoxiangyaoxuexi	今天我想要学习
jintianwoxiangyaozuoche	今天我想要坐车
jintianwoxiangyaozuofan	今天我想要做饭
jintianwoxiangyaozuofeiji	今天我想要坐飞机
jintianwoxiangyaozuohuoche	今天我想要坐火车
jintianwoxiangzuoche	今天我想坐车
jintianwoxiangzuofan	今天我想做饭
jintianwoxiangzuofeiji	今天我想坐飞机
jintianwoxiangzuohuoche	今天我想坐火车
jintianwoxiugaishezhi	今天我修改设置
jintianwoxiuxi	今天我休息
jintianwoxizao	今天我洗澡
jintianwoxuexi	今天我学习
jintianwoxuyaochifan	今天我需要吃饭
jintianwoxuyaochumen	今天我需要出门
jintianwoxuyaochuqu	今天我需要出去
jintianwoxuyaodadianhua	今天我需要打电话
jintianwoxuyaodayouxi	今天我需要打游戏
jintianwoxuyaofaweixin	今天我需要发微信
jintianwoxuyaofaxiaoxi	今天我需要发消息
jintianwoxuyaogongzuo	今天我需要工作
jintianwoxuyaoheshui	今天我需要喝水
jintianwoxuyaohuijia	今天我需要回家
jintianwoxuyaokaiche	今天我需要开车
jintianwoxuyaokandianshi	今天我需要看电视
jintianwoxuyaokandianying	今天我需要看电影
jintianwoxuyaokanshipin	今天我需要看视频
jintianwoxuyaokanshu	今天我需要看书
jintianwoxuyaoliaotian	今天我需要聊天
jintianwoxuyaomaidongxi	今天我需要买东西
jintianwoxuyaoquxuexiao	今天我需要去学校
jintianwoxuyaoshangban	今天我需要上班
jintianwoxuyaoshuijue	今天我需要睡觉
jintianwoxuyaotingyinle	今天我需要听音乐
jintianwoxuyaowanyouxi	今天我需要玩游戏
jintianwoxuyaoxiaban	今天我需要下班
jintianwoxuyaoxiuxi	今天我需要休息
jintianwoxuyaoxizao	今天我需要洗澡
jintianwoxuyaoxuexi	今天我需要学习
jintianwoxuyaozuoche	今天我需要坐车
jintianwoxuyaozuofan	今天我需要做饭
jintianwoxuyaozuofeiji	今天我需要坐飞机
jintianwoxuyaozuohuoche	今天我需要坐火车
jintianwoyaochifan	今天我要吃饭
jintianwoyaochumen	今天我要出门
jintianwoyaochuqu	今天我要出去
jintianwoyaodadianhua	今天我要打电话
jintianwoyaodayouxi	今天我要打游戏
jintianwoyaofaweixin	今天我要发微信
jintianwoyaofaxiaoxi	今天我要发消息
jintianwoyaogongzuo	今天我要工作
jintianwoyaoheshui	今天我要喝水
jintianwoyaohuijia	今天我要回家
jintianwoyaokaiche	今天我要开车
jintianwoyaokandianshi	今天我要看电视
jintianwoyaokandianying	今天我要看电影
jintianwoyaokanshipin	今天我要看视频
jintianwoyaokanshu	今天我要看书
jintianwoyaoliaotian	今天我要聊天
jintianwoyaomaidongxi	今天我要买东西
jintianwoyaoquxuexiao	今天我要去学校
jintianwoyaoshangban	今天我要上班
jintianwoyaoshuijue	今天我要睡觉
jintianwoyaotingyinle	今天我要听音乐
jintianwoyaowanyouxi	今天我要玩游戏
jintianwoyaoxiaban	今天我要下班
jintianwoyaoxiuxi	今天我要休息
jintianwoyaoxizao	今天我要洗澡
jintianwoyaoxuexi	今天我要学习
jintianwoyaozuoche	今天我要坐车
jintianwoyaozuofan	今天我要做饭
jintianwoyaozuofeiji	今天我要坐飞机
jintianwoyaozuohuoche	今天我要坐火车
jintianwozhunbeichifan	今天我准备吃饭
jintianwozhunbeichumen	今天我准备出门
jintianwozhunbeichuqu	今天我准备出去
jintianwozhunbeidadianhua	今天我准备打电话
jintianwozhunbeidayouxi	今天我准备打游戏
jintianwozhunbeifaweixin	今天我准备发微信
jintianwozhunbeifaxiaoxi	今天我准备发消息
jintianwozhunbeigongzuo	今天我准备工作
jintianwozhunbeiheshui	今天我准备喝水
jintianwozhunbeihuijia	今天我准备回家
jintianwozhunbeikaiche	今天我准备开车
jintianwozhunbeikandianshi	今天我准备看电视
jintianwozhunbeikandianying	今天我准备看电影
jintianwozhunbeikanshipin	今天我准备看视频
jintianwozhunbeikanshu	今天我准备看书
jintianwozhunbeiliaotian	今天我准备聊天
jintianwozhunbeimaidongxi	今天我准备买东西
jintianwozhunbeiquxuexiao	今天我准备去学校
jintianwozhunbeishangban	今天我准备上班
jintianwozhunbeishuijue	今天我准备睡觉
jintianwozhunbeitingyinle	今天我准备听音乐
jintianwozhunbeiwanyouxi	今天我准备玩游戏
jintianwozhunbeixiaban	今天我准备下班
jintianwozhunbeixiuxi	今天我准备休息
jintianwozhunbeixizao	今天我准备洗澡
jintianwozhunbeixuexi	今天我准备学习
jintianwozhunbeizuoche	今天我准备坐车
jintianwozhunbeizuofan	今天我准备做饭
jintianwozhunbeizuofeiji	今天我准备坐飞机
jintianwozhunbeizuohuoche	今天我准备坐火车
jintianwozuoche	今天我坐车
jintianwozuofan	今天我做饭
jintianwozuofeiji	今天我坐飞机
jintianwozuohuoche	今天我坐火车
jiong	冂	扃	炅	炯	窘	迥
jiu	旧	就	久	九	僦	厩	咎	啾	揪	救	柩	桕	灸	玖	疚	究
jiucuo	纠错
jixu	继续
ju	举	俱	倨	具	剧	句	咀	局	居	屦	巨	惧	拒	拘	据	掬
juan	倦	卷	娟	捐	桊	涓	狷	眷	绢	蠲	鄄	锩	镌	隽	鹃
jue	倔	决	劂	厥	噘	嚼	孓	崛	抉	掘	撅	攫	桷	橛	爝	爵
jun	俊	军	君	均	峻	捃	浚	皲	竣	菌	郡	钧	骏	麇
juzi	句子
ka	佧	卡	咔	咖	喀	胩
kafei	咖啡
kai	开	凯	剀	垲	忾	恺	慨	揩	楷	蒈	铠	锎	锴
kaiche	开车
kaifaruanjian	开发软件
kaifazhe	开发者
kaiguan	开关
kaihui	开会
kaishi	开始
kan	看	侃	刊	勘	坎	堪	戡	槛	瞰	砍	莰	阚	龛
kandianshi	看电视
kandianying	看电影
kang	亢	伉	康	慷	扛	抗	炕	糠	钪	闶
kanshipin	看视频
kanshu	看书
kanyixia	看一下
kao	尻	拷	栲	烤	犒	考	铐	靠
kaoshi	考试
ke	可	克	刻	嗑	坷	壳	客	岢	恪	柯	棵	氪	渴	溘	珂	疴
kecheng	课程
kehu	客户
ken	啃	垦	恳	肯	裉
keng	吭	坑	铿
keyi	可以
keyibangwochulima	可以帮我处理吗
keyibangwojianchama	可以帮我检查吗
keyibangwokankanma	可以帮我看看吗
keyibangwoxiufuma	可以帮我修复吗
keyibangwoxiugaima	可以帮我修改吗
keyichifanma	可以吃饭吗
keyichumenma	可以出门吗
keyichuquma	可以出去吗
keyidadianhuama	可以打电话吗
keyidayouxima	可以打游戏吗
keyifaweixinma	可以发微信吗
keyifaxiaoxima	可以发消息吗
keyigongzuoma	可以工作吗
keyiheshuima	可以喝水吗
keyihuijiama	可以回家吗
keyikaichema	可以开车吗
keyikandianshima	可以看电视吗
keyikandianyingma	可以看电影吗
keyikanshipinma	可以看视频吗
keyikanshuma	可以看书吗
keyiliaotianma	可以聊天吗
keyima	可以吗
keyimaidongxima	可以买东西吗
keyiqubeijingma	可以去北京吗
keyiquchaoshima	可以去超市吗
keyiqugongsima	可以去公司吗
keyiqushangchangma	可以去商场吗
keyiqushanghaima	可以去上海吗
keyiquxuexiaoma	可以去学校吗
keyiquyiyuanma	可以去医院吗
keyishangbanma	可以上班吗
keyishuijuema	可以睡觉吗
keyitingyinlema	可以听音乐吗
keyiwanyouxima	可以玩游戏吗
keyixiabanma	可以下班吗
keyixiuxima	可以休息吗
keyixizaoma	可以洗澡吗
keyixuexima	可以学习吗
keyizuochema	可以坐车吗
keyizuofanma	可以做饭吗
keyizuofeijima	可以坐飞机吗
keyizuohuochema	可以坐火车吗
kong	倥	孔	崆	恐	控	空	箜
kongjian	空间
kou	口	叩	寇	扣	抠	眍	筘	芤	蔻
ku	刳	哭	喾	堀	库	枯	窟	绔	苦	裤	酷	骷
kua	侉	垮	夸	挎	胯	跨
kuai	快	侩	哙	块	狯	筷	脍	蒯	郐
kuan	宽	款	髋
kuandu	宽度
kuang	况	匡	哐	圹	夼	旷	框	狂	眶	矿	筐	纩	诓	诳	贶	邝
kui	亏	傀	匮	喟	喹	夔	奎	岿	悝	愦	愧	揆	暌	溃	盔	睽
kun	困	坤	悃	捆	昆	琨	醌	锟	阃	髡	鲲
kunnan	困难
kuo	廓	扩	括	蛞	阔
kuozhan	扩展
la	剌	啦	喇	垃	拉	旯	瘌	砬	腊	蜡	辣	邋
lai	来	崃	徕	涞	濑	癞	睐	籁	莱	赉	赖	铼
lan	兰	婪	岚	懒	拦	揽	斓	栏	榄	滥	漤	澜	烂	篮	缆	罱
lang	啷	廊	朗	榔	浪	狼	琅	稂	莨	蒗	螂	郎	锒	阆
lanya	蓝牙
lao	老	佬	劳	唠	姥	崂	捞	栳	涝	烙	牢	痨	耢	酪	醪	铑
laogong	老公
laopo	老婆
laoshi	老师
le	了	乐	仂	叻	泐	鳓
lei	儡	勒	嘞	垒	嫘	擂	檑	泪	磊	类	累	缧	羸	耒	肋	蕾
leng	冷	塄	愣	棱	楞
li	里	理	力	丽	例	俐	俚	俪	傈	利	励	历	厉	厘	吏	呖
lia	俩
lian	奁	帘	廉	怜	恋	敛	楝	殓	涟	潋	濂	炼	琏	练	联	脸
liang	两	亮	凉	墚	晾	梁	椋	粮	粱	良	谅	踉	辆	量	魉
liangkuai	凉快
lianjie	连接
lianjiewangluo	连接网络
lianxiang	联想
lianxupinyin	连续拼音
liao	僚	嘹	寥	寮	尥	廖	撂	撩	料	潦	燎	獠	疗	缭	聊	蓼
liaotian	聊天
lie	冽	列	劣	咧	埒	捩	洌	烈	猎	裂	趔	躐	鬣
limian	里面
lin	临	凛	吝	啉	嶙	廪	懔	拎	林	檩	淋	琳	瞵	磷	粼	膦
ling	令	伶	凌	另	呤	囹	岭	柃	棂	泠	灵	玲	瓴	绫	羚	翎
lingchen	凌晨
liu	六	刘	旒	柳	榴	流	浏	溜	熘	琉	留	瘤	硫	绺	遛	鎏
lizi	例子
long	咙	垄	垅	拢	栊	泷	珑	癃	砻	窿	笼	聋	胧	茏	陇	隆
lou	偻	喽	娄	嵝	搂	楼	漏	瘘	篓	耧	蒌	蝼	镂	陋	髅
lu	侣	卢	卤	吕	噜	垆	屡	履	庐	录	律	戮	捋	掳	撸	旅
luan	乱	卵	娈	孪	峦	挛	栾	滦	脔	銮	鸾
lue	掠	略	锊
lun	仑	伦	囵	抡	沦	纶	论	轮
luo	倮	摞	椤	泺	洛	漯	猡	珞	瘰	箩	络	罗	脶	荦	萝	落
luyouqi	路由器
ma	吗	嘛	妈	杩	犸	玛	码	蚂	蟆	马	骂	麻
mac	Mac
macbook	MacBook
macmini	Macmini
mafanni	麻烦你
mai	买	劢	卖	唛	埋	脉	荬	迈	霾	麦
maidongxi	买东西
mama	妈妈
man	慢	墁	幔	曼	满	漫	熳	瞒	缦	蔓	蛮	螨	谩	镘	鞔	颟
mang	忙	氓	漭	盲	硭	芒	茫	莽	蟒	邙
mantou	馒头
mao	冒	卯	峁	帽	懋	旄	昴	毛	泖	牦	猫	瑁	瞀	矛	耄	茂
mashang	马上
me	么
mei	没	美	妹	媒	媚	寐	嵋	昧	枚	梅	楣	每	浼	湄	煤	猸
meiguanxi	没关系
meiguo	美国
meimei	妹妹
meiwenti	没问题
meiyouhouxuan	没有候选
meiyouhouxuanci	没有候选词
meiyoujiucuo	没有纠错
meiyoulianxiang	没有联想
meiyouwangluo	没有网络
men	们	懑	扪	焖	钔	门	闷
meng	勐	孟	懵	朦	梦	檬	猛	甍	盟	瞢	礞	艋	艨	萌	蒙	虻
mi	冖	咪	嘧	宓	密	幂	弥	弭	敉	汨	泌	猕	眯	祢	秘	米
mian	面	免	冕	勉	娩	宀	棉	沔	渑	湎	眄	眠	绵	缅	腼
mianban	面板
miantiao	面条
miao	喵	妙	庙	描	杪	淼	渺	眇	瞄	秒	缈	苗	藐	邈	鹋
mie	乜	咩	灭	篾	蔑	蠛
mifan	米饭
mima	密码
min	民	岷	悯	愍	抿	敏	泯	珉	皿	缗	苠	闵	闽	鳘	黾
ming	明	冥	名	命	暝	溟	瞑	茗	螟	酩	铭	鸣
mingbai	明白
mingnian	明年
mingtian	明天
mingtianjian	明天见
mingtiannianzhuangruanjian	明天你安装软件
mingtiannibuxiangchifan	明天你不想吃饭
mingtiannibuxiangchumen	明天你不想出门
mingtiannibuxiangchuqu	明天你不想出去
mingtiannibuxiangdadianhua	明天你不想打电话
mingtiannibuxiangdayouxi	明天你不想打游戏
mingtiannibuxiangfaweixin	明天你不想发微信
mingtiannibuxiangfaxiaoxi	明天你不想发消息
mingtiannibuxianggongzuo	明天你不想工作
mingtiannibuxiangheshui	明天你不想喝水
mingtiannibuxianghuijia	明天你不想回家
mingtiannibuxiangkaiche	明天你不想开车
mingtiannibuxiangkandianshi	明天你不想看电视
mingtiannibuxiangkandianying	明天你不想看电影
mingtiannibuxiangkanshipin	明天你不想看视频
mingtiannibuxiangkanshu	明天你不想看书
mingtiannibuxiangliaotian	明天你不想聊天
mingtiannibuxiangmaidongxi	明天你不想买东西
mingtiannibuxiangquxuexiao	明天你不想去学校
mingtiannibuxiangshangban	明天你不想上班
mingtiannibuxiangshuijue	明天你不想睡觉
mingtiannibuxiangtingyinle	明天你不想听音乐
mingtiannibuxiangwanyouxi	明天你不想玩游戏
mingtiannibuxiangxiaban	明天你不想下班
mingtiannibuxiangxiuxi	明天你不想休息
mingtiannibuxiangxizao	明天你不想洗澡
mingtiannibuxiangxuexi	明天你不想学习
mingtiannibuxiangzuoche	明天你不想坐车
mingtiannibuxiangzuofan	明天你不想做饭
mingtiannibuxiangzuofeiji	明天你不想坐飞机
mingtiannibuxiangzuohuoche	明天你不想坐火车
mingtiannibuyaochifan	明天你不要吃饭
mingtiannibuyaochumen	明天你不要出门
mingtiannibuyaochuqu	明天你不要出去
mingtiannibuyaodadianhua	明天你不要打电话
mingtiannibuyaodayouxi	明天你不要打游戏
mingtiannibuyaofaweixin	明天你不要发微信
mingtiannibuyaofaxiaoxi	明天你不要发消息
mingtiannibuyaogongzuo	明天你不要工作
mingtiannibuyaoheshui	明天你不要喝水
mingtiannibuyaohuijia	明天你不要回家
mingtiannibuyaokaiche	明天你不要开车
mingtiannibuyaokandianshi	明天你不要看电视
mingtiannibuyaokandianying	明天你不要看电影
mingtiannibuyaokanshipin	明天你不要看视频
mingtiannibuyaokanshu	明天你不要看书
mingtiannibuyaoliaotian	明天你不要聊天
mingtiannibuyaomaidongxi	明天你不要买东西
mingtiannibuyaoquxuexiao	明天你不要去学校
mingtiannibuyaoshangban	明天你不要上班
mingtiannibuyaoshuijue	明天你不要睡觉
mingtiannibuyaotingyinle	明天你不要听音乐
mingtiannibuyaowanyouxi	明天你不要玩游戏
mingtiannibuyaoxiaban	明天你不要下班
mingtiannibuyaoxiuxi	明天你不要休息
mingtiannibuyaoxizao	明天你不要洗澡
mingtiannibuyaoxuexi	明天你不要学习
mingtiannibuyaozuoche	明天你不要坐车
mingtiannibuyaozuofan	明天你不要做饭
mingtiannibuyaozuofeiji	明天你不要坐飞机
mingtiannibuyaozuohuoche	明天你不要坐火车
mingtiannichifan	明天你吃饭
mingtiannichumen	明天你出门
mingtiannichuqu	明天你出去
mingtiannidadianhua	明天你打电话
mingtiannidakaidiannao	明天你打开电脑
mingtiannidakairuanjian	明天你打开软件
mingtiannidasuanchifan	明天你打算吃饭
mingtiannidasuanchumen	明天你打算出门
mingtiannidasuanchuqu	明天你打算出去
mingtiannidasuandadianhua	明天你打算打电话
mingtiannidasuandayouxi	明天你打算打游戏
mingtiannidasuanfaweixin	明天你打算发微信
mingtiannidasuanfaxiaoxi	明天你打算发消息
mingtiannidasuangongzuo	明天你打算工作
mingtiannidasuanheshui	明天你打算喝水
mingtiannidasuanhuijia	明天你打算回家
mingtiannidasuankaiche	明天你打算开车
mingtiannidasuankandianshi	明天你打算看电视
mingtiannidasuankandianying	明天你打算看电影
mingtiannidasuankanshipin	明天你打算看视频
mingtiannidasuankanshu	明天你打算看书
mingtiannidasuanliaotian	明天你打算聊天
mingtiannidasuanmaidongxi	明天你打算买东西
mingtiannidasuanquxuexiao	明天你打算去学校
mingtiannidasuanshangban	明天你打算上班
mingtiannidasuanshuijue	明天你打算睡觉
mingtiannidasuantingyinle	明天你打算听音乐
mingtiannidasuanwanyouxi	明天你打算玩游戏
mingtiannidasuanxiaban	明天你打算下班
mingtiannidasuanxiuxi	明天你打算休息
mingtiannidasuanxizao	明天你打算洗澡
mingtiannidasuanxuexi	明天你打算学习
mingtiannidasuanzuoche	明天你打算坐车
mingtiannidasuanzuofan	明天你打算做饭
mingtiannidasuanzuofeiji	明天你打算坐飞机
mingtiannidasuanzuohuoche	明天你打算坐火车
mingtiannidayouxi	明天你打游戏
mingtiannifaweixin	明天你发微信
mingtiannifaxiaoxi	明天你发消息
mingtiannigengxinruanjian	明天你更新软件
mingtiannigongzuo	明天你工作
mingtianniguanbiruanjian	明天你关闭软件
mingtianniheshui	明天你喝水
mingtiannihuijia	明天你回家
mingtiannikaiche	明天你开车
mingtiannikandianshi	明天你看电视
mingtiannikandianying	明天你看电影
mingtiannikanshipin	明天你看视频
mingtiannikanshu	明天你看书
mingtiannikeyichifan	明天你可以吃饭
mingtiannikeyichumen	明天你可以出门
mingtiannikeyichuqu	明天你可以出去
mingtiannikeyidadianhua	明天你可以打电话
mingtiannikeyidayouxi	明天你可以打游戏
mingtiannikeyifaweixin	明天你可以发微信
mingtiannikeyifaxiaoxi	明天你可以发消息
mingtiannikeyigongzuo	明天你可以工作
mingtiannikeyiheshui	明天你可以喝水
mingtiannikeyihuijia	明天你可以回家
mingtiannikeyikaiche	明天你可以开车
mingtiannikeyikandianshi	明天你可以看电视
mingtiannikeyikandianying	明天你可以看电影
mingtiannikeyikanshipin	明天你可以看视频
mingtiannikeyikanshu	明天你可以看书
mingtiannikeyiliaotian	明天你可以聊天
mingtiannikeyimaidongxi	明天你可以买东西
mingtiannikeyiquxuexiao	明天你可以去学校
mingtiannikeyishangban	明天你可以上班
mingtiannikeyishuijue	明天你可以睡觉
mingtiannikeyitingyinle	明天你可以听音乐
mingtiannikeyiwanyouxi	明天你可以玩游戏
mingtiannikeyixiaban	明天你可以下班
mingtiannikeyixiuxi	明天你可以休息
mingtiannikeyixizao	明天你可以洗澡
mingtiannikeyixuexi	明天你可以学习
mingtiannikeyizuoche	明天你可以坐车
mingtiannikeyizuofan	明天你可以做饭
mingtiannikeyizuofeiji	明天你可以坐飞机
mingtiannikeyizuohuoche	明天你可以坐火车
mingtiannilianjiewangluo	明天你连接网络
mingtianniliaotian	明天你聊天
mingtiannimaidongxi	明天你买东西
mingtianninengchifan	明天你能吃饭
mingtianninengchumen	明天你能出门
mingtianninengchuqu	明天你能出去
mingtianninengdadianhua	明天你能打电话
mingtianninengdayouxi	明天你能打游戏
mingtianninengfaweixin	明天你能发微信
mingtianninengfaxiaoxi	明天你能发消息
mingtianninenggongzuo	明天你能工作
mingtianninengheshui	明天你能喝水
mingtianninenghuijia	明天你能回家
mingtianninengkaiche	明天你能开车
mingtianninengkandianshi	明天你能看电视
mingtianninengkandianying	明天你能看电影
mingtianninengkanshipin	明天你能看视频
mingtianninengkanshu	明天你能看书
mingtianninengliaotian	明天你能聊天
mingtianninengmaidongxi	明天你能买东西
mingtianninengquxuexiao	明天你能去学校
mingtianninengshangban	明天你能上班
mingtianninengshuijue	明天你能睡觉
mingtianninengtingyinle	明天你能听音乐
mingtianninengwanyouxi	明天你能玩游戏
mingtianninengxiaban	明天你能下班
mingtianninengxiuxi	明天你能休息
mingtianninengxizao	明天你能洗澡
mingtianninengxuexi	明天你能学习
mingtianninengzuoche	明天你能坐车
mingtianninengzuofan	明天你能做饭
mingtianninengzuofeiji	明天你能坐飞机
mingtianninengzuohuoche	明天你能坐火车
mingtiannipaizhaopian	明天你拍照片
mingtianniqubeijing	明天你去北京
mingtianniquchaoshi	明天你去超市
mingtianniqugongsi	明天你去公司
mingtianniquguangzhou	明天你去广州
mingtianniqushangchang	明天你去商场
mingtianniqushanghai	明天你去上海
mingtianniqushenzhen	明天你去深圳
mingtianniquxuexiao	明天你去学校
mingtianniquyiyuan	明天你去医院
mingtiannishangban	明天你上班
mingtiannishiyongdiannao	明天你使用电脑
mingtiannishiyongshouji	明天你使用手机
mingtiannishuijue	明天你睡觉
mingtiannitingyinle	明天你听音乐
mingtianniwanyouxi	明天你玩游戏
mingtiannixiaban	明天你下班
mingtiannixiangchifan	明天你想吃饭
mingtiannixiangchumen	明天你想出门
mingtiannixiangchuqu	明天你想出去
mingtiannixiangdadianhua	明天你想打电话
mingtiannixiangdayouxi	明天你想打游戏
mingtiannixiangfaweixin	明天你想发微信
mingtiannixiangfaxiaoxi	明天你想发消息
mingtiannixianggongzuo	明天你想工作
mingtiannixiangheshui	明天你想喝水
mingtiannixianghuijia	明天你想回家
mingtiannixiangkaiche	明天你想开车
mingtiannixiangkandianshi	明天你想看电视
mingtiannixiangkandianying	明天你想看电影
mingtiannixiangkanshipin	明天你想看视频
mingtiannixiangkanshu	明天你想看书
mingtiannixiangliaotian	明天你想聊天
mingtiannixiangmaidongxi	明天你想买东西
mingtiannixiangquxuexiao	明天你想去学校
mingtiannixiangshangban	明天你想上班
mingtiannixiangshuijue	明天你想睡觉
mingtiannixiangtingyinle	明天你想听音乐
mingtiannixiangwanyouxi	明天你想玩游戏
mingtiannixiangxiaban	明天你想下班
mingtiannixiangxiuxi	明天你想休息
mingtiannixiangxizao	明天你想洗澡
mingtiannixiangxuexi	明天你想学习
mingtiannixiangyaochifan	明天你想要吃饭
mingtiannixiangyaochumen	明天你想要出门
mingtiannixiangyaochuqu	明天你想要出去
mingtiannixiangyaodadianhua	明天你想要打电话
mingtiannixiangyaodayouxi	明天你想要打游戏
mingtiannixiangyaofaweixin	明天你想要发微信
mingtiannixiangyaofaxiaoxi	明天你想要发消息
mingtiannixiangyaogongzuo	明天你想要工作
mingtiannixiangyaoheshui	明天你想要喝水
mingtiannixiangyaohuijia	明天你想要回家
mingtiannixiangyaokaiche	明天你想要开车
mingtiannixiangyaokandianshi	明天你想要看电视
mingtiannixiangyaokandianying	明天你想要看电影
mingtiannixiangyaokanshipin	明天你想要看视频
mingtiannixiangyaokanshu	明天你想要看书
mingtiannixiangyaoliaotian	明天你想要聊天
mingtiannixiangyaomaidongxi	明天你想要买东西
mingtiannixiangyaoquxuexiao	明天你想要去学校
mingtiannixiangyaoshangban	明天你想要上班
mingtiannixiangyaoshuijue	明天你想要睡觉
mingtiannixiangyaotingyinle	明天你想要听音乐
mingtiannixiangyaowanyouxi	明天你想要玩游戏
mingtiannixiangyaoxiaban	明天你想要下班
mingtiannixiangyaoxiuxi	明天你想要休息
mingtiannixiangyaoxizao	明天你想要洗澡
mingtiannixiangyaoxuexi	明天你想要学习
mingtiannixiangyaozuoche	明天你想要坐车
mingtiannixiangyaozuofan	明天你想要做饭
mingtiannixiangyaozuofeiji	明天你想要坐飞机
mingtiannixiangyaozuohuoche	明天你想要坐火车
mingtiannixiangzuoche	明天你想坐车
mingtiannixiangzuofan	明天你想做饭
mingtiannixiangzuofeiji	明天你想坐飞机
mingtiannixiangzuohuoche	明天你想坐火车
mingtiannixiugaishezhi	明天你修改设置
mingtiannixiuxi	明天你休息
mingtiannixizao	明天你洗澡
mingtiannixuexi	明天你学习
mingtiannixuyaochifan	明天你需要吃饭
mingtiannixuyaochumen	明天你需要出门
mingtiannixuyaochuqu	明天你需要出去
mingtiannixuyaodadianhua	明天你需要打电话
mingtiannixuyaodayouxi	明天你需要打游戏
mingtiannixuyaofaweixin	明天你需要发微信
mingtiannixuyaofaxiaoxi	明天你需要发消息
mingtiannixuyaogongzuo	明天你需要工作
mingtiannixuyaoheshui	明天你需要喝水
mingtiannixuyaohuijia	明天你需要回家
mingtiannixuyaokaiche	明天你需要开车
mingtiannixuyaokandianshi	明天你需要看电视
mingtiannixuyaokandianying	明天你需要看电影
mingtiannixuyaokanshipin	明天你需要看视频
mingtiannixuyaokanshu	明天你需要看书
mingtiannixuyaoliaotian	明天你需要聊天
mingtiannixuyaomaidongxi	明天你需要买东西
mingtiannixuyaoquxuexiao	明天你需要去学校
mingtiannixuyaoshangban	明天你需要上班
mingtiannixuyaoshuijue	明天你需要睡觉
mingtiannixuyaotingyinle	明天你需要听音乐
mingtiannixuyaowanyouxi	明天你需要玩游戏
mingtiannixuyaoxiaban	明天你需要下班
mingtiannixuyaoxiuxi	明天你需要休息
mingtiannixuyaoxizao	明天你需要洗澡
mingtiannixuyaoxuexi	明天你需要学习
mingtiannixuyaozuoche	明天你需要坐车
mingtiannixuyaozuofan	明天你需要做饭
mingtiannixuyaozuofeiji	明天你需要坐飞机
mingtiannixuyaozuohuoche	明天你需要坐火车
mingtianniyaochifan	明天你要吃饭
mingtianniyaochumen	明天你要出门
mingtianniyaochuqu	明天你要出去
mingtianniyaodadianhua	明天你要打电话
mingtianniyaodayouxi	明天你要打游戏
mingtianniyaofaweixin	明天你要发微信
mingtianniyaofaxiaoxi	明天你要发消息
mingtianniyaogongzuo	明天你要工作
mingtianniyaoheshui	明天你要喝水
mingtianniyaohuijia	明天你要回家
mingtianniyaokaiche	明天你要开车
mingtianniyaokandianshi	明天你要看电视
mingtianniyaokandianying	明天你要看电影
mingtianniyaokanshipin	明天你要看视频
mingtianniyaokanshu	明天你要看书
mingtianniyaoliaotian	明天你要聊天
mingtianniyaomaidongxi	明天你要买东西
mingtianniyaoquxuexiao	明天你要去学校
mingtianniyaoshangban	明天你要上班
mingtianniyaoshuijue	明天你要睡觉
mingtianniyaotingyinle	明天你要听音乐
mingtianniyaowanyouxi	明天你要玩游戏
mingtianniyaoxiaban	明天你要下班
mingtianniyaoxiuxi	明天你要休息
mingtianniyaoxizao	明天你要洗澡
mingtianniyaoxuexi	明天你要学习
mingtianniyaozuoche	明天你要坐车
mingtianniyaozuofan	明天你要做饭
mingtianniyaozuofeiji	明天你要坐飞机
mingtianniyaozuohuoche	明天你要坐火车
mingtiannizhunbeichifan	明天你准备吃饭
mingtiannizhunbeichumen	明天你准备出门
mingtiannizhunbeichuqu	明天你准备出去
mingtiannizhunbeidadianhua	明天你准备打电话
mingtiannizhunbeidayouxi	明天你准备打游戏
mingtiannizhunbeifaweixin	明天你准备发微信
mingtiannizhunbeifaxiaoxi	明天你准备发消息
mingtiannizhunbeigongzuo	明天你准备工作
mingtiannizhunbeiheshui	明天你准备喝水
mingtiannizhunbeihuijia	明天你准备回家
mingtiannizhunbeikaiche	明天你准备开车
mingtiannizhunbeikandianshi	明天你准备看电视
mingtiannizhunbeikandianying	明天你准备看电影
mingtiannizhunbeikanshipin	明天你准备看视频
mingtiannizhunbeikanshu	明天你准备看书
mingtiannizhunbeiliaotian	明天你准备聊天
mingtiannizhunbeimaidongxi	明天你准备买东西
mingtiannizhunbeiquxuexiao	明天你准备去学校
mingtiannizhunbeishangban	明天你准备上班
mingtiannizhunbeishuijue	明天你准备睡觉
mingtiannizhunbeitingyinle	明天你准备听音乐
mingtiannizhunbeiwanyouxi	明天你准备玩游戏
mingtiannizhunbeixiaban	明天你准备下班
mingtiannizhunbeixiuxi	明天你准备休息
mingtiannizhunbeixizao	明天你准备洗澡
mingtiannizhunbeixuexi	明天你准备学习
mingtiannizhunbeizuoche	明天你准备坐车
mingtiannizhunbeizuofan	明天你准备做饭
mingtiannizhunbeizuofeiji	明天你准备坐飞机
mingtiannizhunbeizuohuoche	明天你准备坐火车
mingtiannizuoche	明天你坐车
mingtiannizuofan	明天你做饭
mingtiannizuofeiji	明天你坐飞机
mingtiannizuohuoche	明天你坐火车
mingtiantaanzhuangruanjian	明天他安装软件
mingtiantabuxiangchifan	明天他不想吃饭
mingtiantabuxiangchumen	明天他不想出门
mingtiantabuxiangchuqu	明天他不想出去
mingtiantabuxiangdadianhua	明天他不想打电话
mingtiantabuxiangdayouxi	明天他不想打游戏
mingtiantabuxiangfaweixin	明天他不想发微信
mingtiantabuxiangfaxiaoxi	明天他不想发消息
mingtiantabuxianggongzuo	明天他不想工作
mingtiantabuxiangheshui	明天他不想喝水
mingtiantabuxianghuijia	明天他不想回家
mingtiantabuxiangkaiche	明天他不想开车
mingtiantabuxiangkandianshi	明天他不想看电视
mingtiantabuxiangkandianying	明天他不想看电影
mingtiantabuxiangkanshipin	明天他不想看视频
mingtiantabuxiangkanshu	明天他不想看书
mingtiantabuxiangliaotian	明天他不想聊天
mingtiantabuxiangmaidongxi	明天他不想买东西
mingtiantabuxiangquxuexiao	明天他不想去学校
mingtiantabuxiangshangban	明天他不想上班
mingtiantabuxiangshuijue	明天他不想睡觉
mingtiantabuxiangtingyinle	明天他不想听音乐
mingtiantabuxiangwanyouxi	明天他不想玩游戏
mingtiantabuxiangxiaban	明天他不想下班
mingtiantabuxiangxiuxi	明天他不想休息
mingtiantabuxiangxizao	明天他不想洗澡
mingtiantabuxiangxuexi	明天他不想学习
mingtiantabuxiangzuoche	明天他不想坐车
mingtiantabuxiangzuofan	明天他不想做饭
mingtiantabuxiangzuofeiji	明天他不想坐飞机
mingtiantabuxiangzuohuoche	明天他不想坐火车
mingtiantabuyaochifan	明天他不要吃饭
mingtiantabuyaochumen	明天他不要出门
mingtiantabuyaochuqu	明天他不要出去
mingtiantabuyaodadianhua	明天他不要打电话
mingtiantabuyaodayouxi	明天他不要打游戏
mingtiantabuyaofaweixin	明天他不要发微信
mingtiantabuyaofaxiaoxi	明天他不要发消息
mingtiantabuyaogongzuo	明天他不要工作
mingtiantabuyaoheshui	明天他不要喝水
mingtiantabuyaohuijia	明天他不要回家
mingtiantabuyaokaiche	明天他不要开车
mingtiantabuyaokandianshi	明天他不要看电视
mingtiantabuyaokandianying	明天他不要看电影
mingtiantabuyaokanshipin	明天他不要看视频
mingtiantabuyaokanshu	明天他不要看书
mingtiantabuyaoliaotian	明天他不要聊天
mingtiantabuyaomaidongxi	明天他不要买东西
mingtiantabuyaoquxuexiao	明天他不要去学校
mingtiantabuyaoshangban	明天他不要上班
mingtiantabuyaoshuijue	明天他不要睡觉
mingtiantabuyaotingyinle	明天他不要听音乐
mingtiantabuyaowanyouxi	明天他不要玩游戏
mingtiantabuyaoxiaban	明天他不要下班
mingtiantabuyaoxiuxi	明天他不要休息
mingtiantabuyaoxizao	明天他不要洗澡
mingtiantabuyaoxuexi	明天他不要学习
mingtiantabuyaozuoche	明天他不要坐车
mingtiantabuyaozuofan	明天他不要做饭
mingtiantabuyaozuofeiji	明天他不要坐飞机
mingtiantabuyaozuohuoche	明天他不要坐火车
mingtiantachifan	明天他吃饭
mingtiantachumen	明天他出门
mingtiantachuqu	明天他出去
mingtiantadadianhua	明天他打电话
mingtiantadakaidiannao	明天他打开电脑
mingtiantadakairuanjian	明天他打开软件
mingtiantadasuanchifan	明天他打算吃饭
mingtiantadasuanchumen	明天他打算出门
mingtiantadasuanchuqu	明天他打算出去
mingtiantadasuandadianhua	明天他打算打电话
mingtiantadasuandayouxi	明天他打算打游戏
mingtiantadasuanfaweixin	明天他打算发微信
mingtiantadasuanfaxiaoxi	明天他打算发消息
mingtiantadasuangongzuo	明天他打算工作
mingtiantadasuanheshui	明天他打算喝水
mingtiantadasuanhuijia	明天他打算回家
mingtiantadasuankaiche	明天他打算开车
mingtiantadasuankandianshi	明天他打算看电视
mingtiantadasuankandianying	明天他打算看电影
mingtiantadasuankanshipin	明天他打算看视频
mingtiantadasuankanshu	明天他打算看书
mingtiantadasuanliaotian	明天他打算聊天
mingtiantadasuanmaidongxi	明天他打算买东西
mingtiantadasuanquxuexiao	明天他打算去学校
mingtiantadasuanshangban	明天他打算上班
mingtiantadasuanshuijue	明天他打算睡觉
mingtiantadasuantingyinle	明天他打算听音乐
mingtiantadasuanwanyouxi	明天他打算玩游戏
mingtiantadasuanxiaban	明天他打算下班
mingtiantadasuanxiuxi	明天他打算休息
mingtiantadasuanxizao	明天他打算洗澡
mingtiantadasuanxuexi	明天他打算学习
mingtiantadasuanzuoche	明天他打算坐车
mingtiantadasuanzuofan	明天他打算做饭
mingtiantadasuanzuofeiji	明天他打算坐飞机
mingtiantadasuanzuohuoche	明天他打算坐火车
mingtiantadayouxi	明天他打游戏
mingtiantafaweixin	明天他发微信
mingtiantafaxiaoxi	明天他发消息
mingtiantagengxinruanjian	明天他更新软件
mingtiantagongzuo	明天他工作
mingtiantaguanbiruanjian	明天他关闭软件
mingtiantaheshui	明天他喝水
mingtiantahuijia	明天他回家
mingtiantakaiche	明天他开车
mingtiantakandianshi	明天他看电视
mingtiantakandianying	明天他看电影
mingtiantakanshipin	明天他看视频
mingtiantakanshu	明天他看书
mingtiantakeyichifan	明天他可以吃饭
mingtiantakeyichumen	明天他可以出门
mingtiantakeyichuqu	明天他可以出去
mingtiantakeyidadianhua	明天他可以打电话
mingtiantakeyidayouxi	明天他可以打游戏
mingtiantakeyifaweixin	明天他可以发微信
mingtiantakeyifaxiaoxi	明天他可以发消息
mingtiantakeyigongzuo	明天他可以工作
mingtiantakeyiheshui	明天他可以喝水
mingtiantakeyihuijia	明天他可以回家
mingtiantakeyikaiche	明天他可以开车
mingtiantakeyikandianshi	明天他可以看电视
mingtiantakeyikandianying	明天他可以看电影
mingtiantakeyikanshipin	明天他可以看视频
mingtiantakeyikanshu	明天他可以看书
mingtiantakeyiliaotian	明天他可以聊天
mingtiantakeyimaidongxi	明天他可以买东西
mingtiantakeyiquxuexiao	明天他可以去学校
mingtiantakeyishangban	明天他可以上班
mingtiantakeyishuijue	明天他可以睡觉
mingtiantakeyitingyinle	明天他可以听音乐
mingtiantakeyiwanyouxi	明天他可以玩游戏
mingtiantakeyixiaban	明天他可以下班
mingtiantakeyixiuxi	明天他可以休息
mingtiantakeyixizao	明天他可以洗澡
mingtiantakeyixuexi	明天他可以学习
mingtiantakeyizuoche	明天他可以坐车
mingtiantakeyizuofan	明天他可以做饭
mingtiantakeyizuofeiji	明天他可以坐飞机
mingtiantakeyizuohuoche	明天他可以坐火车
mingtiantalianjiewangluo	明天他连接网络
mingtiantaliaotian	明天他聊天
mingtiantamaidongxi	明天他买东西
mingtiantanengchifan	明天他能吃饭
mingtiantanengchumen	明天他能出门
mingtiantanengchuqu	明天他能出去
mingtiantanengdadianhua	明天他能打电话
mingtiantanengdayouxi	明天他能打游戏
mingtiantanengfaweixin	明天他能发微信
mingtiantanengfaxiaoxi	明天他能发消息
mingtiantanenggongzuo	明天他能工作
mingtiantanengheshui	明天他能喝水
mingtiantanenghuijia	明天他能回家
mingtiantanengkaiche	明天他能开车
mingtiantanengkandianshi	明天他能看电视
mingtiantanengkandianying	明天他能看电影
mingtiantanengkanshipin	明天他能看视频
mingtiantanengkanshu	明天他能看书
mingtiantanengliaotian	明天他能聊天
mingtiantanengmaidongxi	明天他能买东西
mingtiantanengquxuexiao	明天他能去学校
mingtiantanengshangban	明天他能上班
mingtiantanengshuijue	明天他能睡觉
mingtiantanengtingyinle	明天他能听音乐
mingtiantanengwanyouxi	明天他能玩游戏
mingtiantanengxiaban	明天他能下班
mingtiantanengxiuxi	明天他能休息
mingtiantanengxizao	明天他能洗澡
mingtiantanengxuexi	明天他能学习
mingtiantanengzuoche	明天他能坐车
mingtiantanengzuofan	明天他能做饭
mingtiantanengzuofeiji	明天他能坐飞机
mingtiantanengzuohuoche	明天他能坐火车
mingtiantapaizhaopian	明天他拍照片
mingtiantaqubeijing	明天他去北京
mingtiantaquchaoshi	明天他去超市
mingtiantaqugongsi	明天他去公司
mingtiantaquguangzhou	明天他去广州
mingtiantaqushangchang	明天他去商场
mingtiantaqushanghai	明天他去上海
mingtiantaqushenzhen	明天他去深圳
mingtiantaquxuexiao	明天他去学校
mingtiantaquyiyuan	明天他去医院
mingtiantashangban	明天他上班
mingtiantashiyongdiannao	明天他使用电脑
mingtiantashiyongshouji	明天他使用手机
mingtiantashuijue	明天他睡觉
mingtiantatingyinle	明天他听音乐
mingtiantawanyouxi	明天他玩游戏
mingtiantaxiaban	明天他下班
mingtiantaxiangchifan	明天他想吃饭
mingtiantaxiangchumen	明天他想出门
mingtiantaxiangchuqu	明天他想出去
mingtiantaxiangdadianhua	明天他想打电话
mingtiantaxiangdayouxi	明天他想打游戏
mingtiantaxiangfaweixin	明天他想发微信
mingtiantaxiangfaxiaoxi	明天他想发消息
mingtiantaxianggongzuo	明天他想工作
mingtiantaxiangheshui	明天他想喝水
mingtiantaxianghuijia	明天他想回家
mingtiantaxiangkaiche	明天他想开车
mingtiantaxiangkandianshi	明天他想看电视
mingtiantaxiangkandianying	明天他想看电影
mingtiantaxiangkanshipin	明天他想看视频
mingtiantaxiangkanshu	明天他想看书
mingtiantaxiangliaotian	明天他想聊天
mingtiantaxiangmaidongxi	明天他想买东西
mingtiantaxiangquxuexiao	明天他想去学校
mingtiantaxiangshangban	明天他想上班
mingtiantaxiangshuijue	明天他想睡觉
mingtiantaxiangtingyinle	明天他想听音乐
mingtiantaxiangwanyouxi	明天他想玩游戏
mingtiantaxiangxiaban	明天他想下班
mingtiantaxiangxiuxi	明天他想休息
mingtiantaxiangxizao	明天他想洗澡
mingtiantaxiangxuexi	明天他想学习
mingtiantaxiangyaochifan	明天他想要吃饭
mingtiantaxiangyaochumen	明天他想要出门
mingtiantaxiangyaochuqu	明天他想要出去
mingtiantaxiangyaodadianhua	明天他想要打电话
mingtiantaxiangyaodayouxi	明天他想要打游戏
mingtiantaxiangyaofaweixin	明天他想要发微信
mingtiantaxiangyaofaxiaoxi	明天他想要发消息
mingtiantaxiangyaogongzuo	明天他想要工作
mingtiantaxiangyaoheshui	明天他想要喝水
mingtiantaxiangyaohuijia	明天他想要回家
mingtiantaxiangyaokaiche	明天他想要开车
mingtiantaxiangyaokandianshi	明天他想要看电视
mingtiantaxiangyaokandianying	明天他想要看电影
mingtiantaxiangyaokanshipin	明天他想要看视频
mingtiantaxiangyaokanshu	明天他想要看书
mingtiantaxiangyaoliaotian	明天他想要聊天
mingtiantaxiangyaomaidongxi	明天他想要买东西
mingtiantaxiangyaoquxuexiao	明天他想要去学校
mingtiantaxiangyaoshangban	明天他想要上班
mingtiantaxiangyaoshuijue	明天他想要睡觉
mingtiantaxiangyaotingyinle	明天他想要听音乐
mingtiantaxiangyaowanyouxi	明天他想要玩游戏
mingtiantaxiangyaoxiaban	明天他想要下班
mingtiantaxiangyaoxiuxi	明天他想要休息
mingtiantaxiangyaoxizao	明天他想要洗澡
mingtiantaxiangyaoxuexi	明天他想要学习
mingtiantaxiangyaozuoche	明天他想要坐车
mingtiantaxiangyaozuofan	明天他想要做饭
mingtiantaxiangyaozuofeiji	明天他想要坐飞机
mingtiantaxiangyaozuohuoche	明天他想要坐火车
mingtiantaxiangzuoche	明天他想坐车
mingtiantaxiangzuofan	明天他想做饭
mingtiantaxiangzuofeiji	明天他想坐飞机
mingtiantaxiangzuohuoche	明天他想坐火车
mingtiantaxiugaishezhi	明天他修改设置
mingtiantaxiuxi	明天他休息
mingtiantaxizao	明天他洗澡
mingtiantaxuexi	明天他学习
mingtiantaxuyaochifan	明天他需要吃饭
mingtiantaxuyaochumen	明天他需要出门
mingtiantaxuyaochuqu	明天他需要出去
mingtiantaxuyaodadianhua	明天他需要打电话
mingtiantaxuyaodayouxi	明天他需要打游戏
mingtiantaxuyaofaweixin	明天他需要发微信
mingtiantaxuyaofaxiaoxi	明天他需要发消息
mingtiantaxuyaogongzuo	明天他需要工作
mingtiantaxuyaoheshui	明天他需要喝水
mingtiantaxuyaohuijia	明天他需要回家
mingtiantaxuyaokaiche	明天他需要开车
mingtiantaxuyaokandianshi	明天他需要看电视
mingtiantaxuyaokandianying	明天他需要看电影
mingtiantaxuyaokanshipin	明天他需要看视频
mingtiantaxuyaokanshu	明天他需要看书
mingtiantaxuyaoliaotian	明天他需要聊天
mingtiantaxuyaomaidongxi	明天他需要买东西
mingtiantaxuyaoquxuexiao	明天他需要去学校
mingtiantaxuyaoshangban	明天他需要上班
mingtiantaxuyaoshuijue	明天他需要睡觉
mingtiantaxuyaotingyinle	明天他需要听音乐
mingtiantaxuyaowanyouxi	明天他需要玩游戏
mingtiantaxuyaoxiaban	明天他需要下班
mingtiantaxuyaoxiuxi	明天他需要休息
mingtiantaxuyaoxizao	明天他需要洗澡
mingtiantaxuyaoxuexi	明天他需要学习
mingtiantaxuyaozuoche	明天他需要坐车
mingtiantaxuyaozuofan	明天他需要做饭
mingtiantaxuyaozuofeiji	明天他需要坐飞机
mingtiantaxuyaozuohuoche	明天他需要坐火车
mingtiantayaochifan	明天他要吃饭
mingtiantayaochumen	明天他要出门
mingtiantayaochuqu	明天他要出去
mingtiantayaodadianhua	明天他要打电话
mingtiantayaodayouxi	明天他要打游戏
mingtiantayaofaweixin	明天他要发微信
mingtiantayaofaxiaoxi	明天他要发消息
mingtiantayaogongzuo	明天他要工作
mingtiantayaoheshui	明天他要喝水
mingtiantayaohuijia	明天他要回家
mingtiantayaokaiche	明天他要开车
mingtiantayaokandianshi	明天他要看电视
mingtiantayaokandianying	明天他要看电影
mingtiantayaokanshipin	明天他要看视频
mingtiantayaokanshu	明天他要看书
mingtiantayaoliaotian	明天他要聊天
mingtiantayaomaidongxi	明天他要买东西
mingtiantayaoquxuexiao	明天他要去学校
mingtiantayaoshangban	明天他要上班
mingtiantayaoshuijue	明天他要睡觉
mingtiantayaotingyinle	明天他要听音乐
mingtiantayaowanyouxi	明天他要玩游戏
mingtiantayaoxiaban	明天他要下班
mingtiantayaoxiuxi	明天他要休息
mingtiantayaoxizao	明天他要洗澡
mingtiantayaoxuexi	明天他要学习
mingtiantayaozuoche	明天他要坐车
mingtiantayaozuofan	明天他要做饭
mingtiantayaozuofeiji	明天他要坐飞机
mingtiantayaozuohuoche	明天他要坐火车
mingtiantazhunbeichifan	明天他准备吃饭
mingtiantazhunbeichumen	明天他准备出门
mingtiantazhunbeichuqu	明天他准备出去
mingtiantazhunbeidadianhua	明天他准备打电话
mingtiantazhunbeidayouxi	明天他准备打游戏
mingtiantazhunbeifaweixin	明天他准备发微信
mingtiantazhunbeifaxiaoxi	明天他准备发消息
mingtiantazhunbeigongzuo	明天他准备工作
mingtiantazhunbeiheshui	明天他准备喝水
mingtiantazhunbeihuijia	明天他准备回家
mingtiantazhunbeikaiche	明天他准备开车
mingtiantazhunbeikandianshi	明天他准备看电视
mingtiantazhunbeikandianying	明天他准备看电影
mingtiantazhunbeikanshipin	明天他准备看视频
mingtiantazhunbeikanshu	明天他准备看书
mingtiantazhunbeiliaotian	明天他准备聊天
mingtiantazhunbeimaidongxi	明天他准备买东西
mingtiantazhunbeiquxuexiao	明天他准备去学校
mingtiantazhunbeishangban	明天他准备上班
mingtiantazhunbeishuijue	明天他准备睡觉
mingtiantazhunbeitingyinle	明天他准备听音乐
mingtiantazhunbeiwanyouxi	明天他准备玩游戏
mingtiantazhunbeixiaban	明天他准备下班
mingtiantazhunbeixiuxi	明天他准备休息
mingtiantazhunbeixizao	明天他准备洗澡
mingtiantazhunbeixuexi	明天他准备学习
mingtiantazhunbeizuoche	明天他准备坐车
mingtiantazhunbeizuofan	明天他准备做饭
mingtiantazhunbeizuofeiji	明天他准备坐飞机
mingtiantazhunbeizuohuoche	明天他准备坐火车
mingtiantazuoche	明天他坐车
mingtiantazuofan	明天他做饭
mingtiantazuofeiji	明天他坐飞机
mingtiantazuohuoche	明天他坐火车
mingtianwoanzhuangruanjian	明天我安装软件
mingtianwobuxiangchifan	明天我不想吃饭
mingtianwobuxiangchumen	明天我不想出门
mingtianwobuxiangchuqu	明天我不想出去
mingtianwobuxiangdadianhua	明天我不想打电话
mingtianwobuxiangdayouxi	明天我不想打游戏
mingtianwobuxiangfaweixin	明天我不想发微信
mingtianwobuxiangfaxiaoxi	明天我不想发消息
mingtianwobuxianggongzuo	明天我不想工作
mingtianwobuxiangheshui	明天我不想喝水
mingtianwobuxianghuijia	明天我不想回家
mingtianwobuxiangkaiche	明天我不想开车
mingtianwobuxiangkandianshi	明天我不想看电视
mingtianwobuxiangkandianying	明天我不想看电影
mingtianwobuxiangkanshipin	明天我不想看视频
mingtianwobuxiangkanshu	明天我不想看书
mingtianwobuxiangliaotian	明天我不想聊天
mingtianwobuxiangmaidongxi	明天我不想买东西
mingtianwobuxiangquxuexiao	明天我不想去学校
mingtianwobuxiangshangban	明天我不想上班
mingtianwobuxiangshuijue	明天我不想睡觉
mingtianwobuxiangtingyinle	明天我不想听音乐
mingtianwobuxiangwanyouxi	明天我不想玩游戏
mingtianwobuxiangxiaban	明天我不想下班
mingtianwobuxiangxiuxi	明天我不想休息
mingtianwobuxiangxizao	明天我不想洗澡
mingtianwobuxiangxuexi	明天我不想学习
mingtianwobuxiangzuoche	明天我不想坐车
mingtianwobuxiangzuofan	明天我不想做饭
mingtianwobuxiangzuofeiji	明天我不想坐飞机
mingtianwobuxiangzuohuoche	明天我不想坐火车
mingtianwobuyaochifan	明天我不要吃饭
mingtianwobuyaochumen	明天我不要出门
mingtianwobuyaochuqu	明天我不要出去
mingtianwobuyaodadianhua	明天我不要打电话
mingtianwobuyaodayouxi	明天我不要打游戏
mingtianwobuyaofaweixin	明天我不要发微信
mingtianwobuyaofaxiaoxi	明天我不要发消息
mingtianwobuyaogongzuo	明天我不要工作
mingtianwobuyaoheshui	明天我不要喝水
mingtianwobuyaohuijia	明天我不要回家
mingtianwobuyaokaiche	明天我不要开车
mingtianwobuyaokandianshi	明天我不要看电视
mingtianwobuyaokandianying	明天我不要看电影
mingtianwobuyaokanshipin	明天我不要看视频
mingtianwobuyaokanshu	明天我不要看书
mingtianwobuyaoliaotian	明天我不要聊天
mingtianwobuyaomaidongxi	明天我不要买东西
mingtianwobuyaoquxuexiao	明天我不要去学校
mingtianwobuyaoshangban	明天我不要上班
mingtianwobuyaoshuijue	明天我不要睡觉
mingtianwobuyaotingyinle	明天我不要听音乐
mingtianwobuyaowanyouxi	明天我不要玩游戏
mingtianwobuyaoxiaban	明天我不要下班
mingtianwobuyaoxiuxi	明天我不要休息
mingtianwobuyaoxizao	明天我不要洗澡
mingtianwobuyaoxuexi	明天我不要学习
mingtianwobuyaozuoche	明天我不要坐车
mingtianwobuyaozuofan	明天我不要做饭
mingtianwobuyaozuofeiji	明天我不要坐飞机
mingtianwobuyaozuohuoche	明天我不要坐火车
mingtianwochifan	明天我吃饭
mingtianwochumen	明天我出门
mingtianwochuqu	明天我出去
mingtianwodadianhua	明天我打电话
mingtianwodakaidiannao	明天我打开电脑
mingtianwodakairuanjian	明天我打开软件
mingtianwodasuanchifan	明天我打算吃饭
mingtianwodasuanchumen	明天我打算出门
mingtianwodasuanchuqu	明天我打算出去
mingtianwodasuandadianhua	明天我打算打电话
mingtianwodasuandayouxi	明天我打算打游戏
mingtianwodasuanfaweixin	明天我打算发微信
mingtianwodasuanfaxiaoxi	明天我打算发消息
mingtianwodasuangongzuo	明天我打算工作
mingtianwodasuanheshui	明天我打算喝水
mingtianwodasuanhuijia	明天我打算回家
mingtianwodasuankaiche	明天我打算开车
mingtianwodasuankandianshi	明天我打算看电视
mingtianwodasuankandianying	明天我打算看电影
mingtianwodasuankanshipin	明天我打算看视频
mingtianwodasuankanshu	明天我打算看书
mingtianwodasuanliaotian	明天我打算聊天
mingtianwodasuanmaidongxi	明天我打算买东西
mingtianwodasuanquxuexiao	明天我打算去学校
mingtianwodasuanshangban	明天我打算上班
mingtianwodasuanshuijue	明天我打算睡觉
mingtianwodasuantingyinle	明天我打算听音乐
mingtianwodasuanwanyouxi	明天我打算玩游戏
mingtianwodasuanxiaban	明天我打算下班
mingtianwodasuanxiuxi	明天我打算休息
mingtianwodasuanxizao	明天我打算洗澡
mingtianwodasuanxuexi	明天我打算学习
mingtianwodasuanzuoche	明天我打算坐车
mingtianwodasuanzuofan	明天我打算做饭
mingtianwodasuanzuofeiji	明天我打算坐飞机
mingtianwodasuanzuohuoche	明天我打算坐火车
mingtianwodayouxi	明天我打游戏
mingtianwofaweixin	明天我发微信
mingtianwofaxiaoxi	明天我发消息
mingtianwogengxinruanjian	明天我更新软件
mingtianwogongzuo	明天我工作
mingtianwoguanbiruanjian	明天我关闭软件
mingtianwoheshui	明天我喝水
mingtianwohuijia	明天我回家
mingtianwokaiche	明天我开车
mingtianwokandianshi	明天我看电视
mingtianwokandianying	明天我看电影
mingtianwokanshipin	明天我看视频
mingtianwokanshu	明天我看书
mingtianwokeyichifan	明天我可以吃饭
mingtianwokeyichumen	明天我可以出门
mingtianwokeyichuqu	明天我可以出去
mingtianwokeyidadianhua	明天我可以打电话
mingtianwokeyidayouxi	明天我可以打游戏
mingtianwokeyifaweixin	明天我可以发微信
mingtianwokeyifaxiaoxi	明天我可以发消息
mingtianwokeyigongzuo	明天我可以工作
mingtianwokeyiheshui	明天我可以喝水
mingtianwokeyihuijia	明天我可以回家
mingtianwokeyikaiche	明天我可以开车
mingtianwokeyikandianshi	明天我可以看电视
mingtianwokeyikandianying	明天我可以看电影
mingtianwokeyikanshipin	明天我可以看视频
mingtianwokeyikanshu	明天我可以看书
mingtianwokeyiliaotian	明天我可以聊天
mingtianwokeyimaidongxi	明天我可以买东西
mingtianwokeyiquxuexiao	明天我可以去学校
mingtianwokeyishangban	明天我可以上班
mingtianwokeyishuijue	明天我可以睡觉
mingtianwokeyitingyinle	明天我可以听音乐
mingtianwokeyiwanyouxi	明天我可以玩游戏
mingtianwokeyixiaban	明天我可以下班
mingtianwokeyixiuxi	明天我可以休息
mingtianwokeyixizao	明天我可以洗澡
mingtianwokeyixuexi	明天我可以学习
mingtianwokeyizuoche	明天我可以坐车
mingtianwokeyizuofan	明天我可以做饭
mingtianwokeyizuofeiji	明天我可以坐飞机
mingtianwokeyizuohuoche	明天我可以坐火车
mingtianwolianjiewangluo	明天我连接网络
mingtianwoliaotian	明天我聊天
mingtianwomaidongxi	明天我买东西
mingtianwomenanzhuangruanjian	明天我们安装软件
mingtianwomenbuxiangchifan	明天我们不想吃饭
mingtianwomenbuxiangchumen	明天我们不想出门
mingtianwomenbuxiangchuqu	明天我们不想出去
mingtianwomenbuxiangdadianhua	明天我们不想打电话
mingtianwomenbuxiangdayouxi	明天我们不想打游戏
mingtianwomenbuxiangfaweixin	明天我们不想发微信
mingtianwomenbuxiangfaxiaoxi	明天我们不想发消息
mingtianwomenbuxianggongzuo	明天我们不想工作
mingtianwomenbuxiangheshui	明天我们不想喝水
mingtianwomenbuxianghuijia	明天我们不想回家
mingtianwomenbuxiangkaiche	明天我们不想开车
mingtianwomenbuxiangkandianshi	明天我们不想看电视
mingtianwomenbuxiangkandianying	明天我们不想看电影
mingtianwomenbuxiangkanshipin	明天我们不想看视频
mingtianwomenbuxiangkanshu	明天我们不想看书
mingtianwomenbuxiangliaotian	明天我们不想聊天
mingtianwomenbuxiangmaidongxi	明天我们不想买东西
mingtianwomenbuxiangquxuexiao	明天我们不想去学校
mingtianwomenbuxiangshangban	明天我们不想上班
mingtianwomenbuxiangshuijue	明天我们不想睡觉
mingtianwomenbuxiangtingyinle	明天我们不想听音乐
mingtianwomenbuxiangwanyouxi	明天我们不想玩游戏
mingtianwomenbuxiangxiaban	明天我们不想下班
mingtianwomenbuxiangxiuxi	明天我们不想休息
mingtianwomenbuxiangxizao	明天我们不想洗澡
mingtianwomenbuxiangxuexi	明天我们不想学习
mingtianwomenbuxiangzuoche	明天我们不想坐车
mingtianwomenbuxiangzuofan	明天我们不想做饭
mingtianwomenbuxiangzuofeiji	明天我们不想坐飞机
mingtianwomenbuxiangzuohuoche	明天我们不想坐火车
mingtianwomenbuyaochifan	明天我们不要吃饭
mingtianwomenbuyaochumen	明天我们不要出门
mingtianwomenbuyaochuqu	明天我们不要出去
mingtianwomenbuyaodadianhua	明天我们不要打电话
mingtianwomenbuyaodayouxi	明天我们不要打游戏
mingtianwomenbuyaofaweixin	明天我们不要发微信
mingtianwomenbuyaofaxiaoxi	明天我们不要发消息
mingtianwomenbuyaogongzuo	明天我们不要工作
mingtianwomenbuyaoheshui	明天我们不要喝水
mingtianwomenbuyaohuijia	明天我们不要回家
mingtianwomenbuyaokaiche	明天我们不要开车
mingtianwomenbuyaokandianshi	明天我们不要看电视
mingtianwomenbuyaokandianying	明天我们不要看电影
mingtianwomenbuyaokanshipin	明天我们不要看视频
mingtianwomenbuyaokanshu	明天我们不要看书
mingtianwomenbuyaoliaotian	明天我们不要聊天
mingtianwomenbuyaomaidongxi	明天我们不要买东西
mingtianwomenbuyaoquxuexiao	明天我们不要去学校
mingtianwomenbuyaoshangban	明天我们不要上班
mingtianwomenbuyaoshuijue	明天我们不要睡觉
mingtianwomenbuyaotingyinle	明天我们不要听音乐
mingtianwomenbuyaowanyouxi	明天我们不要玩游戏
mingtianwomenbuyaoxiaban	明天我们不要下班
mingtianwomenbuyaoxiuxi	明天我们不要休息
mingtianwomenbuyaoxizao	明天我们不要洗澡
mingtianwomenbuyaoxuexi	明天我们不要学习
mingtianwomenbuyaozuoche	明天我们不要坐车
mingtianwomenbuyaozuofan	明天我们不要做饭
mingtianwomenbuyaozuofeiji	明天我们不要坐飞机
mingtianwomenbuyaozuohuoche	明天我们不要坐火车
mingtianwomenchifan	明天我们吃饭
mingtianwomenchumen	明天我们出门
mingtianwomenchuqu	明天我们出去
mingtianwomendadianhua	明天我们打电话
mingtianwomendakaidiannao	明天我们打开电脑
mingtianwomendakairuanjian	明天我们打开软件
mingtianwomendasuanchifan	明天我们打算吃饭
mingtianwomendasuanchumen	明天我们打算出门
mingtianwomendasuanchuqu	明天我们打算出去
mingtianwomendasuandadianhua	明天我们打算打电话
mingtianwomendasuandayouxi	明天我们打算打游戏
mingtianwomendasuanfaweixin	明天我们打算发微信
mingtianwomendasuanfaxiaoxi	明天我们打算发消息
mingtianwomendasuangongzuo	明天我们打算工作
mingtianwomendasuanheshui	明天我们打算喝水
mingtianwomendasuanhuijia	明天我们打算回家
mingtianwomendasuankaiche	明天我们打算开车
mingtianwomendasuankandianshi	明天我们打算看电视
mingtianwomendasuankandianying	明天我们打算看电影
mingtianwomendasuankanshipin	明天我们打算看视频
mingtianwomendasuankanshu	明天我们打算看书
mingtianwomendasuanliaotian	明天我们打算聊天
mingtianwomendasuanmaidongxi	明天我们打算买东西
mingtianwomendasuanquxuexiao	明天我们打算去学校
mingtianwomendasuanshangban	明天我们打算上班
mingtianwomendasuanshuijue	明天我们打算睡觉
mingtianwomendasuantingyinle	明天我们打算听音乐
mingtianwomendasuanwanyouxi	明天我们打算玩游戏
mingtianwomendasuanxiaban	明天我们打算下班
mingtianwomendasuanxiuxi	明天我们打算休息
mingtianwomendasuanxizao	明天我们打算洗澡
mingtianwomendasuanxuexi	明天我们打算学习
mingtianwomendasuanzuoche	明天我们打算坐车
mingtianwomendasuanzuofan	明天我们打算做饭
mingtianwomendasuanzuofeiji	明天我们打算坐飞机
mingtianwomendasuanzuohuoche	明天我们打算坐火车
mingtianwomendayouxi	明天我们打游戏
mingtianwomenfaweixin	明天我们发微信
mingtianwomenfaxiaoxi	明天我们发消息
mingtianwomengengxinruanjian	明天我们更新软件
mingtianwomengongzuo	明天我们工作
mingtianwomenguanbiruanjian	明天我们关闭软件
mingtianwomenheshui	明天我们喝水
mingtianwomenhuijia	明天我们回家
mingtianwomenkaiche	明天我们开车
mingtianwomenkandianshi	明天我们看电视
mingtianwomenkandianying	明天我们看电影
mingtianwomenkanshipin	明天我们看视频
mingtianwomenkanshu	明天我们看书
mingtianwomenkeyichifan	明天我们可以吃饭
mingtianwomenkeyichumen	明天我们可以出门
mingtianwomenkeyichuqu	明天我们可以出去
mingtianwomenkeyidadianhua	明天我们可以打电话
mingtianwomenkeyidayouxi	明天我们可以打游戏
mingtianwomenkeyifaweixin	明天我们可以发微信
mingtianwomenkeyifaxiaoxi	明天我们可以发消息
mingtianwomenkeyigongzuo	明天我们可以工作
mingtianwomenkeyiheshui	明天我们可以喝水
mingtianwomenkeyihuijia	明天我们可以回家
mingtianwomenkeyikaiche	明天我们可以开车
mingtianwomenkeyikandianshi	明天我们可以看电视
mingtianwomenkeyikandianying	明天我们可以看电影
mingtianwomenkeyikanshipin	明天我们可以看视频
mingtianwomenkeyikanshu	明天我们可以看书
mingtianwomenkeyiliaotian	明天我们可以聊天
mingtianwomenkeyimaidongxi	明天我们可以买东西
mingtianwomenkeyiquxuexiao	明天我们可以去学校
mingtianwomenkeyishangban	明天我们可以上班
mingtianwomenkeyishuijue	明天我们可以睡觉
mingtianwomenkeyitingyinle	明天我们可以听音乐
mingtianwomenkeyiwanyouxi	明天我们可以玩游戏
mingtianwomenkeyixiaban	明天我们可以下班
mingtianwomenkeyixiuxi	明天我们可以休息
mingtianwomenkeyixizao	明天我们可以洗澡
mingtianwomenkeyixuexi	明天我们可以学习
mingtianwomenkeyizuoche	明天我们可以坐车
mingtianwomenkeyizuofan	明天我们可以做饭
mingtianwomenkeyizuofeiji	明天我们可以坐飞机
mingtianwomenkeyizuohuoche	明天我们可以坐火车
mingtianwomenlianjiewangluo	明天我们连接网络
mingtianwomenliaotian	明天我们聊天
mingtianwomenmaidongxi	明天我们买东西
mingtianwomennengchifan	明天我们能吃饭
mingtianwomennengchumen	明天我们能出门
mingtianwomennengchuqu	明天我们能出去
mingtianwomennengdadianhua	明天我们能打电话
mingtianwomennengdayouxi	明天我们能打游戏
mingtianwomennengfaweixin	明天我们能发微信
mingtianwomennengfaxiaoxi	明天我们能发消息
mingtianwomennenggongzuo	明天我们能工作
mingtianwomennengheshui	明天我们能喝水
mingtianwomennenghuijia	明天我们能回家
mingtianwomennengkaiche	明天我们能开车
mingtianwomennengkandianshi	明天我们能看电视
mingtianwomennengkandianying	明天我们能看电影
mingtianwomennengkanshipin	明天我们能看视频
mingtianwomennengkanshu	明天我们能看书
mingtianwomennengliaotian	明天我们能聊天
mingtianwomennengmaidongxi	明天我们能买东西
mingtianwomennengquxuexiao	明天我们能去学校
mingtianwomennengshangban	明天我们能上班
mingtianwomennengshuijue	明天我们能睡觉
mingtianwomennengtingyinle	明天我们能听音乐
mingtianwomennengwanyouxi	明天我们能玩游戏
mingtianwomennengxiaban	明天我们能下班
mingtianwomennengxiuxi	明天我们能休息
mingtianwomennengxizao	明天我们能洗澡
mingtianwomennengxuexi	明天我们能学习
mingtianwomennengzuoche	明天我们能坐车
mingtianwomennengzuofan	明天我们能做饭
mingtianwomennengzuofeiji	明天我们能坐飞机
mingtianwomennengzuohuoche	明天我们能坐火车
mingtianwomenpaizhaopian	明天我们拍照片
mingtianwomenqubeijing	明天我们去北京
mingtianwomenquchaoshi	明天我们去超市
mingtianwomenqugongsi	明天我们去公司
mingtianwomenquguangzhou	明天我们去广州
mingtianwomenqushangchang	明天我们去商场
mingtianwomenqushanghai	明天我们去上海
mingtianwomenqushenzhen	明天我们去深圳
mingtianwomenquxuexiao	明天我们去学校
mingtianwomenquyiyuan	明天我们去医院
mingtianwomenshangban	明天我们上班
mingtianwomenshiyongdiannao	明天我们使用电脑
mingtianwomenshiyongshouji	明天我们使用手机
mingtianwomenshuijue	明天我们睡觉
mingtianwomentingyinle	明天我们听音乐
mingtianwomenwanyouxi	明天我们玩游戏
mingtianwomenxiaban	明天我们下班
mingtianwomenxiangchifan	明天我们想吃饭
mingtianwomenxiangchumen	明天我们想出门
mingtianwomenxiangchuqu	明天我们想出去
mingtianwomenxiangdadianhua	明天我们想打电话
mingtianwomenxiangdayouxi	明天我们想打游戏
mingtianwomenxiangfaweixin	明天我们想发微信
mingtianwomenxiangfaxiaoxi	明天我们想发消息
mingtianwomenxianggongzuo	明天我们想工作
mingtianwomenxiangheshui	明天我们想喝水
mingtianwomenxianghuijia	明天我们想回家
mingtianwomenxiangkaiche	明天我们想开车
mingtianwomenxiangkandianshi	明天我们想看电视
mingtianwomenxiangkandianying	明天我们想看电影
mingtianwomenxiangkanshipin	明天我们想看视频
mingtianwomenxiangkanshu	明天我们想看书
mingtianwomenxiangliaotian	明天我们想聊天
mingtianwomenxiangmaidongxi	明天我们想买东西
mingtianwomenxiangquxuexiao	明天我们想去学校
mingtianwomenxiangshangban	明天我们想上班
mingtianwomenxiangshuijue	明天我们想睡觉
mingtianwomenxiangtingyinle	明天我们想听音乐
mingtianwomenxiangwanyouxi	明天我们想玩游戏
mingtianwomenxiangxiaban	明天我们想下班
mingtianwomenxiangxiuxi	明天我们想休息
mingtianwomenxiangxizao	明天我们想洗澡
mingtianwomenxiangxuexi	明天我们想学习
mingtianwomenxiangyaochifan	明天我们想要吃饭
mingtianwomenxiangyaochumen	明天我们想要出门
mingtianwomenxiangyaochuqu	明天我们想要出去
mingtianwomenxiangyaodadianhua	明天我们想要打电话
mingtianwomenxiangyaodayouxi	明天我们想要打游戏
mingtianwomenxiangyaofaweixin	明天我们想要发微信
mingtianwomenxiangyaofaxiaoxi	明天我们想要发消息
mingtianwomenxiangyaogongzuo	明天我们想要工作
mingtianwomenxiangyaoheshui	明天我们想要喝水
mingtianwomenxiangyaohuijia	明天我们想要回家
mingtianwomenxiangyaokaiche	明天我们想要开车
mingtianwomenxiangyaokandianshi	明天我们想要看电视
mingtianwomenxiangyaokandianying	明天我们想要看电影
mingtianwomenxiangyaokanshipin	明天我们想要看视频
mingtianwomenxiangyaokanshu	明天我们想要看书
mingtianwomenxiangyaoliaotian	明天我们想要聊天
mingtianwomenxiangyaomaidongxi	明天我们想要买东西
mingtianwomenxiangyaoquxuexiao	明天我们想要去学校
mingtianwomenxiangyaoshangban	明天我们想要上班
mingtianwomenxiangyaoshuijue	明天我们想要睡觉
mingtianwomenxiangyaotingyinle	明天我们想要听音乐
mingtianwomenxiangyaowanyouxi	明天我们想要玩游戏
mingtianwomenxiangyaoxiaban	明天我们想要下班
mingtianwomenxiangyaoxiuxi	明天我们想要休息
mingtianwomenxiangyaoxizao	明天我们想要洗澡
mingtianwomenxiangyaoxuexi	明天我们想要学习
mingtianwomenxiangyaozuoche	明天我们想要坐车
mingtianwomenxiangyaozuofan	明天我们想要做饭
mingtianwomenxiangyaozuofeiji	明天我们想要坐飞机
mingtianwomenxiangyaozuohuoche	明天我们想要坐火车
mingtianwomenxiangzuoche	明天我们想坐车
mingtianwomenxiangzuofan	明天我们想做饭
mingtianwomenxiangzuofeiji	明天我们想坐飞机
mingtianwomenxiangzuohuoche	明天我们想坐火车
mingtianwomenxiugaishezhi	明天我们修改设置
mingtianwomenxiuxi	明天我们休息
mingtianwomenxizao	明天我们洗澡
mingtianwomenxuexi	明天我们学习
mingtianwomenxuyaochifan	明天我们需要吃饭
mingtianwomenxuyaochumen	明天我们需要出门
mingtianwomenxuyaochuqu	明天我们需要出去
mingtianwomenxuyaodadianhua	明天我们需要打电话
mingtianwomenxuyaodayouxi	明天我们需要打游戏
mingtianwomenxuyaofaweixin	明天我们需要发微信
mingtianwomenxuyaofaxiaoxi	明天我们需要发消息
mingtianwomenxuyaogongzuo	明天我们需要工作
mingtianwomenxuyaoheshui	明天我们需要喝水
mingtianwomenxuyaohuijia	明天我们需要回家
mingtianwomenxuyaokaiche	明天我们需要开车
mingtianwomenxuyaokandianshi	明天我们需要看电视
mingtianwomenxuyaokandianying	明天我们需要看电影
mingtianwomenxuyaokanshipin	明天我们需要看视频
mingtianwomenxuyaokanshu	明天我们需要看书
mingtianwomenxuyaoliaotian	明天我们需要聊天
mingtianwomenxuyaomaidongxi	明天我们需要买东西
mingtianwomenxuyaoquxuexiao	明天我们需要去学校
mingtianwomenxuyaoshangban	明天我们需要上班
mingtianwomenxuyaoshuijue	明天我们需要睡觉
mingtianwomenxuyaotingyinle	明天我们需要听音乐
mingtianwomenxuyaowanyouxi	明天我们需要玩游戏
mingtianwomenxuyaoxiaban	明天我们需要下班
mingtianwomenxuyaoxiuxi	明天我们需要休息
mingtianwomenxuyaoxizao	明天我们需要洗澡
mingtianwomenxuyaoxuexi	明天我们需要学习
mingtianwomenxuyaozuoche	明天我们需要坐车
mingtianwomenxuyaozuofan	明天我们需要做饭
mingtianwomenxuyaozuofeiji	明天我们需要坐飞机
mingtianwomenxuyaozuohuoche	明天我们需要坐火车
mingtianwomenyaochifan	明天我们要吃饭
mingtianwomenyaochumen	明天我们要出门
mingtianwomenyaochuqu	明天我们要出去
mingtianwomenyaodadianhua	明天我们要打电话
mingtianwomenyaodayouxi	明天我们要打游戏
mingtianwomenyaofaweixin	明天我们要发微信
mingtianwomenyaofaxiaoxi	明天我们要发消息
mingtianwomenyaogongzuo	明天我们要工作
mingtianwomenyaoheshui	明天我们要喝水
mingtianwomenyaohuijia	明天我们要回家
mingtianwomenyaokaiche	明天我们要开车
mingtianwomenyaokandianshi	明天我们要看电视
mingtianwomenyaokandianying	明天我们要看电影
mingtianwomenyaokanshipin	明天我们要看视频
mingtianwomenyaokanshu	明天我们要看书
mingtianwomenyaoliaotian	明天我们要聊天
mingtianwomenyaomaidongxi	明天我们要买东西
mingtianwomenyaoquxuexiao	明天我们要去学校
mingtianwomenyaoshangban	明天我们要上班
mingtianwomenyaoshuijue	明天我们要睡觉
mingtianwomenyaotingyinle	明天我们要听音乐
mingtianwomenyaowanyouxi	明天我们要玩游戏
mingtianwomenyaoxiaban	明天我们要下班
mingtianwomenyaoxiuxi	明天我们要休息
mingtianwomenyaoxizao	明天我们要洗澡
mingtianwomenyaoxuexi	明天我们要学习
mingtianwomenyaozuoche	明天我们要坐车
mingtianwomenyaozuofan	明天我们要做饭
mingtianwomenyaozuofeiji	明天我们要坐飞机
mingtianwomenyaozuohuoche	明天我们要坐火车
mingtianwomenzhunbeichifan	明天我们准备吃饭
mingtianwomenzhunbeichumen	明天我们准备出门
mingtianwomenzhunbeichuqu	明天我们准备出去
mingtianwomenzhunbeidadianhua	明天我们准备打电话
mingtianwomenzhunbeidayouxi	明天我们准备打游戏
mingtianwomenzhunbeifaweixin	明天我们准备发微信
mingtianwomenzhunbeifaxiaoxi	明天我们准备发消息
mingtianwomenzhunbeigongzuo	明天我们准备工作
mingtianwomenzhunbeiheshui	明天我们准备喝水
mingtianwomenzhunbeihuijia	明天我们准备回家
mingtianwomenzhunbeikaiche	明天我们准备开车
mingtianwomenzhunbeikandianshi	明天我们准备看电视
mingtianwomenzhunbeikandianying	明天我们准备看电影
mingtianwomenzhunbeikanshipin	明天我们准备看视频
mingtianwomenzhunbeikanshu	明天我们准备看书
mingtianwomenzhunbeiliaotian	明天我们准备聊天
mingtianwomenzhunbeimaidongxi	明天我们准备买东西
mingtianwomenzhunbeiquxuexiao	明天我们准备去学校
mingtianwomenzhunbeishangban	明天我们准备上班
mingtianwomenzhunbeishuijue	明天我们准备睡觉
mingtianwomenzhunbeitingyinle	明天我们准备听音乐
mingtianwomenzhunbeiwanyouxi	明天我们准备玩游戏
mingtianwomenzhunbeixiaban	明天我们准备下班
mingtianwomenzhunbeixiuxi	明天我们准备休息
mingtianwomenzhunbeixizao	明天我们准备洗澡
mingtianwomenzhunbeixuexi	明天我们准备学习
mingtianwomenzhunbeizuoche	明天我们准备坐车
mingtianwomenzhunbeizuofan	明天我们准备做饭
mingtianwomenzhunbeizuofeiji	明天我们准备坐飞机
mingtianwomenzhunbeizuohuoche	明天我们准备坐火车
mingtianwomenzuoche	明天我们坐车
mingtianwomenzuofan	明天我们做饭
mingtianwomenzuofeiji	明天我们坐飞机
mingtianwomenzuohuoche	明天我们坐火车
mingtianwonengchifan	明天我能吃饭
mingtianwonengchumen	明天我能出门
mingtianwonengchuqu	明天我能出去
mingtianwonengdadianhua	明天我能打电话
mingtianwonengdayouxi	明天我能打游戏
mingtianwonengfaweixin	明天我能发微信
mingtianwonengfaxiaoxi	明天我能发消息
mingtianwonenggongzuo	明天我能工作
mingtianwonengheshui	明天我能喝水
mingtianwonenghuijia	明天我能回家
mingtianwonengkaiche	明天我能开车
mingtianwonengkandianshi	明天我能看电视
mingtianwonengkandianying	明天我能看电影
mingtianwonengkanshipin	明天我能看视频
mingtianwonengkanshu	明天我能看书
mingtianwonengliaotian	明天我能聊天
mingtianwonengmaidongxi	明天我能买东西
mingtianwonengquxuexiao	明天我能去学校
mingtianwonengshangban	明天我能上班
mingtianwonengshuijue	明天我能睡觉
mingtianwonengtingyinle	明天我能听音乐
mingtianwonengwanyouxi	明天我能玩游戏
mingtianwonengxiaban	明天我能下班
mingtianwonengxiuxi	明天我能休息
mingtianwonengxizao	明天我能洗澡
mingtianwonengxuexi	明天我能学习
mingtianwonengzuoche	明天我能坐车
mingtianwonengzuofan	明天我能做饭
mingtianwonengzuofeiji	明天我能坐飞机
mingtianwonengzuohuoche	明天我能坐火车
mingtianwopaizhaopian	明天我拍照片
mingtianwoqubeijing	明天我去北京
mingtianwoquchaoshi	明天我去超市
mingtianwoqugongsi	明天我去公司
mingtianwoquguangzhou	明天我去广州
mingtianwoqushangchang	明天我去商场
mingtianwoqushanghai	明天我去上海
mingtianwoqushenzhen	明天我去深圳
mingtianwoquxuexiao	明天我去学校
mingtianwoquyiyuan	明天我去医院
mingtianwoshangban	明天我上班
mingtianwoshiyongdiannao	明天我使用电脑
mingtianwoshiyongshouji	明天我使用手机
mingtianwoshuijue	明天我睡觉
mingtianwotingyinle	明天我听音乐
mingtianwowanyouxi	明天我玩游戏
mingtianwoxiaban	明天我下班
mingtianwoxiangchifan	明天我想吃饭
mingtianwoxiangchumen	明天我想出门
mingtianwoxiangchuqu	明天我想出去
mingtianwoxiangdadianhua	明天我想打电话
mingtianwoxiangdayouxi	明天我想打游戏
mingtianwoxiangfaweixin	明天我想发微信
mingtianwoxiangfaxiaoxi	明天我想发消息
mingtianwoxianggongzuo	明天我想工作
mingtianwoxiangheshui	明天我想喝水
mingtianwoxianghuijia	明天我想回家
mingtianwoxiangkaiche	明天我想开车
mingtianwoxiangkandianshi	明天我想看电视
mingtianwoxiangkandianying	明天我想看电影
mingtianwoxiangkanshipin	明天我想看视频
mingtianwoxiangkanshu	明天我想看书
mingtianwoxiangliaotian	明天我想聊天
mingtianwoxiangmaidongxi	明天我想买东西
mingtianwoxiangquxuexiao	明天我想去学校
mingtianwoxiangshangban	明天我想上班
mingtianwoxiangshuijue	明天我想睡觉
mingtianwoxiangtingyinle	明天我想听音乐
mingtianwoxiangwanyouxi	明天我想玩游戏
mingtianwoxiangxiaban	明天我想下班
mingtianwoxiangxiuxi	明天我想休息
mingtianwoxiangxizao	明天我想洗澡
mingtianwoxiangxuexi	明天我想学习
mingtianwoxiangyaochifan	明天我想要吃饭
mingtianwoxiangyaochumen	明天我想要出门
mingtianwoxiangyaochuqu	明天我想要出去
mingtianwoxiangyaodadianhua	明天我想要打电话
mingtianwoxiangyaodayouxi	明天我想要打游戏
mingtianwoxiangyaofaweixin	明天我想要发微信
mingtianwoxiangyaofaxiaoxi	明天我想要发消息
mingtianwoxiangyaogongzuo	明天我想要工作
mingtianwoxiangyaoheshui	明天我想要喝水
mingtianwoxiangyaohuijia	明天我想要回家
mingtianwoxiangyaokaiche	明天我想要开车
mingtianwoxiangyaokandianshi	明天我想要看电视
mingtianwoxiangyaokandianying	明天我想要看电影
mingtianwoxiangyaokanshipin	明天我想要看视频
mingtianwoxiangyaokanshu	明天我想要看书
mingtianwoxiangyaoliaotian	明天我想要聊天
mingtianwoxiangyaomaidongxi	明天我想要买东西
mingtianwoxiangyaoquxuexiao	明天我想要去学校
mingtianwoxiangyaoshangban	明天我想要上班
mingtianwoxiangyaoshuijue	明天我想要睡觉
mingtianwoxiangyaotingyinle	明天我想要听音乐
mingtianwoxiangyaowanyouxi	明天我想要玩游戏
mingtianwoxiangyaoxiaban	明天我想要下班
mingtianwoxiangyaoxiuxi	明天我想要休息
mingtianwoxiangyaoxizao	明天我想要洗澡
mingtianwoxiangyaoxuexi	明天我想要学习
mingtianwoxiangyaozuoche	明天我想要坐车
mingtianwoxiangyaozuofan	明天我想要做饭
mingtianwoxiangyaozuofeiji	明天我想要坐飞机
mingtianwoxiangyaozuohuoche	明天我想要坐火车
mingtianwoxiangzuoche	明天我想坐车
mingtianwoxiangzuofan	明天我想做饭
mingtianwoxiangzuofeiji	明天我想坐飞机
mingtianwoxiangzuohuoche	明天我想坐火车
mingtianwoxiugaishezhi	明天我修改设置
mingtianwoxiuxi	明天我休息
mingtianwoxizao	明天我洗澡
mingtianwoxuexi	明天我学习
mingtianwoxuyaochifan	明天我需要吃饭
mingtianwoxuyaochumen	明天我需要出门
mingtianwoxuyaochuqu	明天我需要出去
mingtianwoxuyaodadianhua	明天我需要打电话
mingtianwoxuyaodayouxi	明天我需要打游戏
mingtianwoxuyaofaweixin	明天我需要发微信
mingtianwoxuyaofaxiaoxi	明天我需要发消息
mingtianwoxuyaogongzuo	明天我需要工作
mingtianwoxuyaoheshui	明天我需要喝水
mingtianwoxuyaohuijia	明天我需要回家
mingtianwoxuyaokaiche	明天我需要开车
mingtianwoxuyaokandianshi	明天我需要看电视
mingtianwoxuyaokandianying	明天我需要看电影
mingtianwoxuyaokanshipin	明天我需要看视频
mingtianwoxuyaokanshu	明天我需要看书
mingtianwoxuyaoliaotian	明天我需要聊天
mingtianwoxuyaomaidongxi	明天我需要买东西
mingtianwoxuyaoquxuexiao	明天我需要去学校
mingtianwoxuyaoshangban	明天我需要上班
mingtianwoxuyaoshuijue	明天我需要睡觉
mingtianwoxuyaotingyinle	明天我需要听音乐
mingtianwoxuyaowanyouxi	明天我需要玩游戏
mingtianwoxuyaoxiaban	明天我需要下班
mingtianwoxuyaoxiuxi	明天我需要休息
mingtianwoxuyaoxizao	明天我需要洗澡
mingtianwoxuyaoxuexi	明天我需要学习
mingtianwoxuyaozuoche	明天我需要坐车
mingtianwoxuyaozuofan	明天我需要做饭
mingtianwoxuyaozuofeiji	明天我需要坐飞机
mingtianwoxuyaozuohuoche	明天我需要坐火车
mingtianwoyaochifan	明天我要吃饭
mingtianwoyaochumen	明天我要出门
mingtianwoyaochuqu	明天我要出去
mingtianwoyaodadianhua	明天我要打电话
mingtianwoyaodayouxi	明天我要打游戏
mingtianwoyaofaweixin	明天我要发微信
mingtianwoyaofaxiaoxi	明天我要发消息
mingtianwoyaogongzuo	明天我要工作
mingtianwoyaoheshui	明天我要喝水
mingtianwoyaohuijia	明天我要回家
mingtianwoyaokaiche	明天我要开车
mingtianwoyaokandianshi	明天我要看电视
mingtianwoyaokandianying	明天我要看电影
mingtianwoyaokanshipin	明天我要看视频
mingtianwoyaokanshu	明天我要看书
mingtianwoyaoliaotian	明天我要聊天
mingtianwoyaomaidongxi	明天我要买东西
mingtianwoyaoquxuexiao	明天我要去学校
mingtianwoyaoshangban	明天我要上班
mingtianwoyaoshuijue	明天我要睡觉
mingtianwoyaotingyinle	明天我要听音乐
mingtianwoyaowanyouxi	明天我要玩游戏
mingtianwoyaoxiaban	明天我要下班
mingtianwoyaoxiuxi	明天我要休息
mingtianwoyaoxizao	明天我要洗澡
mingtianwoyaoxuexi	明天我要学习
mingtianwoyaozuoche	明天我要坐车
mingtianwoyaozuofan	明天我要做饭
mingtianwoyaozuofeiji	明天我要坐飞机
mingtianwoyaozuohuoche	明天我要坐火车
mingtianwozhunbeichifan	明天我准备吃饭
mingtianwozhunbeichumen	明天我准备出门
mingtianwozhunbeichuqu	明天我准备出去
mingtianwozhunbeidadianhua	明天我准备打电话
mingtianwozhunbeidayouxi	明天我准备打游戏
mingtianwozhunbeifaweixin	明天我准备发微信
mingtianwozhunbeifaxiaoxi	明天我准备发消息
mingtianwozhunbeigongzuo	明天我准备工作
mingtianwozhunbeiheshui	明天我准备喝水
mingtianwozhunbeihuijia	明天我准备回家
mingtianwozhunbeikaiche	明天我准备开车
mingtianwozhunbeikandianshi	明天我准备看电视
mingtianwozhunbeikandianying	明天我准备看电影
mingtianwozhunbeikanshipin	明天我准备看视频
mingtianwozhunbeikanshu	明天我准备看书
mingtianwozhunbeiliaotian	明天我准备聊天
mingtianwozhunbeimaidongxi	明天我准备买东西
mingtianwozhunbeiquxuexiao	明天我准备去学校
mingtianwozhunbeishangban	明天我准备上班
mingtianwozhunbeishuijue	明天我准备睡觉
mingtianwozhunbeitingyinle	明天我准备听音乐
mingtianwozhunbeiwanyouxi	明天我准备玩游戏
mingtianwozhunbeixiaban	明天我准备下班
mingtianwozhunbeixiuxi	明天我准备休息
mingtianwozhunbeixizao	明天我准备洗澡
mingtianwozhunbeixuexi	明天我准备学习
mingtianwozhunbeizuoche	明天我准备坐车
mingtianwozhunbeizuofan	明天我准备做饭
mingtianwozhunbeizuofeiji	明天我准备坐飞机
mingtianwozhunbeizuohuoche	明天我准备坐火车
mingtianwozuoche	明天我坐车
mingtianwozuofan	明天我做饭
mingtianwozuofeiji	明天我坐飞机
mingtianwozuohuoche	明天我坐火车
miu	谬
mo	墨	嫫	嬷	寞	抹	摩	摸	摹	末	模	殁	沫	漠	瘼	磨	秣
mou	侔	哞	某	牟	眸	缪	蛑	谋	鍪
mu	亩	仫	募	坶	墓	姆	幕	慕	拇	暮	木	母	毪	沐	牡	牧
muqin	母亲
na	那	呐	哪	娜	拿	捺	纳	肭	衲	钠	镎
nai	乃	佴	奈	奶	柰	氖	耐	艿	萘	鼐
nainai	奶奶
nali	哪里	那里
nan	南	喃	囡	楠	男	腩	蝻	赧	难
nanchi	难吃
nang	囊	囔	攮	曩	馕
nao	呶	垴	孬	恼	挠	淖	猱	瑙	硇	脑	蛲	铙	闹
ne	呢	疒	讷
nei	内	馁
neicun	内存
nen	嫩	恁
neng	能
nengbuneng	能不能
nengbunengchifan	能不能吃饭
nengbunengchumen	能不能出门
nengbunengchuqu	能不能出去
nengbunengdadianhua	能不能打电话
nengbunengdayouxi	能不能打游戏
nengbunengfaweixin	能不能发微信
nengbunengfaxiaoxi	能不能发消息
nengbunenggongzuo	能不能工作
nengbunengheshui	能不能喝水
nengbunenghuijia	能不能回家
nengbunengkaiche	能不能开车
nengbunengkandianshi	能不能看电视
nengbunengkandianying	能不能看电影
nengbunengkanshipin	能不能看视频
nengbunengkanshu	能不能看书
nengbunengliaotian	能不能聊天
nengbunengmaidongxi	能不能买东西
nengbunengqubeijing	能不能去北京
nengbunengquchaoshi	能不能去超市
nengbunengqugongsi	能不能去公司
nengbunengqushangchang	能不能去商场
nengbunengqushanghai	能不能去上海
nengbunengquxuexiao	能不能去学校
nengbunengquyiyuan	能不能去医院
nengbunengshangban	能不能上班
nengbunengshuijue	能不能睡觉
nengbunengtingyinle	能不能听音乐
nengbunengwanyouxi	能不能玩游戏
nengbunengxiaban	能不能下班
nengbunengxiuxi	能不能休息
nengbunengxizao	能不能洗澡
nengbunengxuexi	能不能学习
nengbunengzuoche	能不能坐车
nengbunengzuofan	能不能做饭
nengbunengzuofeiji	能不能坐飞机
nengbunengzuohuoche	能不能坐火车
ng	嗯
ni	你	伲	倪	匿	坭	妮	尼	怩	拟	旎	昵	泥	溺	猊	睨	腻
nian	年	埝	廿	念	拈	捻	撵	碾	蔫	辇	鲇	鲶	黏
niang	娘	酿
niao	嬲	尿	脲	茑	袅	鸟
nibangwochuliyixia	你帮我处理一下
nibangwokankan	你帮我看看
nibuxianganzhuangruanjian	你不想安装软件
nibuxiangchifan	你不想吃饭
nibuxiangchumen	你不想出门
nibuxiangchuqu	你不想出去
nibuxiangdadianhua	你不想打电话
nibuxiangdakaidiannao	你不想打开电脑
nibuxiangdakairuanjian	你不想打开软件
nibuxiangdayouxi	你不想打游戏
nibuxiangfaweixin	你不想发微信
nibuxiangfaxiaoxi	你不想发消息
nibuxianggengxinruanjian	你不想更新软件
nibuxianggongzuo	你不想工作
nibuxiangguanbiruanjian	你不想关闭软件
nibuxiangheshui	你不想喝水
nibuxianghuijia	你不想回家
nibuxiangkaiche	你不想开车
nibuxiangkandianshi	你不想看电视
nibuxiangkandianying	你不想看电影
nibuxiangkanshipin	你不想看视频
nibuxiangkanshu	你不想看书
nibuxianglianjiewangluo	你不想连接网络
nibuxiangliaotian	你不想聊天
nibuxiangmaidongxi	你不想买东西
nibuxiangpaizhaopian	你不想拍照片
nibuxiangqubeijing	你不想去北京
nibuxiangquchaoshi	你不想去超市
nibuxiangqugongsi	你不想去公司
nibuxiangquguangzhou	你不想去广州
nibuxiangqushangchang	你不想去商场
nibuxiangqushanghai	你不想去上海
nibuxiangqushenzhen	你不想去深圳
nibuxiangquxuexiao	你不想去学校
nibuxiangquyiyuan	你不想去医院
nibuxiangshangban	你不想上班
nibuxiangshiyongdiannao	你不想使用电脑
nibuxiangshiyongshouji	你不想使用手机
nibuxiangshuijue	你不想睡觉
nibuxiangtingyinle	你不想听音乐
nibuxiangwanyouxi	你不想玩游戏
nibuxiangxiaban	你不想下班
nibuxiangxiugaishezhi	你不想修改设置
nibuxiangxiuxi	你不想休息
nibuxiangxizao	你不想洗澡
nibuxiangxuexi	你不想学习
nibuxiangzuoche	你不想坐车
nibuxiangzuofan	你不想做饭
nibuxiangzuofeiji	你不想坐飞机
nibuxiangzuohuoche	你不想坐火车
nibuyaoanzhuangruanjian	你不要安装软件
nibuyaochifan	你不要吃饭
nibuyaochumen	你不要出门
nibuyaochuqu	你不要出去
nibuyaodadianhua	你不要打电话
nibuyaodakaidiannao	你不要打开电脑
nibuyaodakairuanjian	你不要打开软件
nibuyaodayouxi	你不要打游戏
nibuyaofaweixin	你不要发微信
nibuyaofaxiaoxi	你不要发消息
nibuyaogengxinruanjian	你不要更新软件
nibuyaogongzuo	你不要工作
nibuyaoguanbiruanjian	你不要关闭软件
nibuyaoheshui	你不要喝水
nibuyaohuijia	你不要回家
nibuyaokaiche	你不要开车
nibuyaokandianshi	你不要看电视
nibuyaokandianying	你不要看电影
nibuyaokanshipin	你不要看视频
nibuyaokanshu	你不要看书
nibuyaolianjiewangluo	你不要连接网络
nibuyaoliaotian	你不要聊天
nibuyaomaidongxi	你不要买东西
nibuyaopaizhaopian	你不要拍照片
nibuyaoqubeijing	你不要去北京
nibuyaoquchaoshi	你不要去超市
nibuyaoqugongsi	你不要去公司
nibuyaoquguangzhou	你不要去广州
nibuyaoqushangchang	你不要去商场
nibuyaoqushanghai	你不要去上海
nibuyaoqushenzhen	你不要去深圳
nibuyaoquxuexiao	你不要去学校
nibuyaoquyiyuan	你不要去医院
nibuyaoshangban	你不要上班
nibuyaoshiyongdiannao	你不要使用电脑
nibuyaoshiyongshouji	你不要使用手机
nibuyaoshuijue	你不要睡觉
nibuyaotingyinle	你不要听音乐
nibuyaowanyouxi	你不要玩游戏
nibuyaoxiaban	你不要下班
nibuyaoxiugaishezhi	你不要修改设置
nibuyaoxiuxi	你不要休息
nibuyaoxizao	你不要洗澡
nibuyaoxuexi	你不要学习
nibuyaozuoche	你不要坐车
nibuyaozuofan	你不要做饭
nibuyaozuofeiji	你不要坐飞机
nibuyaozuohuoche	你不要坐火车
nichifanlema	你吃饭了吗
nidaojialema	你到家了吗
nidasuananzhuangruanjian	你打算安装软件
nidasuanchifan	你打算吃饭
nidasuanchumen	你打算出门
nidasuanchuqu	你打算出去
nidasuandadianhua	你打算打电话
nidasuandakaidiannao	你打算打开电脑
nidasuandakairuanjian	你打算打开软件
nidasuandayouxi	你打算打游戏
nidasuanfaweixin	你打算发微信
nidasuanfaxiaoxi	你打算发消息
nidasuangengxinruanjian	你打算更新软件
nidasuangongzuo	你打算工作
nidasuanguanbiruanjian	你打算关闭软件
nidasuanheshui	你打算喝水
nidasuanhuijia	你打算回家
nidasuankaiche	你打算开车
nidasuankandianshi	你打算看电视
nidasuankandianying	你打算看电影
nidasuankanshipin	你打算看视频
nidasuankanshu	你打算看书
nidasuanlianjiewangluo	你打算连接网络
nidasuanliaotian	你打算聊天
nidasuanmaidongxi	你打算买东西
nidasuanpaizhaopian	你打算拍照片
nidasuanqubeijing	你打算去北京
nidasuanquchaoshi	你打算去超市
nidasuanqugongsi	你打算去公司
nidasuanquguangzhou	你打算去广州
nidasuanqushangchang	你打算去商场
nidasuanqushanghai	你打算去上海
nidasuanqushenzhen	你打算去深圳
nidasuanquxuexiao	你打算去学校
nidasuanquyiyuan	你打算去医院
nidasuanshangban	你打算上班
nidasuanshiyongdiannao	你打算使用电脑
nidasuanshiyongshouji	你打算使用手机
nidasuanshuijue	你打算睡觉
nidasuantingyinle	你打算听音乐
nidasuanwanyouxi	你打算玩游戏
nidasuanxiaban	你打算下班
nidasuanxiugaishezhi	你打算修改设置
nidasuanxiuxi	你打算休息
nidasuanxizao	你打算洗澡
nidasuanxuexi	你打算学习
nidasuanzuoche	你打算坐车
nidasuanzuofan	你打算做饭
nidasuanzuofeiji	你打算坐飞机
nidasuanzuohuoche	你打算坐火车
nie	啮	嗫	孽	捏	涅	聂	臬	蘖	蹑	镊	镍	陧	颞
nihao	你好
nihaoa	你好啊
nihaoma	你好吗
nihaoya	你好呀
nikeyianzhuangruanjian	你可以安装软件
nikeyichifan	你可以吃饭
nikeyichumen	你可以出门
nikeyichuqu	你可以出去
nikeyidadianhua	你可以打电话
nikeyidakaidiannao	你可以打开电脑
nikeyidakairuanjian	你可以打开软件
nikeyidayouxi	你可以打游戏
nikeyifaweixin	你可以发微信
nikeyifaxiaoxi	你可以发消息
nikeyigengxinruanjian	你可以更新软件
nikeyigongzuo	你可以工作
nikeyiguanbiruanjian	你可以关闭软件
nikeyiheshui	你可以喝水
nikeyihuijia	你可以回家
nikeyikaiche	你可以开车
nikeyikandianshi	你可以看电视
nikeyikandianying	你可以看电影
nikeyikanshipin	你可以看视频
nikeyikanshu	你可以看书
nikeyilianjiewangluo	你可以连接网络
nikeyiliaotian	你可以聊天
nikeyimaidongxi	你可以买东西
nikeyipaizhaopian	你可以拍照片
nikeyiqubeijing	你可以去北京
nikeyiquchaoshi	你可以去超市
nikeyiqugongsi	你可以去公司
nikeyiquguangzhou	你可以去广州
nikeyiqushangchang	你可以去商场
nikeyiqushanghai	你可以去上海
nikeyiqushenzhen	你可以去深圳
nikeyiquxuexiao	你可以去学校
nikeyiquyiyuan	你可以去医院
nikeyishangban	你可以上班
nikeyishiyongdiannao	你可以使用电脑
nikeyishiyongshouji	你可以使用手机
nikeyishuijue	你可以睡觉
nikeyitingyinle	你可以听音乐
nikeyiwanyouxi	你可以玩游戏
nikeyixiaban	你可以下班
nikeyixiugaishezhi	你可以修改设置
nikeyixiuxi	你可以休息
nikeyixizao	你可以洗澡
nikeyixuexi	你可以学习
nikeyizuoche	你可以坐车
nikeyizuofan	你可以做饭
nikeyizuofeiji	你可以坐飞机
nikeyizuohuoche	你可以坐火车
nimen	你们
nin	您
ninenganzhuangruanjian	你能安装软件
ninengchifan	你能吃饭
ninengchumen	你能出门
ninengchuqu	你能出去
ninengdadianhua	你能打电话
ninengdakaidiannao	你能打开电脑
ninengdakairuanjian	你能打开软件
ninengdayouxi	你能打游戏
ninengfaweixin	你能发微信
ninengfaxiaoxi	你能发消息
ninenggengxinruanjian	你能更新软件
ninenggongzuo	你能工作
ninengguanbiruanjian	你能关闭软件
ninengheshui	你能喝水
ninenghuijia	你能回家
ninengkaiche	你能开车
ninengkandianshi	你能看电视
ninengkandianying	你能看电影
ninengkanshipin	你能看视频
ninengkanshu	你能看书
ninenglianjiewangluo	你能连接网络
ninengliaotian	你能聊天
ninengmaidongxi	你能买东西
ninengpaizhaopian	你能拍照片
ninengqubeijing	你能去北京
ninengquchaoshi	你能去超市
ninengqugongsi	你能去公司
ninengquguangzhou	你能去广州
ninengqushangchang	你能去商场
ninengqushanghai	你能去上海
ninengqushenzhen	你能去深圳
ninengquxuexiao	你能去学校
ninengquyiyuan	你能去医院
ninengshangban	你能上班
ninengshiyongdiannao	你能使用电脑
ninengshiyongshouji	你能使用手机
ninengshuijue	你能睡觉
ninengtingyinle	你能听音乐
ninengwanyouxi	你能玩游戏
ninengxiaban	你能下班
ninengxiugaishezhi	你能修改设置
ninengxiuxi	你能休息
ninengxizao	你能洗澡
ninengxuexi	你能学习
ninengzuoche	你能坐车
ninengzuofan	你能做饭
ninengzuofeiji	你能坐飞机
ninengzuohuoche	你能坐火车
ning	佞	凝	咛	宁	拧	柠	泞	狞	甯	聍
ninhao	您好
nishenmeshihouhuilai	你什么时候回来
nishuilema	你睡了吗
niu	妞	忸	扭	牛	狃	纽	钮
niunai	牛奶
nixianganzhuangruanjian	你想安装软件
nixiangchifan	你想吃饭
nixiangchifanma	你想吃饭吗
nixiangchumen	你想出门
nixiangchumenma	你想出门吗
nixiangchuqu	你想出去
nixiangchuquma	你想出去吗
nixiangdadianhua	你想打电话
nixiangdadianhuama	你想打电话吗
nixiangdakaidiannao	你想打开电脑
nixiangdakairuanjian	你想打开软件
nixiangdayouxi	你想打游戏
nixiangdayouxima	你想打游戏吗
nixiangfaweixin	你想发微信
nixiangfaweixinma	你想发微信吗
nixiangfaxiaoxi	你想发消息
nixiangfaxiaoxima	你想发消息吗
nixianggengxinruanjian	你想更新软件
nixianggongzuo	你想工作
nixianggongzuoma	你想工作吗
nixiangguanbiruanjian	你想关闭软件
nixiangheshui	你想喝水
nixiangheshuima	你想喝水吗
nixianghuijia	你想回家
nixianghuijiama	你想回家吗
nixiangkaiche	你想开车
nixiangkaichema	你想开车吗
nixiangkandianshi	你想看电视
nixiangkandianshima	你想看电视吗
nixiangkandianying	你想看电影
nixiangkandianyingma	你想看电影吗
nixiangkanshipin	你想看视频
nixiangkanshipinma	你想看视频吗
nixiangkanshu	你想看书
nixiangkanshuma	你想看书吗
nixianglianjiewangluo	你想连接网络
nixiangliaotian	你想聊天
nixiangliaotianma	你想聊天吗
nixiangmaidongxi	你想买东西
nixiangmaidongxima	你想买东西吗
nixiangpaizhaopian	你想拍照片
nixiangqubeijing	你想去北京
nixiangqubeijingma	你想去北京吗
nixiangquchaoshi	你想去超市
nixiangquchaoshima	你想去超市吗
nixiangqugongsi	你想去公司
nixiangqugongsima	你想去公司吗
nixiangquguangzhou	你想去广州
nixiangqushangchang	你想去商场
nixiangqushangchangma	你想去商场吗
nixiangqushanghai	你想去上海
nixiangqushanghaima	你想去上海吗
nixiangqushenzhen	你想去深圳
nixiangquxuexiao	你想去学校
nixiangquxuexiaoma	你想去学校吗
nixiangquyiyuan	你想去医院
nixiangquyiyuanma	你想去医院吗
nixiangshangban	你想上班
nixiangshangbanma	你想上班吗
nixiangshiyongdiannao	你想使用电脑
nixiangshiyongshouji	你想使用手机
nixiangshuijue	你想睡觉
nixiangshuijuema	你想睡觉吗
nixiangtingyinle	你想听音乐
nixiangtingyinlema	你想听音乐吗
nixiangwanyouxi	你想玩游戏
nixiangwanyouxima	你想玩游戏吗
nixiangxiaban	你想下班
nixiangxiabanma	你想下班吗
nixiangxiugaishezhi	你想修改设置
nixiangxiuxi	你想休息
nixiangxiuxima	你想休息吗
nixiangxizao	你想洗澡
nixiangxizaoma	你想洗澡吗
nixiangxuexi	你想学习
nixiangxuexima	你想学习吗
nixiangyaoanzhuangruanjian	你想要安装软件
nixiangyaochifan	你想要吃饭
nixiangyaochumen	你想要出门
nixiangyaochuqu	你想要出去
nixiangyaodadianhua	你想要打电话
nixiangyaodakaidiannao	你想要打开电脑
nixiangyaodakairuanjian	你想要打开软件
nixiangyaodayouxi	你想要打游戏
nixiangyaofaweixin	你想要发微信
nixiangyaofaxiaoxi	你想要发消息
nixiangyaogengxinruanjian	你想要更新软件
nixiangyaogongzuo	你想要工作
nixiangyaoguanbiruanjian	你想要关闭软件
nixiangyaoheshui	你想要喝水
nixiangyaohuijia	你想要回家
nixiangyaokaiche	你想要开车
nixiangyaokandianshi	你想要看电视
nixiangyaokandianying	你想要看电影
nixiangyaokanshipin	你想要看视频
nixiangyaokanshu	你想要看书
nixiangyaolianjiewangluo	你想要连接网络
nixiangyaoliaotian	你想要聊天
nixiangyaomaidongxi	你想要买东西
nixiangyaopaizhaopian	你想要拍照片
nixiangyaoqubeijing	你想要去北京
nixiangyaoquchaoshi	你想要去超市
nixiangyaoqugongsi	你想要去公司
nixiangyaoquguangzhou	你想要去广州
nixiangyaoqushangchang	你想要去商场
nixiangyaoqushanghai	你想要去上海
nixiangyaoqushenzhen	你想要去深圳
nixiangyaoquxuexiao	你想要去学校
nixiangyaoquyiyuan	你想要去医院
nixiangyaoshangban	你想要上班
nixiangyaoshiyongdiannao	你想要使用电脑
nixiangyaoshiyongshouji	你想要使用手机
nixiangyaoshuijue	你想要睡觉
nixiangyaotingyinle	你想要听音乐
nixiangyaowanyouxi	你想要玩游戏
nixiangyaoxiaban	你想要下班
nixiangyaoxiugaishezhi	你想要修改设置
nixiangyaoxiuxi	你想要休息
nixiangyaoxizao	你想要洗澡
nixiangyaoxuexi	你想要学习
nixiangyaozuoche	你想要坐车
nixiangyaozuofan	你想要做饭
nixiangyaozuofeiji	你想要坐飞机
nixiangyaozuohuoche	你想要坐火车
nixiangzuoche	你想坐车
nixiangzuochema	你想坐车吗
nixiangzuofan	你想做饭
nixiangzuofanma	你想做饭吗
nixiangzuofeiji	你想坐飞机
nixiangzuofeijima	你想坐飞机吗
nixiangzuohuoche	你想坐火车
nixiangzuohuochema	你想坐火车吗
nixuyaoanzhuangruanjian	你需要安装软件
nixuyaochifan	你需要吃饭
nixuyaochumen	你需要出门
nixuyaochuqu	你需要出去
nixuyaodadianhua	你需要打电话
nixuyaodakaidiannao	你需要打开电脑
nixuyaodakairuanjian	你需要打开软件
nixuyaodayouxi	你需要打游戏
nixuyaofaweixin	你需要发微信
nixuyaofaxiaoxi	你需要发消息
nixuyaogengxinruanjian	你需要更新软件
nixuyaogongzuo	你需要工作
nixuyaoguanbiruanjian	你需要关闭软件
nixuyaoheshui	你需要喝水
nixuyaohuijia	你需要回家
nixuyaokaiche	你需要开车
nixuyaokandianshi	你需要看电视
nixuyaokandianying	你需要看电影
nixuyaokanshipin	你需要看视频
nixuyaokanshu	你需要看书
nixuyaolianjiewangluo	你需要连接网络
nixuyaoliaotian	你需要聊天
nixuyaomaidongxi	你需要买东西
nixuyaopaizhaopian	你需要拍照片
nixuyaoqubeijing	你需要去北京
nixuyaoquchaoshi	你需要去超市
nixuyaoqugongsi	你需要去公司
nixuyaoquguangzhou	你需要去广州
nixuyaoqushangchang	你需要去商场
nixuyaoqushanghai	你需要去上海
nixuyaoqushenzhen	你需要去深圳
nixuyaoquxuexiao	你需要去学校
nixuyaoquyiyuan	你需要去医院
nixuyaoshangban	你需要上班
nixuyaoshiyongdiannao	你需要使用电脑
nixuyaoshiyongshouji	你需要使用手机
nixuyaoshuijue	你需要睡觉
nixuyaotingyinle	你需要听音乐
nixuyaowanyouxi	你需要玩游戏
nixuyaoxiaban	你需要下班
nixuyaoxiugaishezhi	你需要修改设置
nixuyaoxiuxi	你需要休息
nixuyaoxizao	你需要洗澡
nixuyaoxuexi	你需要学习
nixuyaozuoche	你需要坐车
nixuyaozuofan	你需要做饭
nixuyaozuofeiji	你需要坐飞机
nixuyaozuohuoche	你需要坐火车
niyaoanzhuangruanjian	你要安装软件
niyaochifan	你要吃饭
niyaochifanma	你要吃饭吗
niyaochumen	你要出门
niyaochumenma	你要出门吗
niyaochuqu	你要出去
niyaochuquma	你要出去吗
niyaodadianhua	你要打电话
niyaodadianhuama	你要打电话吗
niyaodakaidiannao	你要打开电脑
niyaodakairuanjian	你要打开软件
niyaodayouxi	你要打游戏
niyaodayouxima	你要打游戏吗
niyaofaweixin	你要发微信
niyaofaweixinma	你要发微信吗
niyaofaxiaoxi	你要发消息
niyaofaxiaoxima	你要发消息吗
niyaogengxinruanjian	你要更新软件
niyaogongzuo	你要工作
niyaogongzuoma	你要工作吗
niyaoguanbiruanjian	你要关闭软件
niyaoheshui	你要喝水
niyaoheshuima	你要喝水吗
niyaohuijia	你要回家
niyaohuijiama	你要回家吗
niyaokaiche	你要开车
niyaokaichema	你要开车吗
niyaokandianshi	你要看电视
niyaokandianshima	你要看电视吗
niyaokandianying	你要看电影
niyaokandianyingma	你要看电影吗
niyaokanshipin	你要看视频
niyaokanshipinma	你要看视频吗
niyaokanshu	你要看书
niyaokanshuma	你要看书吗
niyaolianjiewangluo	你要连接网络
niyaoliaotian	你要聊天
niyaoliaotianma	你要聊天吗
niyaomaidongxi	你要买东西
niyaomaidongxima	你要买东西吗
niyaopaizhaopian	你要拍照片
niyaoqubeijing	你要去北京
niyaoqubeijingma	你要去北京吗
niyaoquchaoshi	你要去超市
niyaoquchaoshima	你要去超市吗
niyaoqugongsi	你要去公司
niyaoqugongsima	你要去公司吗
niyaoquguangzhou	你要去广州
niyaoqushangchang	你要去商场
niyaoqushangchangma	你要去商场吗
niyaoqushanghai	你要去上海
niyaoqushanghaima	你要去上海吗
niyaoqushenzhen	你要去深圳
niyaoquxuexiao	你要去学校
niyaoquxuexiaoma	你要去学校吗
niyaoquyiyuan	你要去医院
niyaoquyiyuanma	你要去医院吗
niyaoshangban	你要上班
niyaoshangbanma	你要上班吗
niyaoshiyongdiannao	你要使用电脑
niyaoshiyongshouji	你要使用手机
niyaoshuijue	你要睡觉
niyaoshuijuema	你要睡觉吗
niyaotingyinle	你要听音乐
niyaotingyinlema	你要听音乐吗
niyaowanyouxi	你要玩游戏
niyaowanyouxima	你要玩游戏吗
niyaoxiaban	你要下班
niyaoxiabanma	你要下班吗
niyaoxiugaishezhi	你要修改设置
niyaoxiuxi	你要休息
niyaoxiuxima	你要休息吗
niyaoxizao	你要洗澡
niyaoxizaoma	你要洗澡吗
niyaoxuexi	你要学习
niyaoxuexima	你要学习吗
niyaozuoche	你要坐车
niyaozuochema	你要坐车吗
niyaozuofan	你要做饭
niyaozuofanma	你要做饭吗
niyaozuofeiji	你要坐飞机
niyaozuofeijima	你要坐飞机吗
niyaozuohuoche	你要坐火车
niyaozuohuochema	你要坐火车吗
nizaiganshenme	你在干什么
nizaima	你在吗
nizaina	你在哪
nizainali	你在哪里
nizaizuoshenme	你在做什么
nizhunbeianzhuangruanjian	你准备安装软件
nizhunbeichifan	你准备吃饭
nizhunbeichumen	你准备出门
nizhunbeichuqu	你准备出去
nizhunbeidadianhua	你准备打电话
nizhunbeidakaidiannao	你准备打开电脑
nizhunbeidakairuanjian	你准备打开软件
nizhunbeidayouxi	你准备打游戏
nizhunbeifaweixin	你准备发微信
nizhunbeifaxiaoxi	你准备发消息
nizhunbeigengxinruanjian	你准备更新软件
nizhunbeigongzuo	你准备工作
nizhunbeiguanbiruanjian	你准备关闭软件
nizhunbeiheshui	你准备喝水
nizhunbeihuijia	你准备回家
nizhunbeikaiche	你准备开车
nizhunbeikandianshi	你准备看电视
nizhunbeikandianying	你准备看电影
nizhunbeikanshipin	你准备看视频
nizhunbeikanshu	你准备看书
nizhunbeilianjiewangluo	你准备连接网络
nizhunbeiliaotian	你准备聊天
nizhunbeimaidongxi	你准备买东西
nizhunbeipaizhaopian	你准备拍照片
nizhunbeiqubeijing	你准备去北京
nizhunbeiquchaoshi	你准备去超市
nizhunbeiqugongsi	你准备去公司
nizhunbeiquguangzhou	你准备去广州
nizhunbeiqushangchang	你准备去商场
nizhunbeiqushanghai	你准备去上海
nizhunbeiqushenzhen	你准备去深圳
nizhunbeiquxuexiao	你准备去学校
nizhunbeiquyiyuan	你准备去医院
nizhunbeishangban	你准备上班
nizhunbeishiyongdiannao	你准备使用电脑
nizhunbeishiyongshouji	你准备使用手机
nizhunbeishuijue	你准备睡觉
nizhunbeitingyinle	你准备听音乐
nizhunbeiwanyouxi	你准备玩游戏
nizhunbeixiaban	你准备下班
nizhunbeixiugaishezhi	你准备修改设置
nizhunbeixiuxi	你准备休息
nizhunbeixizao	你准备洗澡
nizhunbeixuexi	你准备学习
nizhunbeizuoche	你准备坐车
nizhunbeizuofan	你准备做饭
nizhunbeizuofeiji	你准备坐飞机
nizhunbeizuohuoche	你准备坐火车
nong	侬	农	哝	弄	浓	脓
nongcun	农村
nou	耨
nu	努	女	奴	孥	弩	怒	恧	胬	衄	钕	驽
nuan	暖
nuanhe	暖和
nue	疟	虐
nuer	女儿
nuo	傩	喏	懦	挪	搦	糯	诺	锘
o	哦	喔	噢
ou	偶	呕	怄	欧	殴	沤	瓯	耦	藕	讴	鸥
pa	啪	帕	怕	杷	爬	琶	筢	葩	趴
pai	俳	哌	徘	拍	排	派	湃	牌	蒎
paixu	排序
paizhaopian	拍照片
pan	判	叛	拚	攀	泮	潘	爿	畔	盘	盼	磐	蟠	袢	襻	蹒
pang	乓	庞	彷	旁	滂	耪	胖	螃	逄
pao	刨	匏	咆	庖	抛	泡	炮	狍	疱	脬	袍	跑
pei	佩	呸	培	帔	旆	沛	胚	裴	赔	辔	配	醅	锫	陪	霈
pen	喷	湓	盆
peng	嘭	堋	彭	怦	抨	捧	朋	棚	澎	烹	砰	硼	碰	篷	膨	蓬
pengyou	朋友
pi	丕	仳	僻	劈	匹	啤	噼	圮	坯	埤	媲	屁	庀	批	披	擗
pian	偏	片	犏	篇	翩	胼	谝	蹁	骈	骗
piao	剽	嘌	嫖	殍	漂	瓢	瞟	票	缥	螵	飘
pie	丿	撇	氕	瞥	苤
pin	品	姘	嫔	拼	榀	牝	聘	贫	频	颦
ping	平	乒	俜	凭	坪	娉	屏	枰	瓶	苹	萍	评	鲆
pingban	平板
pingguo	苹果
pingmu	屏幕
pinyin	拼音
pinyinqiefen	拼音切分
pinyinshuru	拼音输入
pinyinshurufa	拼音输入法
pinyinshuruyouwenti	拼音输入有问题
po	叵	坡	婆	泊	泼	珀	皤	破	笸	粕	迫	鄱	钋	钷	颇	魄
pou	剖	掊	裒
pu	仆	匍	噗	圃	扑	攴	攵	普	曝	朴	氆	浦	溥	濮	瀑	璞
qi	起	其	七	乞	亓	企	俟	凄	启	嘁	器	圻	奇	契	妻	屺
qia	恰	掐	洽	葜	袷	髂
qian	前	乾	仟	佥	倩	凵	千	堑	岍	嵌	悭	愆	慊	扦	掮	搴
qiang	丬	呛	墙	嫱	强	戕	戗	抢	枪	樯	炝	羌	羟	腔	蔷	蜣
qianjing	前景
qianmian	前面
qiantai	前台
qiantian	前天
qiao	乔	侨	俏	劁	峭	巧	悄	愀	憔	撬	敲	桥	樵	橇	瞧	硗
qidong	启动
qie	且	切	妾	怯	惬	挈	窃	箧	郄	锲
qin	亲	侵	勤	吣	嗪	噙	寝	揿	擒	檎	沁	溱	琴	禽	秦	芩
qing	情	倾	卿	圊	庆	擎	晴	檠	氢	氰	清	磬	箐	綮	罄	苘
qingchu	清楚
qingjia	请假
qingtian	晴天
qiong	琼	穷	穹	筇	茕	蛩	跫	邛	銎
qiu	丘	俅	囚	巯	楸	求	泅	犰	球	秋	糗	虬	蚯	蝤	裘	赇
qiutian	秋天
qizi	妻子
qu	去	劬	区	取	娶	屈	岖	曲	朐	氍	渠	璩	癯	瞿	磲	祛
quan	全	券	劝	圈	悛	拳	权	泉	犬	犭	畎	痊	筌	绻	荃	蜷
quanpin	全拼
qubeijing	去北京
quchaoshi	去超市
que	却	悫	榷	炔	瘸	确	缺	阕	阙	雀	鹊
queren	确认
qugongsi	去公司
quguangzhou	去广州
qun	群	裙	逡
qunian	去年
qushangchang	去商场
qushanghai	去上海
qushenzhen	去深圳
quxiao	取消
quxuexiao	去学校
quyiyuan	去医院
ran	然	冉	染	燃	苒	蚺	髯
rang	嚷	壤	攘	瓤	禳	穰	让
rao	娆	扰	桡	绕	荛	饶
re	热	惹
ren	人	认	亻	仁	仞	任	刃	壬	妊	忍	稔	纫	荏	葚	衽	轫
reng	仍	扔
renwu	任务
ri	日
riben	日本
riyu	日语
rong	冗	容	嵘	戎	榕	溶	熔	狨	绒	肜	茸	荣	蓉	蝾	融
rongyi	容易
rou	肉	揉	柔	糅	蹂	鞣
ru	如	乳	儒	入	嚅	孺	汝	洳	溽	濡	缛	茹	蓐	薷	蠕	褥
ruan	朊	软	阮
ruanjian	软件
rui	枘	瑞	睿	芮	蕊	蕤	蚋	锐
run	润	闰
ruo	偌	弱	箬	若
sa	仨	卅	挲	撒	洒	脎	萨	飒
sai	噻	塞	腮	赛	鳃
san	三	伞	叁	散	毵	糁	馓
sang	丧	嗓	搡	桑	磉	颡
sao	埽	嫂	扫	搔	瘙	缫	臊	骚	鳋
se	啬	涩	瑟	穑	色	铯
sen	森
seng	僧
sha	傻	刹	厦	唼	啥	嗄	杀	歃	沙	煞	痧	砂	纱	莎	裟	铩
shai	晒	筛
shan	删	剡	善	埏	姗	嬗	山	彡	扇	擅	杉	汕	潸	煽	珊	疝
shanchu	删除
shanchuwenjian	删除文件
shang	上	伤	商	垧	墒	尚	晌	殇	熵	绱	裳	觞	赏
shangban	上班
shangchang	商场
shangchuan	上传
shangchuanwenjian	上传文件
shanggeyue	上个月
shanghai	上海
shangmian	上面
shangwu	上午
shangxiawen	上下文
shangxiawenyuce	上下文预测
shao	少	劭	勺	哨	捎	梢	潲	烧	稍	筲	绍	艄	芍	苕	蛸	邵
shaodengyixia	稍等一下
shaokao	烧烤
she	佘	厍	奢	射	慑	摄	歙	涉	滠	猞	畲	社	舌	舍	蛇	设
shei	谁
shen	身	什	伸	呻	哂	娠	婶	审	慎	椹	沈	深	渖	渗	甚	申
sheng	生	剩	升	圣	声	嵊	牲	甥	盛	省	眚	笙	绳	胜
shengji	升级
shenjingwangluo	神经网络
shenjingwangluomoxing	神经网络模型
shenmedefang	什么地方
shenmeshihou	什么时候
shenzhen	深圳
shequcangku	社区仓库
shequyuyanbao	社区语言包
shezhi	设置
shi	是	时	事	十	实	使	世	仕	侍	势	匙	史	嗜	噬	埘	士
shibushi	是不是
shijian	时间
shipin	视频
shishikan	试试看
shishiyulan	实时预览
shiyongdiannao	使用电脑
shiyongshouji	使用手机
shou	手	兽	受	售	守	寿	扌	授	收	狩	瘦	绶	艏	首
shouji	手机
shouxie	手写
shu	书	倏	叔	塾	墅	姝	孰	属	庶	恕	戍	抒	摅	数	暑	曙
shua	刷	唰	耍
shuai	帅	摔	甩	蟀	衰
shuan	拴	栓	涮	闩
shuang	双	孀	爽	霜
shuangpin	双拼
shubiao	鼠标
shui	水	氵	睡	税
shuiguo	水果
shuijue	睡觉
shuju	数据
shujuku	数据库
shun	吮	瞬	舜	顺
shuo	说	妁	搠	朔	槊	烁	硕	蒴	铄
shuoming	说明
shuoyixia	说一下
shurufa	输入法
shurufayouwenti	输入法有问题
shurumoxing	输入模型
si	丝	似	兕	厮	厶	司	咝	嗣	嘶	四	姒	寺	巳	思	撕	斯
song	凇	宋	崧	嵩	忪	怂	悚	松	淞	竦	耸	菘	讼	诵	送	颂
sou	叟	嗖	嗽	嗾	搜	擞	溲	瞍	艘	薮	螋	锼	飕	馊
sousuo	搜索
su	俗	僳	嗉	塑	夙	宿	愫	涑	溯	稣	簌	粟	素	肃	苏	蔌
suan	狻	算	蒜	酸
sudu	速度
sui	岁	濉	燧	眭	睢	碎	祟	穗	绥	荽	虽	谇	遂	邃	隋	随
sun	孙	损	榫	狲	笋	荪	隼	飧
suo	所	唆	唢	嗍	嗦	娑	桫	梭	琐	睃	索	缩	羧	蓑	锁
ta	他	她	它	塌	塔	拓	挞	榻	溻	獭	趿	踏	蹋	遢	铊	闼
tabuxianganzhuangruanjian	他不想安装软件
tabuxiangchifan	他不想吃饭
tabuxiangchumen	他不想出门
tabuxiangchuqu	他不想出去
tabuxiangdadianhua	他不想打电话
tabuxiangdakaidiannao	他不想打开电脑
tabuxiangdakairuanjian	他不想打开软件
tabuxiangdayouxi	他不想打游戏
tabuxiangfaweixin	他不想发微信
tabuxiangfaxiaoxi	他不想发消息
tabuxianggengxinruanjian	他不想更新软件
tabuxianggongzuo	他不想工作
tabuxiangguanbiruanjian	他不想关闭软件
tabuxiangheshui	他不想喝水
tabuxianghuijia	他不想回家
tabuxiangkaiche	他不想开车
tabuxiangkandianshi	他不想看电视
tabuxiangkandianying	他不想看电影
tabuxiangkanshipin	他不想看视频
tabuxiangkanshu	他不想看书
tabuxianglianjiewangluo	他不想连接网络
tabuxiangliaotian	他不想聊天
tabuxiangmaidongxi	他不想买东西
tabuxiangpaizhaopian	他不想拍照片
tabuxiangqubeijing	他不想去北京
tabuxiangquchaoshi	他不想去超市
tabuxiangqugongsi	他不想去公司
tabuxiangquguangzhou	他不想去广州
tabuxiangqushangchang	他不想去商场
tabuxiangqushanghai	他不想去上海
tabuxiangqushenzhen	他不想去深圳
tabuxiangquxuexiao	他不想去学校
tabuxiangquyiyuan	他不想去医院
tabuxiangshangban	他不想上班
tabuxiangshiyongdiannao	他不想使用电脑
tabuxiangshiyongshouji	他不想使用手机
tabuxiangshuijue	他不想睡觉
tabuxiangtingyinle	他不想听音乐
tabuxiangwanyouxi	他不想玩游戏
tabuxiangxiaban	他不想下班
tabuxiangxiugaishezhi	他不想修改设置
tabuxiangxiuxi	他不想休息
tabuxiangxizao	他不想洗澡
tabuxiangxuexi	他不想学习
tabuxiangzuoche	他不想坐车
tabuxiangzuofan	他不想做饭
tabuxiangzuofeiji	他不想坐飞机
tabuxiangzuohuoche	他不想坐火车
tabuyaoanzhuangruanjian	他不要安装软件
tabuyaochifan	他不要吃饭
tabuyaochumen	他不要出门
tabuyaochuqu	他不要出去
tabuyaodadianhua	他不要打电话
tabuyaodakaidiannao	他不要打开电脑
tabuyaodakairuanjian	他不要打开软件
tabuyaodayouxi	他不要打游戏
tabuyaofaweixin	他不要发微信
tabuyaofaxiaoxi	他不要发消息
tabuyaogengxinruanjian	他不要更新软件
tabuyaogongzuo	他不要工作
tabuyaoguanbiruanjian	他不要关闭软件
tabuyaoheshui	他不要喝水
tabuyaohuijia	他不要回家
tabuyaokaiche	他不要开车
tabuyaokandianshi	他不要看电视
tabuyaokandianying	他不要看电影
tabuyaokanshipin	他不要看视频
tabuyaokanshu	他不要看书
tabuyaolianjiewangluo	他不要连接网络
tabuyaoliaotian	他不要聊天
tabuyaomaidongxi	他不要买东西
tabuyaopaizhaopian	他不要拍照片
tabuyaoqubeijing	他不要去北京
tabuyaoquchaoshi	他不要去超市
tabuyaoqugongsi	他不要去公司
tabuyaoquguangzhou	他不要去广州
tabuyaoqushangchang	他不要去商场
tabuyaoqushanghai	他不要去上海
tabuyaoqushenzhen	他不要去深圳
tabuyaoquxuexiao	他不要去学校
tabuyaoquyiyuan	他不要去医院
tabuyaoshangban	他不要上班
tabuyaoshiyongdiannao	他不要使用电脑
tabuyaoshiyongshouji	他不要使用手机
tabuyaoshuijue	他不要睡觉
tabuyaotingyinle	他不要听音乐
tabuyaowanyouxi	他不要玩游戏
tabuyaoxiaban	他不要下班
tabuyaoxiugaishezhi	他不要修改设置
tabuyaoxiuxi	他不要休息
tabuyaoxizao	他不要洗澡
tabuyaoxuexi	他不要学习
tabuyaozuoche	他不要坐车
tabuyaozuofan	他不要做饭
tabuyaozuofeiji	他不要坐飞机
tabuyaozuohuoche	他不要坐火车
tadasuananzhuangruanjian	他打算安装软件
tadasuanchifan	他打算吃饭
tadasuanchumen	他打算出门
tadasuanchuqu	他打算出去
tadasuandadianhua	他打算打电话
tadasuandakaidiannao	他打算打开电脑
tadasuandakairuanjian	他打算打开软件
tadasuandayouxi	他打算打游戏
tadasuanfaweixin	他打算发微信
tadasuanfaxiaoxi	他打算发消息
tadasuangengxinruanjian	他打算更新软件
tadasuangongzuo	他打算工作
tadasuanguanbiruanjian	他打算关闭软件
tadasuanheshui	他打算喝水
tadasuanhuijia	他打算回家
tadasuankaiche	他打算开车
tadasuankandianshi	他打算看电视
tadasuankandianying	他打算看电影
tadasuankanshipin	他打算看视频
tadasuankanshu	他打算看书
tadasuanlianjiewangluo	他打算连接网络
tadasuanliaotian	他打算聊天
tadasuanmaidongxi	他打算买东西
tadasuanpaizhaopian	他打算拍照片
tadasuanqubeijing	他打算去北京
tadasuanquchaoshi	他打算去超市
tadasuanqugongsi	他打算去公司
tadasuanquguangzhou	他打算去广州
tadasuanqushangchang	他打算去商场
tadasuanqushanghai	他打算去上海
tadasuanqushenzhen	他打算去深圳
tadasuanquxuexiao	他打算去学校
tadasuanquyiyuan	他打算去医院
tadasuanshangban	他打算上班
tadasuanshiyongdiannao	他打算使用电脑
tadasuanshiyongshouji	他打算使用手机
tadasuanshuijue	他打算睡觉
tadasuantingyinle	他打算听音乐
tadasuanwanyouxi	他打算玩游戏
tadasuanxiaban	他打算下班
tadasuanxiugaishezhi	他打算修改设置
tadasuanxiuxi	他打算休息
tadasuanxizao	他打算洗澡
tadasuanxuexi	他打算学习
tadasuanzuoche	他打算坐车
tadasuanzuofan	他打算做饭
tadasuanzuofeiji	他打算坐飞机
tadasuanzuohuoche	他打算坐火车
tai	太	台	态	抬	汰	泰	炱	肽	胎	苔	薹	跆	邰	酞	钛	鲐
takeyianzhuangruanjian	他可以安装软件
takeyichifan	他可以吃饭
takeyichumen	他可以出门
takeyichuqu	他可以出去
takeyidadianhua	他可以打电话
takeyidakaidiannao	他可以打开电脑
takeyidakairuanjian	他可以打开软件
takeyidayouxi	他可以打游戏
takeyifaweixin	他可以发微信
takeyifaxiaoxi	他可以发消息
takeyigengxinruanjian	他可以更新软件
takeyigongzuo	他可以工作
takeyiguanbiruanjian	他可以关闭软件
takeyiheshui	他可以喝水
takeyihuijia	他可以回家
takeyikaiche	他可以开车
takeyikandianshi	他可以看电视
takeyikandianying	他可以看电影
takeyikanshipin	他可以看视频
takeyikanshu	他可以看书
takeyilianjiewangluo	他可以连接网络
takeyiliaotian	他可以聊天
takeyimaidongxi	他可以买东西
takeyipaizhaopian	他可以拍照片
takeyiqubeijing	他可以去北京
takeyiquchaoshi	他可以去超市
takeyiqugongsi	他可以去公司
takeyiquguangzhou	他可以去广州
takeyiqushangchang	他可以去商场
takeyiqushanghai	他可以去上海
takeyiqushenzhen	他可以去深圳
takeyiquxuexiao	他可以去学校
takeyiquyiyuan	他可以去医院
takeyishangban	他可以上班
takeyishiyongdiannao	他可以使用电脑
takeyishiyongshouji	他可以使用手机
takeyishuijue	他可以睡觉
takeyitingyinle	他可以听音乐
takeyiwanyouxi	他可以玩游戏
takeyixiaban	他可以下班
takeyixiugaishezhi	他可以修改设置
takeyixiuxi	他可以休息
takeyixizao	他可以洗澡
takeyixuexi	他可以学习
takeyizuoche	他可以坐车
takeyizuofan	他可以做饭
takeyizuofeiji	他可以坐飞机
takeyizuohuoche	他可以坐火车
tamen	他们
tan	叹	坍	坛	坦	忐	探	摊	昙	檀	毯	滩	潭	炭	痰	瘫	碳
tanenganzhuangruanjian	他能安装软件
tanengchifan	他能吃饭
tanengchumen	他能出门
tanengchuqu	他能出去
tanengdadianhua	他能打电话
tanengdakaidiannao	他能打开电脑
tanengdakairuanjian	他能打开软件
tanengdayouxi	他能打游戏
tanengfaweixin	他能发微信
tanengfaxiaoxi	他能发消息
tanenggengxinruanjian	他能更新软件
tanenggongzuo	他能工作
tanengguanbiruanjian	他能关闭软件
tanengheshui	他能喝水
tanenghuijia	他能回家
tanengkaiche	他能开车
tanengkandianshi	他能看电视
tanengkandianying	他能看电影
tanengkanshipin	他能看视频
tanengkanshu	他能看书
tanenglianjiewangluo	他能连接网络
tanengliaotian	他能聊天
tanengmaidongxi	他能买东西
tanengpaizhaopian	他能拍照片
tanengqubeijing	他能去北京
tanengquchaoshi	他能去超市
tanengqugongsi	他能去公司
tanengquguangzhou	他能去广州
tanengqushangchang	他能去商场
tanengqushanghai	他能去上海
tanengqushenzhen	他能去深圳
tanengquxuexiao	他能去学校
tanengquyiyuan	他能去医院
tanengshangban	他能上班
tanengshiyongdiannao	他能使用电脑
tanengshiyongshouji	他能使用手机
tanengshuijue	他能睡觉
tanengtingyinle	他能听音乐
tanengwanyouxi	他能玩游戏
tanengxiaban	他能下班
tanengxiugaishezhi	他能修改设置
tanengxiuxi	他能休息
tanengxizao	他能洗澡
tanengxuexi	他能学习
tanengzuoche	他能坐车
tanengzuofan	他能做饭
tanengzuofeiji	他能坐飞机
tanengzuohuoche	他能坐火车
tang	倘	傥	唐	堂	塘	帑	搪	棠	樘	汤	淌	溏	烫	瑭	糖	羰
tao	啕	套	掏	桃	洮	涛	淘	滔	焘	绦	萄	讨	逃	陶	韬	饕
taxianganzhuangruanjian	他想安装软件
taxiangchifan	他想吃饭
taxiangchumen	他想出门
taxiangchuqu	他想出去
taxiangdadianhua	他想打电话
taxiangdakaidiannao	他想打开电脑
taxiangdakairuanjian	他想打开软件
taxiangdayouxi	他想打游戏
taxiangfaweixin	他想发微信
taxiangfaxiaoxi	他想发消息
taxianggengxinruanjian	他想更新软件
taxianggongzuo	他想工作
taxiangguanbiruanjian	他想关闭软件
taxiangheshui	他想喝水
taxianghuijia	他想回家
taxiangkaiche	他想开车
taxiangkandianshi	他想看电视
taxiangkandianying	他想看电影
taxiangkanshipin	他想看视频
taxiangkanshu	他想看书
taxianglianjiewangluo	他想连接网络
taxiangliaotian	他想聊天
taxiangmaidongxi	他想买东西
taxiangpaizhaopian	他想拍照片
taxiangqubeijing	他想去北京
taxiangquchaoshi	他想去超市
taxiangqugongsi	他想去公司
taxiangquguangzhou	他想去广州
taxiangqushangchang	他想去商场
taxiangqushanghai	他想去上海
taxiangqushenzhen	他想去深圳
taxiangquxuexiao	他想去学校
taxiangquyiyuan	他想去医院
taxiangshangban	他想上班
taxiangshiyongdiannao	他想使用电脑
taxiangshiyongshouji	他想使用手机
taxiangshuijue	他想睡觉
taxiangtingyinle	他想听音乐
taxiangwanyouxi	他想玩游戏
taxiangxiaban	他想下班
taxiangxiugaishezhi	他想修改设置
taxiangxiuxi	他想休息
taxiangxizao	他想洗澡
taxiangxuexi	他想学习
taxiangyaoanzhuangruanjian	他想要安装软件
taxiangyaochifan	他想要吃饭
taxiangyaochumen	他想要出门
taxiangyaochuqu	他想要出去
taxiangyaodadianhua	他想要打电话
taxiangyaodakaidiannao	他想要打开电脑
taxiangyaodakairuanjian	他想要打开软件
taxiangyaodayouxi	他想要打游戏
taxiangyaofaweixin	他想要发微信
taxiangyaofaxiaoxi	他想要发消息
taxiangyaogengxinruanjian	他想要更新软件
taxiangyaogongzuo	他想要工作
taxiangyaoguanbiruanjian	他想要关闭软件
taxiangyaoheshui	他想要喝水
taxiangyaohuijia	他想要回家
taxiangyaokaiche	他想要开车
taxiangyaokandianshi	他想要看电视
taxiangyaokandianying	他想要看电影
taxiangyaokanshipin	他想要看视频
taxiangyaokanshu	他想要看书
taxiangyaolianjiewangluo	他想要连接网络
taxiangyaoliaotian	他想要聊天
taxiangyaomaidongxi	他想要买东西
taxiangyaopaizhaopian	他想要拍照片
taxiangyaoqubeijing	他想要去北京
taxiangyaoquchaoshi	他想要去超市
taxiangyaoqugongsi	他想要去公司
taxiangyaoquguangzhou	他想要去广州
taxiangyaoqushangchang	他想要去商场
taxiangyaoqushanghai	他想要去上海
taxiangyaoqushenzhen	他想要去深圳
taxiangyaoquxuexiao	他想要去学校
taxiangyaoquyiyuan	他想要去医院
taxiangyaoshangban	他想要上班
taxiangyaoshiyongdiannao	他想要使用电脑
taxiangyaoshiyongshouji	他想要使用手机
taxiangyaoshuijue	他想要睡觉
taxiangyaotingyinle	他想要听音乐
taxiangyaowanyouxi	他想要玩游戏
taxiangyaoxiaban	他想要下班
taxiangyaoxiugaishezhi	他想要修改设置
taxiangyaoxiuxi	他想要休息
taxiangyaoxizao	他想要洗澡
taxiangyaoxuexi	他想要学习
taxiangyaozuoche	他想要坐车
taxiangyaozuofan	他想要做饭
taxiangyaozuofeiji	他想要坐飞机
taxiangyaozuohuoche	他想要坐火车
taxiangzuoche	他想坐车
taxiangzuofan	他想做饭
taxiangzuofeiji	他想坐飞机
taxiangzuohuoche	他想坐火车
taxuyaoanzhuangruanjian	他需要安装软件
taxuyaochifan	他需要吃饭
taxuyaochumen	他需要出门
taxuyaochuqu	他需要出去
taxuyaodadianhua	他需要打电话
taxuyaodakaidiannao	他需要打开电脑
taxuyaodakairuanjian	他需要打开软件
taxuyaodayouxi	他需要打游戏
taxuyaofaweixin	他需要发微信
taxuyaofaxiaoxi	他需要发消息
taxuyaogengxinruanjian	他需要更新软件
taxuyaogongzuo	他需要工作
taxuyaoguanbiruanjian	他需要关闭软件
taxuyaoheshui	他需要喝水
taxuyaohuijia	他需要回家
taxuyaokaiche	他需要开车
taxuyaokandianshi	他需要看电视
taxuyaokandianying	他需要看电影
taxuyaokanshipin	他需要看视频
taxuyaokanshu	他需要看书
taxuyaolianjiewangluo	他需要连接网络
taxuyaoliaotian	他需要聊天
taxuyaomaidongxi	他需要买东西
taxuyaopaizhaopian	他需要拍照片
taxuyaoqubeijing	他需要去北京
taxuyaoquchaoshi	他需要去超市
taxuyaoqugongsi	他需要去公司
taxuyaoquguangzhou	他需要去广州
taxuyaoqushangchang	他需要去商场
taxuyaoqushanghai	他需要去上海
taxuyaoqushenzhen	他需要去深圳
taxuyaoquxuexiao	他需要去学校
taxuyaoquyiyuan	他需要去医院
taxuyaoshangban	他需要上班
taxuyaoshiyongdiannao	他需要使用电脑
taxuyaoshiyongshouji	他需要使用手机
taxuyaoshuijue	他需要睡觉
taxuyaotingyinle	他需要听音乐
taxuyaowanyouxi	他需要玩游戏
taxuyaoxiaban	他需要下班
taxuyaoxiugaishezhi	他需要修改设置
taxuyaoxiuxi	他需要休息
taxuyaoxizao	他需要洗澡
taxuyaoxuexi	他需要学习
taxuyaozuoche	他需要坐车
taxuyaozuofan	他需要做饭
taxuyaozuofeiji	他需要坐飞机
taxuyaozuohuoche	他需要坐火车
tayaoanzhuangruanjian	他要安装软件
tayaochifan	他要吃饭
tayaochumen	他要出门
tayaochuqu	他要出去
tayaodadianhua	他要打电话
tayaodakaidiannao	他要打开电脑
tayaodakairuanjian	他要打开软件
tayaodayouxi	他要打游戏
tayaofaweixin	他要发微信
tayaofaxiaoxi	他要发消息
tayaogengxinruanjian	他要更新软件
tayaogongzuo	他要工作
tayaoguanbiruanjian	他要关闭软件
tayaoheshui	他要喝水
tayaohuijia	他要回家
tayaokaiche	他要开车
tayaokandianshi	他要看电视
tayaokandianying	他要看电影
tayaokanshipin	他要看视频
tayaokanshu	他要看书
tayaolianjiewangluo	他要连接网络
tayaoliaotian	他要聊天
tayaomaidongxi	他要买东西
tayaopaizhaopian	他要拍照片
tayaoqubeijing	他要去北京
tayaoquchaoshi	他要去超市
tayaoqugongsi	他要去公司
tayaoquguangzhou	他要去广州
tayaoqushangchang	他要去商场
tayaoqushanghai	他要去上海
tayaoqushenzhen	他要去深圳
tayaoquxuexiao	他要去学校
tayaoquyiyuan	他要去医院
tayaoshangban	他要上班
tayaoshiyongdiannao	他要使用电脑
tayaoshiyongshouji	他要使用手机
tayaoshuijue	他要睡觉
tayaotingyinle	他要听音乐
tayaowanyouxi	他要玩游戏
tayaoxiaban	他要下班
tayaoxiugaishezhi	他要修改设置
tayaoxiuxi	他要休息
tayaoxizao	他要洗澡
tayaoxuexi	他要学习
tayaozuoche	他要坐车
tayaozuofan	他要做饭
tayaozuofeiji	他要坐飞机
tayaozuohuoche	他要坐火车
tazhunbeianzhuangruanjian	他准备安装软件
tazhunbeichifan	他准备吃饭
tazhunbeichumen	他准备出门
tazhunbeichuqu	他准备出去
tazhunbeidadianhua	他准备打电话
tazhunbeidakaidiannao	他准备打开电脑
tazhunbeidakairuanjian	他准备打开软件
tazhunbeidayouxi	他准备打游戏
tazhunbeifaweixin	他准备发微信
tazhunbeifaxiaoxi	他准备发消息
tazhunbeigengxinruanjian	他准备更新软件
tazhunbeigongzuo	他准备工作
tazhunbeiguanbiruanjian	他准备关闭软件
tazhunbeiheshui	他准备喝水
tazhunbeihuijia	他准备回家
tazhunbeikaiche	他准备开车
tazhunbeikandianshi	他准备看电视
tazhunbeikandianying	他准备看电影
tazhunbeikanshipin	他准备看视频
tazhunbeikanshu	他准备看书
tazhunbeilianjiewangluo	他准备连接网络
tazhunbeiliaotian	他准备聊天
tazhunbeimaidongxi	他准备买东西
tazhunbeipaizhaopian	他准备拍照片
tazhunbeiqubeijing	他准备去北京
tazhunbeiquchaoshi	他准备去超市
tazhunbeiqugongsi	他准备去公司
tazhunbeiquguangzhou	他准备去广州
tazhunbeiqushangchang	他准备去商场
tazhunbeiqushanghai	他准备去上海
tazhunbeiqushenzhen	他准备去深圳
tazhunbeiquxuexiao	他准备去学校
tazhunbeiquyiyuan	他准备去医院
tazhunbeishangban	他准备上班
tazhunbeishiyongdiannao	他准备使用电脑
tazhunbeishiyongshouji	他准备使用手机
tazhunbeishuijue	他准备睡觉
tazhunbeitingyinle	他准备听音乐
tazhunbeiwanyouxi	他准备玩游戏
tazhunbeixiaban	他准备下班
tazhunbeixiugaishezhi	他准备修改设置
tazhunbeixiuxi	他准备休息
tazhunbeixizao	他准备洗澡
tazhunbeixuexi	他准备学习
tazhunbeizuoche	他准备坐车
tazhunbeizuofan	他准备做饭
tazhunbeizuofeiji	他准备坐飞机
tazhunbeizuohuoche	他准备坐火车
te	忑	忒	慝	特	铽
teng	滕	疼	腾	藤	誊
texiao	特效
ti	体	倜	剃	剔	啼	嚏	屉	悌	惕	提	替	梯	涕	绨	缇	荑
tian	天	填	忝	恬	掭	殄	添	甜	田	畋	腆	舔	阗
tianqi	天气
tiao	条	佻	挑	眺	祧	窕	笤	粜	蜩	跳	迢	髫	鲦	龆
tie	帖	萜	贴	铁	餮
ting	亭	停	厅	听	婷	庭	廷	挺	梃	汀	烃	町	艇	莛	葶	蜓
tingyinle	听音乐
tong	同	通	仝	佟	僮	嗵	彤	恸	捅	桐	桶	潼	痛	瞳	砼	童
tongshi	同事
tongxue	同学
tongzhi	通知
tou	头	亠	偷	投	透	骰
toumingdu	透明度
tu	兔	凸	吐	图	土	堍	屠	徒	涂	秃	突	荼	菟	途	酴	钍
tuan	团	彖	抟	湍	疃
tui	推	煺	腿	蜕	褪	退	颓
tuisong	推送
tun	吞	屯	暾	氽	臀	豚	饨
tuo	乇	佗	唾	坨	妥	庹	托	拖	柁	柝	椭	橐	沱	沲	砣	箨
tupian	图片
wa	佤	哇	娃	娲	挖	洼	瓦	腽	蛙	袜
wai	外	崴	歪
waigong	外公
waimai	外卖
waimian	外面
waipo	外婆
wan	晚	万	丸	剜	婉	完	宛	弯	惋	挽	湾	烷	玩	琬	畹	皖
wanan	晚安
wancheng	完成
wanfan	晚饭
wang	亡	妄	尢	往	忘	惘	旺	望	枉	汪	王	网	罔	辋	魍
wangluo	网络
wangluolianjieshibai	网络连接失败
wangluoyouwenti	网络有问题
wanshang	晚上
wanshanghao	晚上好
wanshangnianzhuangruanjian	晚上你安装软件
wanshangnibuxiangchifan	晚上你不想吃饭
wanshangnibuxiangchumen	晚上你不想出门
wanshangnibuxiangchuqu	晚上你不想出去
wanshangnibuxiangdadianhua	晚上你不想打电话
wanshangnibuxiangdayouxi	晚上你不想打游戏
wanshangnibuxiangfaweixin	晚上你不想发微信
wanshangnibuxiangfaxiaoxi	晚上你不想发消息
wanshangnibuxianggongzuo	晚上你不想工作
wanshangnibuxiangheshui	晚上你不想喝水
wanshangnibuxianghuijia	晚上你不想回家
wanshangnibuxiangkaiche	晚上你不想开车
wanshangnibuxiangkandianshi	晚上你不想看电视
wanshangnibuxiangkandianying	晚上你不想看电影
wanshangnibuxiangkanshipin	晚上你不想看视频
wanshangnibuxiangkanshu	晚上你不想看书
wanshangnibuxiangliaotian	晚上你不想聊天
wanshangnibuxiangmaidongxi	晚上你不想买东西
wanshangnibuxiangquxuexiao	晚上你不想去学校
wanshangnibuxiangshangban	晚上你不想上班
wanshangnibuxiangshuijue	晚上你不想睡觉
wanshangnibuxiangtingyinle	晚上你不想听音乐
wanshangnibuxiangwanyouxi	晚上你不想玩游戏
wanshangnibuxiangxiaban	晚上你不想下班
wanshangnibuxiangxiuxi	晚上你不想休息
wanshangnibuxiangxizao	晚上你不想洗澡
wanshangnibuxiangxuexi	晚上你不想学习
wanshangnibuxiangzuoche	晚上你不想坐车
wanshangnibuxiangzuofan	晚上你不想做饭
wanshangnibuxiangzuofeiji	晚上你不想坐飞机
wanshangnibuxiangzuohuoche	晚上你不想坐火车
wanshangnibuyaochifan	晚上你不要吃饭
wanshangnibuyaochumen	晚上你不要出门
wanshangnibuyaochuqu	晚上你不要出去
wanshangnibuyaodadianhua	晚上你不要打电话
wanshangnibuyaodayouxi	晚上你不要打游戏
wanshangnibuyaofaweixin	晚上你不要发微信
wanshangnibuyaofaxiaoxi	晚上你不要发消息
wanshangnibuyaogongzuo	晚上你不要工作
wanshangnibuyaoheshui	晚上你不要喝水
wanshangnibuyaohuijia	晚上你不要回家
wanshangnibuyaokaiche	晚上你不要开车
wanshangnibuyaokandianshi	晚上你不要看电视
wanshangnibuyaokandianying	晚上你不要看电影
wanshangnibuyaokanshipin	晚上你不要看视频
wanshangnibuyaokanshu	晚上你不要看书
wanshangnibuyaoliaotian	晚上你不要聊天
wanshangnibuyaomaidongxi	晚上你不要买东西
wanshangnibuyaoquxuexiao	晚上你不要去学校
wanshangnibuyaoshangban	晚上你不要上班
wanshangnibuyaoshuijue	晚上你不要睡觉
wanshangnibuyaotingyinle	晚上你不要听音乐
wanshangnibuyaowanyouxi	晚上你不要玩游戏
wanshangnibuyaoxiaban	晚上你不要下班
wanshangnibuyaoxiuxi	晚上你不要休息
wanshangnibuyaoxizao	晚上你不要洗澡
wanshangnibuyaoxuexi	晚上你不要学习
wanshangnibuyaozuoche	晚上你不要坐车
wanshangnibuyaozuofan	晚上你不要做饭
wanshangnibuyaozuofeiji	晚上你不要坐飞机
wanshangnibuyaozuohuoche	晚上你不要坐火车
wanshangnichifan	晚上你吃饭
wanshangnichumen	晚上你出门
wanshangnichuqu	晚上你出去
wanshangnidadianhua	晚上你打电话
wanshangnidakaidiannao	晚上你打开电脑
wanshangnidakairuanjian	晚上你打开软件
wanshangnidasuanchifan	晚上你打算吃饭
wanshangnidasuanchumen	晚上你打算出门
wanshangnidasuanchuqu	晚上你打算出去
wanshangnidasuandadianhua	晚上你打算打电话
wanshangnidasuandayouxi	晚上你打算打游戏
wanshangnidasuanfaweixin	晚上你打算发微信
wanshangnidasuanfaxiaoxi	晚上你打算发消息
wanshangnidasuangongzuo	晚上你打算工作
wanshangnidasuanheshui	晚上你打算喝水
wanshangnidasuanhuijia	晚上你打算回家
wanshangnidasuankaiche	晚上你打算开车
wanshangnidasuankandianshi	晚上你打算看电视
wanshangnidasuankandianying	晚上你打算看电影
wanshangnidasuankanshipin	晚上你打算看视频
wanshangnidasuankanshu	晚上你打算看书
wanshangnidasuanliaotian	晚上你打算聊天
wanshangnidasuanmaidongxi	晚上你打算买东西
wanshangnidasuanquxuexiao	晚上你打算去学校
wanshangnidasuanshangban	晚上你打算上班
wanshangnidasuanshuijue	晚上你打算睡觉
wanshangnidasuantingyinle	晚上你打算听音乐
wanshangnidasuanwanyouxi	晚上你打算玩游戏
wanshangnidasuanxiaban	晚上你打算下班
wanshangnidasuanxiuxi	晚上你打算休息
wanshangnidasuanxizao	晚上你打算洗澡
wanshangnidasuanxuexi	晚上你打算学习
wanshangnidasuanzuoche	晚上你打算坐车
wanshangnidasuanzuofan	晚上你打算做饭
wanshangnidasuanzuofeiji	晚上你打算坐飞机
wanshangnidasuanzuohuoche	晚上你打算坐火车
wanshangnidayouxi	晚上你打游戏
wanshangnifaweixin	晚上你发微信
wanshangnifaxiaoxi	晚上你发消息
wanshangnigengxinruanjian	晚上你更新软件
wanshangnigongzuo	晚上你工作
wanshangniguanbiruanjian	晚上你关闭软件
wanshangniheshui	晚上你喝水
wanshangnihuijia	晚上你回家
wanshangnikaiche	晚上你开车
wanshangnikandianshi	晚上你看电视
wanshangnikandianying	晚上你看电影
wanshangnikanshipin	晚上你看视频
wanshangnikanshu	晚上你看书
wanshangnikeyichifan	晚上你可以吃饭
wanshangnikeyichumen	晚上你可以出门
wanshangnikeyichuqu	晚上你可以出去
wanshangnikeyidadianhua	晚上你可以打电话
wanshangnikeyidayouxi	晚上你可以打游戏
wanshangnikeyifaweixin	晚上你可以发微信
wanshangnikeyifaxiaoxi	晚上你可以发消息
wanshangnikeyigongzuo	晚上你可以工作
wanshangnikeyiheshui	晚上你可以喝水
wanshangnikeyihuijia	晚上你可以回家
wanshangnikeyikaiche	晚上你可以开车
wanshangnikeyikandianshi	晚上你可以看电视
wanshangnikeyikandianying	晚上你可以看电影
wanshangnikeyikanshipin	晚上你可以看视频
wanshangnikeyikanshu	晚上你可以看书
wanshangnikeyiliaotian	晚上你可以聊天
wanshangnikeyimaidongxi	晚上你可以买东西
wanshangnikeyiquxuexiao	晚上你可以去学校
wanshangnikeyishangban	晚上你可以上班
wanshangnikeyishuijue	晚上你可以睡觉
wanshangnikeyitingyinle	晚上你可以听音乐
wanshangnikeyiwanyouxi	晚上你可以玩游戏
wanshangnikeyixiaban	晚上你可以下班
wanshangnikeyixiuxi	晚上你可以休息
wanshangnikeyixizao	晚上你可以洗澡
wanshangnikeyixuexi	晚上你可以学习
wanshangnikeyizuoche	晚上你可以坐车
wanshangnikeyizuofan	晚上你可以做饭
wanshangnikeyizuofeiji	晚上你可以坐飞机
wanshangnikeyizuohuoche	晚上你可以坐火车
wanshangnilianjiewangluo	晚上你连接网络
wanshangniliaotian	晚上你聊天
wanshangnimaidongxi	晚上你买东西
wanshangninengchifan	晚上你能吃饭
wanshangninengchumen	晚上你能出门
wanshangninengchuqu	晚上你能出去
wanshangninengdadianhua	晚上你能打电话
wanshangninengdayouxi	晚上你能打游戏
wanshangninengfaweixin	晚上你能发微信
wanshangninengfaxiaoxi	晚上你能发消息
wanshangninenggongzuo	晚上你能工作
wanshangninengheshui	晚上你能喝水
wanshangninenghuijia	晚上你能回家
wanshangninengkaiche	晚上你能开车
wanshangninengkandianshi	晚上你能看电视
wanshangninengkandianying	晚上你能看电影
wanshangninengkanshipin	晚上你能看视频
wanshangninengkanshu	晚上你能看书
wanshangninengliaotian	晚上你能聊天
wanshangninengmaidongxi	晚上你能买东西
wanshangninengquxuexiao	晚上你能去学校
wanshangninengshangban	晚上你能上班
wanshangninengshuijue	晚上你能睡觉
wanshangninengtingyinle	晚上你能听音乐
wanshangninengwanyouxi	晚上你能玩游戏
wanshangninengxiaban	晚上你能下班
wanshangninengxiuxi	晚上你能休息
wanshangninengxizao	晚上你能洗澡
wanshangninengxuexi	晚上你能学习
wanshangninengzuoche	晚上你能坐车
wanshangninengzuofan	晚上你能做饭
wanshangninengzuofeiji	晚上你能坐飞机
wanshangninengzuohuoche	晚上你能坐火车
wanshangnipaizhaopian	晚上你拍照片
wanshangniqubeijing	晚上你去北京
wanshangniquchaoshi	晚上你去超市
wanshangniqugongsi	晚上你去公司
wanshangniquguangzhou	晚上你去广州
wanshangniqushangchang	晚上你去商场
wanshangniqushanghai	晚上你去上海
wanshangniqushenzhen	晚上你去深圳
wanshangniquxuexiao	晚上你去学校
wanshangniquyiyuan	晚上你去医院
wanshangnishangban	晚上你上班
wanshangnishiyongdiannao	晚上你使用电脑
wanshangnishiyongshouji	晚上你使用手机
wanshangnishuijue	晚上你睡觉
wanshangnitingyinle	晚上你听音乐
wanshangniwanyouxi	晚上你玩游戏
wanshangnixiaban	晚上你下班
wanshangnixiangchifan	晚上你想吃饭
wanshangnixiangchumen	晚上你想出门
wanshangnixiangchuqu	晚上你想出去
wanshangnixiangdadianhua	晚上你想打电话
wanshangnixiangdayouxi	晚上你想打游戏
wanshangnixiangfaweixin	晚上你想发微信
wanshangnixiangfaxiaoxi	晚上你想发消息
wanshangnixianggongzuo	晚上你想工作
wanshangnixiangheshui	晚上你想喝水
wanshangnixianghuijia	晚上你想回家
wanshangnixiangkaiche	晚上你想开车
wanshangnixiangkandianshi	晚上你想看电视
wanshangnixiangkandianying	晚上你想看电影
wanshangnixiangkanshipin	晚上你想看视频
wanshangnixiangkanshu	晚上你想看书
wanshangnixiangliaotian	晚上你想聊天
wanshangnixiangmaidongxi	晚上你想买东西
wanshangnixiangquxuexiao	晚上你想去学校
wanshangnixiangshangban	晚上你想上班
wanshangnixiangshuijue	晚上你想睡觉
wanshangnixiangtingyinle	晚上你想听音乐
wanshangnixiangwanyouxi	晚上你想玩游戏
wanshangnixiangxiaban	晚上你想下班
wanshangnixiangxiuxi	晚上你想休息
wanshangnixiangxizao	晚上你想洗澡
wanshangnixiangxuexi	晚上你想学习
wanshangnixiangyaochifan	晚上你想要吃饭
wanshangnixiangyaochumen	晚上你想要出门
wanshangnixiangyaochuqu	晚上你想要出去
wanshangnixiangyaodadianhua	晚上你想要打电话
wanshangnixiangyaodayouxi	晚上你想要打游戏
wanshangnixiangyaofaweixin	晚上你想要发微信
wanshangnixiangyaofaxiaoxi	晚上你想要发消息
wanshangnixiangyaogongzuo	晚上你想要工作
wanshangnixiangyaoheshui	晚上你想要喝水
wanshangnixiangyaohuijia	晚上你想要回家
wanshangnixiangyaokaiche	晚上你想要开车
wanshangnixiangyaokandianshi	晚上你想要看电视
wanshangnixiangyaokandianying	晚上你想要看电影
wanshangnixiangyaokanshipin	晚上你想要看视频
wanshangnixiangyaokanshu	晚上你想要看书
wanshangnixiangyaoliaotian	晚上你想要聊天
wanshangnixiangyaomaidongxi	晚上你想要买东西
wanshangnixiangyaoquxuexiao	晚上你想要去学校
wanshangnixiangyaoshangban	晚上你想要上班
wanshangnixiangyaoshuijue	晚上你想要睡觉
wanshangnixiangyaotingyinle	晚上你想要听音乐
wanshangnixiangyaowanyouxi	晚上你想要玩游戏
wanshangnixiangyaoxiaban	晚上你想要下班
wanshangnixiangyaoxiuxi	晚上你想要休息
wanshangnixiangyaoxizao	晚上你想要洗澡
wanshangnixiangyaoxuexi	晚上你想要学习
wanshangnixiangyaozuoche	晚上你想要坐车
wanshangnixiangyaozuofan	晚上你想要做饭
wanshangnixiangyaozuofeiji	晚上你想要坐飞机
wanshangnixiangyaozuohuoche	晚上你想要坐火车
wanshangnixiangzuoche	晚上你想坐车
wanshangnixiangzuofan	晚上你想做饭
wanshangnixiangzuofeiji	晚上你想坐飞机
wanshangnixiangzuohuoche	晚上你想坐火车
wanshangnixiugaishezhi	晚上你修改设置
wanshangnixiuxi	晚上你休息
wanshangnixizao	晚上你洗澡
wanshangnixuexi	晚上你学习
wanshangnixuyaochifan	晚上你需要吃饭
wanshangnixuyaochumen	晚上你需要出门
wanshangnixuyaochuqu	晚上你需要出去
wanshangnixuyaodadianhua	晚上你需要打电话
wanshangnixuyaodayouxi	晚上你需要打游戏
wanshangnixuyaofaweixin	晚上你需要发微信
wanshangnixuyaofaxiaoxi	晚上你需要发消息
wanshangnixuyaogongzuo	晚上你需要工作
wanshangnixuyaoheshui	晚上你需要喝水
wanshangnixuyaohuijia	晚上你需要回家
wanshangnixuyaokaiche	晚上你需要开车
wanshangnixuyaokandianshi	晚上你需要看电视
wanshangnixuyaokandianying	晚上你需要看电影
wanshangnixuyaokanshipin	晚上你需要看视频
wanshangnixuyaokanshu	晚上你需要看书
wanshangnixuyaoliaotian	晚上你需要聊天
wanshangnixuyaomaidongxi	晚上你需要买东西
wanshangnixuyaoquxuexiao	晚上你需要去学校
wanshangnixuyaoshangban	晚上你需要上班
wanshangnixuyaoshuijue	晚上你需要睡觉
wanshangnixuyaotingyinle	晚上你需要听音乐
wanshangnixuyaowanyouxi	晚上你需要玩游戏
wanshangnixuyaoxiaban	晚上你需要下班
wanshangnixuyaoxiuxi	晚上你需要休息
wanshangnixuyaoxizao	晚上你需要洗澡
wanshangnixuyaoxuexi	晚上你需要学习
wanshangnixuyaozuoche	晚上你需要坐车
wanshangnixuyaozuofan	晚上你需要做饭
wanshangnixuyaozuofeiji	晚上你需要坐飞机
wanshangnixuyaozuohuoche	晚上你需要坐火车
wanshangniyaochifan	晚上你要吃饭
wanshangniyaochumen	晚上你要出门
wanshangniyaochuqu	晚上你要出去
wanshangniyaodadianhua	晚上你要打电话
wanshangniyaodayouxi	晚上你要打游戏
wanshangniyaofaweixin	晚上你要发微信
wanshangniyaofaxiaoxi	晚上你要发消息
wanshangniyaogongzuo	晚上你要工作
wanshangniyaoheshui	晚上你要喝水
wanshangniyaohuijia	晚上你要回家
wanshangniyaokaiche	晚上你要开车
wanshangniyaokandianshi	晚上你要看电视
wanshangniyaokandianying	晚上你要看电影
wanshangniyaokanshipin	晚上你要看视频
wanshangniyaokanshu	晚上你要看书
wanshangniyaoliaotian	晚上你要聊天
wanshangniyaomaidongxi	晚上你要买东西
wanshangniyaoquxuexiao	晚上你要去学校
wanshangniyaoshangban	晚上你要上班
wanshangniyaoshuijue	晚上你要睡觉
wanshangniyaotingyinle	晚上你要听音乐
wanshangniyaowanyouxi	晚上你要玩游戏
wanshangniyaoxiaban	晚上你要下班
wanshangniyaoxiuxi	晚上你要休息
wanshangniyaoxizao	晚上你要洗澡
wanshangniyaoxuexi	晚上你要学习
wanshangniyaozuoche	晚上你要坐车
wanshangniyaozuofan	晚上你要做饭
wanshangniyaozuofeiji	晚上你要坐飞机
wanshangniyaozuohuoche	晚上你要坐火车
wanshangnizhunbeichifan	晚上你准备吃饭
wanshangnizhunbeichumen	晚上你准备出门
wanshangnizhunbeichuqu	晚上你准备出去
wanshangnizhunbeidadianhua	晚上你准备打电话
wanshangnizhunbeidayouxi	晚上你准备打游戏
wanshangnizhunbeifaweixin	晚上你准备发微信
wanshangnizhunbeifaxiaoxi	晚上你准备发消息
wanshangnizhunbeigongzuo	晚上你准备工作
wanshangnizhunbeiheshui	晚上你准备喝水
wanshangnizhunbeihuijia	晚上你准备回家
wanshangnizhunbeikaiche	晚上你准备开车
wanshangnizhunbeikandianshi	晚上你准备看电视
wanshangnizhunbeikandianying	晚上你准备看电影
wanshangnizhunbeikanshipin	晚上你准备看视频
wanshangnizhunbeikanshu	晚上你准备看书
wanshangnizhunbeiliaotian	晚上你准备聊天
wanshangnizhunbeimaidongxi	晚上你准备买东西
wanshangnizhunbeiquxuexiao	晚上你准备去学校
wanshangnizhunbeishangban	晚上你准备上班
wanshangnizhunbeishuijue	晚上你准备睡觉
wanshangnizhunbeitingyinle	晚上你准备听音乐
wanshangnizhunbeiwanyouxi	晚上你准备玩游戏
wanshangnizhunbeixiaban	晚上你准备下班
wanshangnizhunbeixiuxi	晚上你准备休息
wanshangnizhunbeixizao	晚上你准备洗澡
wanshangnizhunbeixuexi	晚上你准备学习
wanshangnizhunbeizuoche	晚上你准备坐车
wanshangnizhunbeizuofan	晚上你准备做饭
wanshangnizhunbeizuofeiji	晚上你准备坐飞机
wanshangnizhunbeizuohuoche	晚上你准备坐火车
wanshangnizuoche	晚上你坐车
wanshangnizuofan	晚上你做饭
wanshangnizuofeiji	晚上你坐飞机
wanshangnizuohuoche	晚上你坐火车
wanshangtaanzhuangruanjian	晚上他安装软件
wanshangtabuxiangchifan	晚上他不想吃饭
wanshangtabuxiangchumen	晚上他不想出门
wanshangtabuxiangchuqu	晚上他不想出去
wanshangtabuxiangdadianhua	晚上他不想打电话
wanshangtabuxiangdayouxi	晚上他不想打游戏
wanshangtabuxiangfaweixin	晚上他不想发微信
wanshangtabuxiangfaxiaoxi	晚上他不想发消息
wanshangtabuxianggongzuo	晚上他不想工作
wanshangtabuxiangheshui	晚上他不想喝水
wanshangtabuxianghuijia	晚上他不想回家
wanshangtabuxiangkaiche	晚上他不想开车
wanshangtabuxiangkandianshi	晚上他不想看电视
wanshangtabuxiangkandianying	晚上他不想看电影
wanshangtabuxiangkanshipin	晚上他不想看视频
wanshangtabuxiangkanshu	晚上他不想看书
wanshangtabuxiangliaotian	晚上他不想聊天
wanshangtabuxiangmaidongxi	晚上他不想买东西
wanshangtabuxiangquxuexiao	晚上他不想去学校
wanshangtabuxiangshangban	晚上他不想上班
wanshangtabuxiangshuijue	晚上他不想睡觉
wanshangtabuxiangtingyinle	晚上他不想听音乐
wanshangtabuxiangwanyouxi	晚上他不想玩游戏
wanshangtabuxiangxiaban	晚上他不想下班
wanshangtabuxiangxiuxi	晚上他不想休息
wanshangtabuxiangxizao	晚上他不想洗澡
wanshangtabuxiangxuexi	晚上他不想学习
wanshangtabuxiangzuoche	晚上他不想坐车
wanshangtabuxiangzuofan	晚上他不想做饭
wanshangtabuxiangzuofeiji	晚上他不想坐飞机
wanshangtabuxiangzuohuoche	晚上他不想坐火车
wanshangtabuyaochifan	晚上他不要吃饭
wanshangtabuyaochumen	晚上他不要出门
wanshangtabuyaochuqu	晚上他不要出去
wanshangtabuyaodadianhua	晚上他不要打电话
wanshangtabuyaodayouxi	晚上他不要打游戏
wanshangtabuyaofaweixin	晚上他不要发微信
wanshangtabuyaofaxiaoxi	晚上他不要发消息
wanshangtabuyaogongzuo	晚上他不要工作
wanshangtabuyaoheshui	晚上他不要喝水
wanshangtabuyaohuijia	晚上他不要回家
wanshangtabuyaokaiche	晚上他不要开车
wanshangtabuyaokandianshi	晚上他不要看电视
wanshangtabuyaokandianying	晚上他不要看电影
wanshangtabuyaokanshipin	晚上他不要看视频
wanshangtabuyaokanshu	晚上他不要看书
wanshangtabuyaoliaotian	晚上他不要聊天
wanshangtabuyaomaidongxi	晚上他不要买东西
wanshangtabuyaoquxuexiao	晚上他不要去学校
wanshangtabuyaoshangban	晚上他不要上班
wanshangtabuyaoshuijue	晚上他不要睡觉
wanshangtabuyaotingyinle	晚上他不要听音乐
wanshangtabuyaowanyouxi	晚上他不要玩游戏
wanshangtabuyaoxiaban	晚上他不要下班
wanshangtabuyaoxiuxi	晚上他不要休息
wanshangtabuyaoxizao	晚上他不要洗澡
wanshangtabuyaoxuexi	晚上他不要学习
wanshangtabuyaozuoche	晚上他不要坐车
wanshangtabuyaozuofan	晚上他不要做饭
wanshangtabuyaozuofeiji	晚上他不要坐飞机
wanshangtabuyaozuohuoche	晚上他不要坐火车
wanshangtachifan	晚上他吃饭
wanshangtachumen	晚上他出门
wanshangtachuqu	晚上他出去
wanshangtadadianhua	晚上他打电话
wanshangtadakaidiannao	晚上他打开电脑
wanshangtadakairuanjian	晚上他打开软件
wanshangtadasuanchifan	晚上他打算吃饭
wanshangtadasuanchumen	晚上他打算出门
wanshangtadasuanchuqu	晚上他打算出去
wanshangtadasuandadianhua	晚上他打算打电话
wanshangtadasuandayouxi	晚上他打算打游戏
wanshangtadasuanfaweixin	晚上他打算发微信
wanshangtadasuanfaxiaoxi	晚上他打算发消息
wanshangtadasuangongzuo	晚上他打算工作
wanshangtadasuanheshui	晚上他打算喝水
wanshangtadasuanhuijia	晚上他打算回家
wanshangtadasuankaiche	晚上他打算开车
wanshangtadasuankandianshi	晚上他打算看电视
wanshangtadasuankandianying	晚上他打算看电影
wanshangtadasuankanshipin	晚上他打算看视频
wanshangtadasuankanshu	晚上他打算看书
wanshangtadasuanliaotian	晚上他打算聊天
wanshangtadasuanmaidongxi	晚上他打算买东西
wanshangtadasuanquxuexiao	晚上他打算去学校
wanshangtadasuanshangban	晚上他打算上班
wanshangtadasuanshuijue	晚上他打算睡觉
wanshangtadasuantingyinle	晚上他打算听音乐
wanshangtadasuanwanyouxi	晚上他打算玩游戏
wanshangtadasuanxiaban	晚上他打算下班
wanshangtadasuanxiuxi	晚上他打算休息
wanshangtadasuanxizao	晚上他打算洗澡
wanshangtadasuanxuexi	晚上他打算学习
wanshangtadasuanzuoche	晚上他打算坐车
wanshangtadasuanzuofan	晚上他打算做饭
wanshangtadasuanzuofeiji	晚上他打算坐飞机
wanshangtadasuanzuohuoche	晚上他打算坐火车
wanshangtadayouxi	晚上他打游戏
wanshangtafaweixin	晚上他发微信
wanshangtafaxiaoxi	晚上他发消息
wanshangtagengxinruanjian	晚上他更新软件
wanshangtagongzuo	晚上他工作
wanshangtaguanbiruanjian	晚上他关闭软件
wanshangtaheshui	晚上他喝水
wanshangtahuijia	晚上他回家
wanshangtakaiche	晚上他开车
wanshangtakandianshi	晚上他看电视
wanshangtakandianying	晚上他看电影
wanshangtakanshipin	晚上他看视频
wanshangtakanshu	晚上他看书
wanshangtakeyichifan	晚上他可以吃饭
wanshangtakeyichumen	晚上他可以出门
wanshangtakeyichuqu	晚上他可以出去
wanshangtakeyidadianhua	晚上他可以打电话
wanshangtakeyidayouxi	晚上他可以打游戏
wanshangtakeyifaweixin	晚上他可以发微信
wanshangtakeyifaxiaoxi	晚上他可以发消息
wanshangtakeyigongzuo	晚上他可以工作
wanshangtakeyiheshui	晚上他可以喝水
wanshangtakeyihuijia	晚上他可以回家
wanshangtakeyikaiche	晚上他可以开车
wanshangtakeyikandianshi	晚上他可以看电视
wanshangtakeyikandianying	晚上他可以看电影
wanshangtakeyikanshipin	晚上他可以看视频
wanshangtakeyikanshu	晚上他可以看书
wanshangtakeyiliaotian	晚上他可以聊天
wanshangtakeyimaidongxi	晚上他可以买东西
wanshangtakeyiquxuexiao	晚上他可以去学校
wanshangtakeyishangban	晚上他可以上班
wanshangtakeyishuijue	晚上他可以睡觉
wanshangtakeyitingyinle	晚上他可以听音乐
wanshangtakeyiwanyouxi	晚上他可以玩游戏
wanshangtakeyixiaban	晚上他可以下班
wanshangtakeyixiuxi	晚上他可以休息
wanshangtakeyixizao	晚上他可以洗澡
wanshangtakeyixuexi	晚上他可以学习
wanshangtakeyizuoche	晚上他可以坐车
wanshangtakeyizuofan	晚上他可以做饭
wanshangtakeyizuofeiji	晚上他可以坐飞机
wanshangtakeyizuohuoche	晚上他可以坐火车
wanshangtalianjiewangluo	晚上他连接网络
wanshangtaliaotian	晚上他聊天
wanshangtamaidongxi	晚上他买东西
wanshangtanengchifan	晚上他能吃饭
wanshangtanengchumen	晚上他能出门
wanshangtanengchuqu	晚上他能出去
wanshangtanengdadianhua	晚上他能打电话
wanshangtanengdayouxi	晚上他能打游戏
wanshangtanengfaweixin	晚上他能发微信
wanshangtanengfaxiaoxi	晚上他能发消息
wanshangtanenggongzuo	晚上他能工作
wanshangtanengheshui	晚上他能喝水
wanshangtanenghuijia	晚上他能回家
wanshangtanengkaiche	晚上他能开车
wanshangtanengkandianshi	晚上他能看电视
wanshangtanengkandianying	晚上他能看电影
wanshangtanengkanshipin	晚上他能看视频
wanshangtanengkanshu	晚上他能看书
wanshangtanengliaotian	晚上他能聊天
wanshangtanengmaidongxi	晚上他能买东西
wanshangtanengquxuexiao	晚上他能去学校
wanshangtanengshangban	晚上他能上班
wanshangtanengshuijue	晚上他能睡觉
wanshangtanengtingyinle	晚上他能听音乐
wanshangtanengwanyouxi	晚上他能玩游戏
wanshangtanengxiaban	晚上他能下班
wanshangtanengxiuxi	晚上他能休息
wanshangtanengxizao	晚上他能洗澡
wanshangtanengxuexi	晚上他能学习
wanshangtanengzuoche	晚上他能坐车
wanshangtanengzuofan	晚上他能做饭
wanshangtanengzuofeiji	晚上他能坐飞机
wanshangtanengzuohuoche	晚上他能坐火车
wanshangtapaizhaopian	晚上他拍照片
wanshangtaqubeijing	晚上他去北京
wanshangtaquchaoshi	晚上他去超市
wanshangtaqugongsi	晚上他去公司
wanshangtaquguangzhou	晚上他去广州
wanshangtaqushangchang	晚上他去商场
wanshangtaqushanghai	晚上他去上海
wanshangtaqushenzhen	晚上他去深圳
wanshangtaquxuexiao	晚上他去学校
wanshangtaquyiyuan	晚上他去医院
wanshangtashangban	晚上他上班
wanshangtashiyongdiannao	晚上他使用电脑
wanshangtashiyongshouji	晚上他使用手机
wanshangtashuijue	晚上他睡觉
wanshangtatingyinle	晚上他听音乐
wanshangtawanyouxi	晚上他玩游戏
wanshangtaxiaban	晚上他下班
wanshangtaxiangchifan	晚上他想吃饭
wanshangtaxiangchumen	晚上他想出门
wanshangtaxiangchuqu	晚上他想出去
wanshangtaxiangdadianhua	晚上他想打电话
wanshangtaxiangdayouxi	晚上他想打游戏
wanshangtaxiangfaweixin	晚上他想发微信
wanshangtaxiangfaxiaoxi	晚上他想发消息
wanshangtaxianggongzuo	晚上他想工作
wanshangtaxiangheshui	晚上他想喝水
wanshangtaxianghuijia	晚上他想回家
wanshangtaxiangkaiche	晚上他想开车
wanshangtaxiangkandianshi	晚上他想看电视
wanshangtaxiangkandianying	晚上他想看电影
wanshangtaxiangkanshipin	晚上他想看视频
wanshangtaxiangkanshu	晚上他想看书
wanshangtaxiangliaotian	晚上他想聊天
wanshangtaxiangmaidongxi	晚上他想买东西
wanshangtaxiangquxuexiao	晚上他想去学校
wanshangtaxiangshangban	晚上他想上班
wanshangtaxiangshuijue	晚上他想睡觉
wanshangtaxiangtingyinle	晚上他想听音乐
wanshangtaxiangwanyouxi	晚上他想玩游戏
wanshangtaxiangxiaban	晚上他想下班
wanshangtaxiangxiuxi	晚上他想休息
wanshangtaxiangxizao	晚上他想洗澡
wanshangtaxiangxuexi	晚上他想学习
wanshangtaxiangyaochifan	晚上他想要吃饭
wanshangtaxiangyaochumen	晚上他想要出门
wanshangtaxiangyaochuqu	晚上他想要出去
wanshangtaxiangyaodadianhua	晚上他想要打电话
wanshangtaxiangyaodayouxi	晚上他想要打游戏
wanshangtaxiangyaofaweixin	晚上他想要发微信
wanshangtaxiangyaofaxiaoxi	晚上他想要发消息
wanshangtaxiangyaogongzuo	晚上他想要工作
wanshangtaxiangyaoheshui	晚上他想要喝水
wanshangtaxiangyaohuijia	晚上他想要回家
wanshangtaxiangyaokaiche	晚上他想要开车
wanshangtaxiangyaokandianshi	晚上他想要看电视
wanshangtaxiangyaokandianying	晚上他想要看电影
wanshangtaxiangyaokanshipin	晚上他想要看视频
wanshangtaxiangyaokanshu	晚上他想要看书
wanshangtaxiangyaoliaotian	晚上他想要聊天
wanshangtaxiangyaomaidongxi	晚上他想要买东西
wanshangtaxiangyaoquxuexiao	晚上他想要去学校
wanshangtaxiangyaoshangban	晚上他想要上班
wanshangtaxiangyaoshuijue	晚上他想要睡觉
wanshangtaxiangyaotingyinle	晚上他想要听音乐
wanshangtaxiangyaowanyouxi	晚上他想要玩游戏
wanshangtaxiangyaoxiaban	晚上他想要下班
wanshangtaxiangyaoxiuxi	晚上他想要休息
wanshangtaxiangyaoxizao	晚上他想要洗澡
wanshangtaxiangyaoxuexi	晚上他想要学习
wanshangtaxiangyaozuoche	晚上他想要坐车
wanshangtaxiangyaozuofan	晚上他想要做饭
wanshangtaxiangyaozuofeiji	晚上他想要坐飞机
wanshangtaxiangyaozuohuoche	晚上他想要坐火车
wanshangtaxiangzuoche	晚上他想坐车
wanshangtaxiangzuofan	晚上他想做饭
wanshangtaxiangzuofeiji	晚上他想坐飞机
wanshangtaxiangzuohuoche	晚上他想坐火车
wanshangtaxiugaishezhi	晚上他修改设置
wanshangtaxiuxi	晚上他休息
wanshangtaxizao	晚上他洗澡
wanshangtaxuexi	晚上他学习
wanshangtaxuyaochifan	晚上他需要吃饭
wanshangtaxuyaochumen	晚上他需要出门
wanshangtaxuyaochuqu	晚上他需要出去
wanshangtaxuyaodadianhua	晚上他需要打电话
wanshangtaxuyaodayouxi	晚上他需要打游戏
wanshangtaxuyaofaweixin	晚上他需要发微信
wanshangtaxuyaofaxiaoxi	晚上他需要发消息
wanshangtaxuyaogongzuo	晚上他需要工作
wanshangtaxuyaoheshui	晚上他需要喝水
wanshangtaxuyaohuijia	晚上他需要回家
wanshangtaxuyaokaiche	晚上他需要开车
wanshangtaxuyaokandianshi	晚上他需要看电视
wanshangtaxuyaokandianying	晚上他需要看电影
wanshangtaxuyaokanshipin	晚上他需要看视频
wanshangtaxuyaokanshu	晚上他需要看书
wanshangtaxuyaoliaotian	晚上他需要聊天
wanshangtaxuyaomaidongxi	晚上他需要买东西
wanshangtaxuyaoquxuexiao	晚上他需要去学校
wanshangtaxuyaoshangban	晚上他需要上班
wanshangtaxuyaoshuijue	晚上他需要睡觉
wanshangtaxuyaotingyinle	晚上他需要听音乐
wanshangtaxuyaowanyouxi	晚上他需要玩游戏
wanshangtaxuyaoxiaban	晚上他需要下班
wanshangtaxuyaoxiuxi	晚上他需要休息
wanshangtaxuyaoxizao	晚上他需要洗澡
wanshangtaxuyaoxuexi	晚上他需要学习
wanshangtaxuyaozuoche	晚上他需要坐车
wanshangtaxuyaozuofan	晚上他需要做饭
wanshangtaxuyaozuofeiji	晚上他需要坐飞机
wanshangtaxuyaozuohuoche	晚上他需要坐火车
wanshangtayaochifan	晚上他要吃饭
wanshangtayaochumen	晚上他要出门
wanshangtayaochuqu	晚上他要出去
wanshangtayaodadianhua	晚上他要打电话
wanshangtayaodayouxi	晚上他要打游戏
wanshangtayaofaweixin	晚上他要发微信
wanshangtayaofaxiaoxi	晚上他要发消息
wanshangtayaogongzuo	晚上他要工作
wanshangtayaoheshui	晚上他要喝水
wanshangtayaohuijia	晚上他要回家
wanshangtayaokaiche	晚上他要开车
wanshangtayaokandianshi	晚上他要看电视
wanshangtayaokandianying	晚上他要看电影
wanshangtayaokanshipin	晚上他要看视频
wanshangtayaokanshu	晚上他要看书
wanshangtayaoliaotian	晚上他要聊天
wanshangtayaomaidongxi	晚上他要买东西
wanshangtayaoquxuexiao	晚上他要去学校
wanshangtayaoshangban	晚上他要上班
wanshangtayaoshuijue	晚上他要睡觉
wanshangtayaotingyinle	晚上他要听音乐
wanshangtayaowanyouxi	晚上他要玩游戏
wanshangtayaoxiaban	晚上他要下班
wanshangtayaoxiuxi	晚上他要休息
wanshangtayaoxizao	晚上他要洗澡
wanshangtayaoxuexi	晚上他要学习
wanshangtayaozuoche	晚上他要坐车
wanshangtayaozuofan	晚上他要做饭
wanshangtayaozuofeiji	晚上他要坐飞机
wanshangtayaozuohuoche	晚上他要坐火车
wanshangtazhunbeichifan	晚上他准备吃饭
wanshangtazhunbeichumen	晚上他准备出门
wanshangtazhunbeichuqu	晚上他准备出去
wanshangtazhunbeidadianhua	晚上他准备打电话
wanshangtazhunbeidayouxi	晚上他准备打游戏
wanshangtazhunbeifaweixin	晚上他准备发微信
wanshangtazhunbeifaxiaoxi	晚上他准备发消息
wanshangtazhunbeigongzuo	晚上他准备工作
wanshangtazhunbeiheshui	晚上他准备喝水
wanshangtazhunbeihuijia	晚上他准备回家
wanshangtazhunbeikaiche	晚上他准备开车
wanshangtazhunbeikandianshi	晚上他准备看电视
wanshangtazhunbeikandianying	晚上他准备看电影
wanshangtazhunbeikanshipin	晚上他准备看视频
wanshangtazhunbeikanshu	晚上他准备看书
wanshangtazhunbeiliaotian	晚上他准备聊天
wanshangtazhunbeimaidongxi	晚上他准备买东西
wanshangtazhunbeiquxuexiao	晚上他准备去学校
wanshangtazhunbeishangban	晚上他准备上班
wanshangtazhunbeishuijue	晚上他准备睡觉
wanshangtazhunbeitingyinle	晚上他准备听音乐
wanshangtazhunbeiwanyouxi	晚上他准备玩游戏
wanshangtazhunbeixiaban	晚上他准备下班
wanshangtazhunbeixiuxi	晚上他准备休息
wanshangtazhunbeixizao	晚上他准备洗澡
wanshangtazhunbeixuexi	晚上他准备学习
wanshangtazhunbeizuoche	晚上他准备坐车
wanshangtazhunbeizuofan	晚上他准备做饭
wanshangtazhunbeizuofeiji	晚上他准备坐飞机
wanshangtazhunbeizuohuoche	晚上他准备坐火车
wanshangtazuoche	晚上他坐车
wanshangtazuofan	晚上他做饭
wanshangtazuofeiji	晚上他坐飞机
wanshangtazuohuoche	晚上他坐火车
wanshangwoanzhuangruanjian	晚上我安装软件
wanshangwobuxiangchifan	晚上我不想吃饭
wanshangwobuxiangchumen	晚上我不想出门
wanshangwobuxiangchuqu	晚上我不想出去
wanshangwobuxiangdadianhua	晚上我不想打电话
wanshangwobuxiangdayouxi	晚上我不想打游戏
wanshangwobuxiangfaweixin	晚上我不想发微信
wanshangwobuxiangfaxiaoxi	晚上我不想发消息
wanshangwobuxianggongzuo	晚上我不想工作
wanshangwobuxiangheshui	晚上我不想喝水
wanshangwobuxianghuijia	晚上我不想回家
wanshangwobuxiangkaiche	晚上我不想开车
wanshangwobuxiangkandianshi	晚上我不想看电视
wanshangwobuxiangkandianying	晚上我不想看电影
wanshangwobuxiangkanshipin	晚上我不想看视频
wanshangwobuxiangkanshu	晚上我不想看书
wanshangwobuxiangliaotian	晚上我不想聊天
wanshangwobuxiangmaidongxi	晚上我不想买东西
wanshangwobuxiangquxuexiao	晚上我不想去学校
wanshangwobuxiangshangban	晚上我不想上班
wanshangwobuxiangshuijue	晚上我不想睡觉
wanshangwobuxiangtingyinle	晚上我不想听音乐
wanshangwobuxiangwanyouxi	晚上我不想玩游戏
wanshangwobuxiangxiaban	晚上我不想下班
wanshangwobuxiangxiuxi	晚上我不想休息
wanshangwobuxiangxizao	晚上我不想洗澡
wanshangwobuxiangxuexi	晚上我不想学习
wanshangwobuxiangzuoche	晚上我不想坐车
wanshangwobuxiangzuofan	晚上我不想做饭
wanshangwobuxiangzuofeiji	晚上我不想坐飞机
wanshangwobuxiangzuohuoche	晚上我不想坐火车
wanshangwobuyaochifan	晚上我不要吃饭
wanshangwobuyaochumen	晚上我不要出门
wanshangwobuyaochuqu	晚上我不要出去
wanshangwobuyaodadianhua	晚上我不要打电话
wanshangwobuyaodayouxi	晚上我不要打游戏
wanshangwobuyaofaweixin	晚上我不要发微信
wanshangwobuyaofaxiaoxi	晚上我不要发消息
wanshangwobuyaogongzuo	晚上我不要工作
wanshangwobuyaoheshui	晚上我不要喝水
wanshangwobuyaohuijia	晚上我不要回家
wanshangwobuyaokaiche	晚上我不要开车
wanshangwobuyaokandianshi	晚上我不要看电视
wanshangwobuyaokandianying	晚上我不要看电影
wanshangwobuyaokanshipin	晚上我不要看视频
wanshangwobuyaokanshu	晚上我不要看书
wanshangwobuyaoliaotian	晚上我不要聊天
wanshangwobuyaomaidongxi	晚上我不要买东西
wanshangwobuyaoquxuexiao	晚上我不要去学校
wanshangwobuyaoshangban	晚上我不要上班
wanshangwobuyaoshuijue	晚上我不要睡觉
wanshangwobuyaotingyinle	晚上我不要听音乐
wanshangwobuyaowanyouxi	晚上我不要玩游戏
wanshangwobuyaoxiaban	晚上我不要下班
wanshangwobuyaoxiuxi	晚上我不要休息
wanshangwobuyaoxizao	晚上我不要洗澡
wanshangwobuyaoxuexi	晚上我不要学习
wanshangwobuyaozuoche	晚上我不要坐车
wanshangwobuyaozuofan	晚上我不要做饭
wanshangwobuyaozuofeiji	晚上我不要坐飞机
wanshangwobuyaozuohuoche	晚上我不要坐火车
wanshangwochifan	晚上我吃饭
wanshangwochumen	晚上我出门
wanshangwochuqu	晚上我出去
wanshangwodadianhua	晚上我打电话
wanshangwodakaidiannao	晚上我打开电脑
wanshangwodakairuanjian	晚上我打开软件
wanshangwodasuanchifan	晚上我打算吃饭
wanshangwodasuanchumen	晚上我打算出门
wanshangwodasuanchuqu	晚上我打算出去
wanshangwodasuandadianhua	晚上我打算打电话
wanshangwodasuandayouxi	晚上我打算打游戏
wanshangwodasuanfaweixin	晚上我打算发微信
wanshangwodasuanfaxiaoxi	晚上我打算发消息
wanshangwodasuangongzuo	晚上我打算工作
wanshangwodasuanheshui	晚上我打算喝水
wanshangwodasuanhuijia	晚上我打算回家
wanshangwodasuankaiche	晚上我打算开车
wanshangwodasuankandianshi	晚上我打算看电视
wanshangwodasuankandianying	晚上我打算看电影
wanshangwodasuankanshipin	晚上我打算看视频
wanshangwodasuankanshu	晚上我打算看书
wanshangwodasuanliaotian	晚上我打算聊天
wanshangwodasuanmaidongxi	晚上我打算买东西
wanshangwodasuanquxuexiao	晚上我打算去学校
wanshangwodasuanshangban	晚上我打算上班
wanshangwodasuanshuijue	晚上我打算睡觉
wanshangwodasuantingyinle	晚上我打算听音乐
wanshangwodasuanwanyouxi	晚上我打算玩游戏
wanshangwodasuanxiaban	晚上我打算下班
wanshangwodasuanxiuxi	晚上我打算休息
wanshangwodasuanxizao	晚上我打算洗澡
wanshangwodasuanxuexi	晚上我打算学习
wanshangwodasuanzuoche	晚上我打算坐车
wanshangwodasuanzuofan	晚上我打算做饭
wanshangwodasuanzuofeiji	晚上我打算坐飞机
wanshangwodasuanzuohuoche	晚上我打算坐火车
wanshangwodayouxi	晚上我打游戏
wanshangwofaweixin	晚上我发微信
wanshangwofaxiaoxi	晚上我发消息
wanshangwogengxinruanjian	晚上我更新软件
wanshangwogongzuo	晚上我工作
wanshangwoguanbiruanjian	晚上我关闭软件
wanshangwoheshui	晚上我喝水
wanshangwohuijia	晚上我回家
wanshangwokaiche	晚上我开车
wanshangwokandianshi	晚上我看电视
wanshangwokandianying	晚上我看电影
wanshangwokanshipin	晚上我看视频
wanshangwokanshu	晚上我看书
wanshangwokeyichifan	晚上我可以吃饭
wanshangwokeyichumen	晚上我可以出门
wanshangwokeyichuqu	晚上我可以出去
wanshangwokeyidadianhua	晚上我可以打电话
wanshangwokeyidayouxi	晚上我可以打游戏
wanshangwokeyifaweixin	晚上我可以发微信
wanshangwokeyifaxiaoxi	晚上我可以发消息
wanshangwokeyigongzuo	晚上我可以工作
wanshangwokeyiheshui	晚上我可以喝水
wanshangwokeyihuijia	晚上我可以回家
wanshangwokeyikaiche	晚上我可以开车
wanshangwokeyikandianshi	晚上我可以看电视
wanshangwokeyikandianying	晚上我可以看电影
wanshangwokeyikanshipin	晚上我可以看视频
wanshangwokeyikanshu	晚上我可以看书
wanshangwokeyiliaotian	晚上我可以聊天
wanshangwokeyimaidongxi	晚上我可以买东西
wanshangwokeyiquxuexiao	晚上我可以去学校
wanshangwokeyishangban	晚上我可以上班
wanshangwokeyishuijue	晚上我可以睡觉
wanshangwokeyitingyinle	晚上我可以听音乐
wanshangwokeyiwanyouxi	晚上我可以玩游戏
wanshangwokeyixiaban	晚上我可以下班
wanshangwokeyixiuxi	晚上我可以休息
wanshangwokeyixizao	晚上我可以洗澡
wanshangwokeyixuexi	晚上我可以学习
wanshangwokeyizuoche	晚上我可以坐车
wanshangwokeyizuofan	晚上我可以做饭
wanshangwokeyizuofeiji	晚上我可以坐飞机
wanshangwokeyizuohuoche	晚上我可以坐火车
wanshangwolianjiewangluo	晚上我连接网络
wanshangwoliaotian	晚上我聊天
wanshangwomaidongxi	晚上我买东西
wanshangwomenanzhuangruanjian	晚上我们安装软件
wanshangwomenbuxiangchifan	晚上我们不想吃饭
wanshangwomenbuxiangchumen	晚上我们不想出门
wanshangwomenbuxiangchuqu	晚上我们不想出去
wanshangwomenbuxiangdadianhua	晚上我们不想打电话
wanshangwomenbuxiangdayouxi	晚上我们不想打游戏
wanshangwomenbuxiangfaweixin	晚上我们不想发微信
wanshangwomenbuxiangfaxiaoxi	晚上我们不想发消息
wanshangwomenbuxianggongzuo	晚上我们不想工作
wanshangwomenbuxiangheshui	晚上我们不想喝水
wanshangwomenbuxianghuijia	晚上我们不想回家
wanshangwomenbuxiangkaiche	晚上我们不想开车
wanshangwomenbuxiangkandianshi	晚上我们不想看电视
wanshangwomenbuxiangkandianying	晚上我们不想看电影
wanshangwomenbuxiangkanshipin	晚上我们不想看视频
wanshangwomenbuxiangkanshu	晚上我们不想看书
wanshangwomenbuxiangliaotian	晚上我们不想聊天
wanshangwomenbuxiangmaidongxi	晚上我们不想买东西
wanshangwomenbuxiangquxuexiao	晚上我们不想去学校
wanshangwomenbuxiangshangban	晚上我们不想上班
wanshangwomenbuxiangshuijue	晚上我们不想睡觉
wanshangwomenbuxiangtingyinle	晚上我们不想听音乐
wanshangwomenbuxiangwanyouxi	晚上我们不想玩游戏
wanshangwomenbuxiangxiaban	晚上我们不想下班
wanshangwomenbuxiangxiuxi	晚上我们不想休息
wanshangwomenbuxiangxizao	晚上我们不想洗澡
wanshangwomenbuxiangxuexi	晚上我们不想学习
wanshangwomenbuxiangzuoche	晚上我们不想坐车
wanshangwomenbuxiangzuofan	晚上我们不想做饭
wanshangwomenbuxiangzuofeiji	晚上我们不想坐飞机
wanshangwomenbuxiangzuohuoche	晚上我们不想坐火车
wanshangwomenbuyaochifan	晚上我们不要吃饭
wanshangwomenbuyaochumen	晚上我们不要出门
wanshangwomenbuyaochuqu	晚上我们不要出去
wanshangwomenbuyaodadianhua	晚上我们不要打电话
wanshangwomenbuyaodayouxi	晚上我们不要打游戏
wanshangwomenbuyaofaweixin	晚上我们不要发微信
wanshangwomenbuyaofaxiaoxi	晚上我们不要发消息
wanshangwomenbuyaogongzuo	晚上我们不要工作
wanshangwomenbuyaoheshui	晚上我们不要喝水
wanshangwomenbuyaohuijia	晚上我们不要回家
wanshangwomenbuyaokaiche	晚上我们不要开车
wanshangwomenbuyaokandianshi	晚上我们不要看电视
wanshangwomenbuyaokandianying	晚上我们不要看电影
wanshangwomenbuyaokanshipin	晚上我们不要看视频
wanshangwomenbuyaokanshu	晚上我们不要看书
wanshangwomenbuyaoliaotian	晚上我们不要聊天
wanshangwomenbuyaomaidongxi	晚上我们不要买东西
wanshangwomenbuyaoquxuexiao	晚上我们不要去学校
wanshangwomenbuyaoshangban	晚上我们不要上班
wanshangwomenbuyaoshuijue	晚上我们不要睡觉
wanshangwomenbuyaotingyinle	晚上我们不要听音乐
wanshangwomenbuyaowanyouxi	晚上我们不要玩游戏
wanshangwomenbuyaoxiaban	晚上我们不要下班
wanshangwomenbuyaoxiuxi	晚上我们不要休息
wanshangwomenbuyaoxizao	晚上我们不要洗澡
wanshangwomenbuyaoxuexi	晚上我们不要学习
wanshangwomenbuyaozuoche	晚上我们不要坐车
wanshangwomenbuyaozuofan	晚上我们不要做饭
wanshangwomenbuyaozuofeiji	晚上我们不要坐飞机
wanshangwomenbuyaozuohuoche	晚上我们不要坐火车
wanshangwomenchifan	晚上我们吃饭
wanshangwomenchumen	晚上我们出门
wanshangwomenchuqu	晚上我们出去
wanshangwomendadianhua	晚上我们打电话
wanshangwomendakaidiannao	晚上我们打开电脑
wanshangwomendakairuanjian	晚上我们打开软件
wanshangwomendasuanchifan	晚上我们打算吃饭
wanshangwomendasuanchumen	晚上我们打算出门
wanshangwomendasuanchuqu	晚上我们打算出去
wanshangwomendasuandadianhua	晚上我们打算打电话
wanshangwomendasuandayouxi	晚上我们打算打游戏
wanshangwomendasuanfaweixin	晚上我们打算发微信
wanshangwomendasuanfaxiaoxi	晚上我们打算发消息
wanshangwomendasuangongzuo	晚上我们打算工作
wanshangwomendasuanheshui	晚上我们打算喝水
wanshangwomendasuanhuijia	晚上我们打算回家
wanshangwomendasuankaiche	晚上我们打算开车
wanshangwomendasuankandianshi	晚上我们打算看电视
wanshangwomendasuankandianying	晚上我们打算看电影
wanshangwomendasuankanshipin	晚上我们打算看视频
wanshangwomendasuankanshu	晚上我们打算看书
wanshangwomendasuanliaotian	晚上我们打算聊天
wanshangwomendasuanmaidongxi	晚上我们打算买东西
wanshangwomendasuanquxuexiao	晚上我们打算去学校
wanshangwomendasuanshangban	晚上我们打算上班
wanshangwomendasuanshuijue	晚上我们打算睡觉
wanshangwomendasuantingyinle	晚上我们打算听音乐
wanshangwomendasuanwanyouxi	晚上我们打算玩游戏
wanshangwomendasuanxiaban	晚上我们打算下班
wanshangwomendasuanxiuxi	晚上我们打算休息
wanshangwomendasuanxizao	晚上我们打算洗澡
wanshangwomendasuanxuexi	晚上我们打算学习
wanshangwomendasuanzuoche	晚上我们打算坐车
wanshangwomendasuanzuofan	晚上我们打算做饭
wanshangwomendasuanzuofeiji	晚上我们打算坐飞机
wanshangwomendasuanzuohuoche	晚上我们打算坐火车
wanshangwomendayouxi	晚上我们打游戏
wanshangwomenfaweixin	晚上我们发微信
wanshangwomenfaxiaoxi	晚上我们发消息
wanshangwomengengxinruanjian	晚上我们更新软件
wanshangwomengongzuo	晚上我们工作
wanshangwomenguanbiruanjian	晚上我们关闭软件
wanshangwomenheshui	晚上我们喝水
wanshangwomenhuijia	晚上我们回家
wanshangwomenkaiche	晚上我们开车
wanshangwomenkandianshi	晚上我们看电视
wanshangwomenkandianying	晚上我们看电影
wanshangwomenkanshipin	晚上我们看视频
wanshangwomenkanshu	晚上我们看书
wanshangwomenkeyichifan	晚上我们可以吃饭
wanshangwomenkeyichumen	晚上我们可以出门
wanshangwomenkeyichuqu	晚上我们可以出去
wanshangwomenkeyidadianhua	晚上我们可以打电话
wanshangwomenkeyidayouxi	晚上我们可以打游戏
wanshangwomenkeyifaweixin	晚上我们可以发微信
wanshangwomenkeyifaxiaoxi	晚上我们可以发消息
wanshangwomenkeyigongzuo	晚上我们可以工作
wanshangwomenkeyiheshui	晚上我们可以喝水
wanshangwomenkeyihuijia	晚上我们可以回家
wanshangwomenkeyikaiche	晚上我们可以开车
wanshangwomenkeyikandianshi	晚上我们可以看电视
wanshangwomenkeyikandianying	晚上我们可以看电影
wanshangwomenkeyikanshipin	晚上我们可以看视频
wanshangwomenkeyikanshu	晚上我们可以看书
wanshangwomenkeyiliaotian	晚上我们可以聊天
wanshangwomenkeyimaidongxi	晚上我们可以买东西
wanshangwomenkeyiquxuexiao	晚上我们可以去学校
wanshangwomenkeyishangban	晚上我们可以上班
wanshangwomenkeyishuijue	晚上我们可以睡觉
wanshangwomenkeyitingyinle	晚上我们可以听音乐
wanshangwomenkeyiwanyouxi	晚上我们可以玩游戏
wanshangwomenkeyixiaban	晚上我们可以下班
wanshangwomenkeyixiuxi	晚上我们可以休息
wanshangwomenkeyixizao	晚上我们可以洗澡
wanshangwomenkeyixuexi	晚上我们可以学习
wanshangwomenkeyizuoche	晚上我们可以坐车
wanshangwomenkeyizuofan	晚上我们可以做饭
wanshangwomenkeyizuofeiji	晚上我们可以坐飞机
wanshangwomenkeyizuohuoche	晚上我们可以坐火车
wanshangwomenlianjiewangluo	晚上我们连接网络
wanshangwomenliaotian	晚上我们聊天
wanshangwomenmaidongxi	晚上我们买东西
wanshangwomennengchifan	晚上我们能吃饭
wanshangwomennengchumen	晚上我们能出门
wanshangwomennengchuqu	晚上我们能出去
wanshangwomennengdadianhua	晚上我们能打电话
wanshangwomennengdayouxi	晚上我们能打游戏
wanshangwomennengfaweixin	晚上我们能发微信
wanshangwomennengfaxiaoxi	晚上我们能发消息
wanshangwomennenggongzuo	晚上我们能工作
wanshangwomennengheshui	晚上我们能喝水
wanshangwomennenghuijia	晚上我们能回家
wanshangwomennengkaiche	晚上我们能开车
wanshangwomennengkandianshi	晚上我们能看电视
wanshangwomennengkandianying	晚上我们能看电影
wanshangwomennengkanshipin	晚上我们能看视频
wanshangwomennengkanshu	晚上我们能看书
wanshangwomennengliaotian	晚上我们能聊天
wanshangwomennengmaidongxi	晚上我们能买东西
wanshangwomennengquxuexiao	晚上我们能去学校
wanshangwomennengshangban	晚上我们能上班
wanshangwomennengshuijue	晚上我们能睡觉
wanshangwomennengtingyinle	晚上我们能听音乐
wanshangwomennengwanyouxi	晚上我们能玩游戏
wanshangwomennengxiaban	晚上我们能下班
wanshangwomennengxiuxi	晚上我们能休息
wanshangwomennengxizao	晚上我们能洗澡
wanshangwomennengxuexi	晚上我们能学习
wanshangwomennengzuoche	晚上我们能坐车
wanshangwomennengzuofan	晚上我们能做饭
wanshangwomennengzuofeiji	晚上我们能坐飞机
wanshangwomennengzuohuoche	晚上我们能坐火车
wanshangwomenpaizhaopian	晚上我们拍照片
wanshangwomenqubeijing	晚上我们去北京
wanshangwomenquchaoshi	晚上我们去超市
wanshangwomenqugongsi	晚上我们去公司
wanshangwomenquguangzhou	晚上我们去广州
wanshangwomenqushangchang	晚上我们去商场
wanshangwomenqushanghai	晚上我们去上海
wanshangwomenqushenzhen	晚上我们去深圳
wanshangwomenquxuexiao	晚上我们去学校
wanshangwomenquyiyuan	晚上我们去医院
wanshangwomenshangban	晚上我们上班
wanshangwomenshiyongdiannao	晚上我们使用电脑
wanshangwomenshiyongshouji	晚上我们使用手机
wanshangwomenshuijue	晚上我们睡觉
wanshangwomentingyinle	晚上我们听音乐
wanshangwomenwanyouxi	晚上我们玩游戏
wanshangwomenxiaban	晚上我们下班
wanshangwomenxiangchifan	晚上我们想吃饭
wanshangwomenxiangchumen	晚上我们想出门
wanshangwomenxiangchuqu	晚上我们想出去
wanshangwomenxiangdadianhua	晚上我们想打电话
wanshangwomenxiangdayouxi	晚上我们想打游戏
wanshangwomenxiangfaweixin	晚上我们想发微信
wanshangwomenxiangfaxiaoxi	晚上我们想发消息
wanshangwomenxianggongzuo	晚上我们想工作
wanshangwomenxiangheshui	晚上我们想喝水
wanshangwomenxianghuijia	晚上我们想回家
wanshangwomenxiangkaiche	晚上我们想开车
wanshangwomenxiangkandianshi	晚上我们想看电视
wanshangwomenxiangkandianying	晚上我们想看电影
wanshangwomenxiangkanshipin	晚上我们想看视频
wanshangwomenxiangkanshu	晚上我们想看书
wanshangwomenxiangliaotian	晚上我们想聊天
wanshangwomenxiangmaidongxi	晚上我们想买东西
wanshangwomenxiangquxuexiao	晚上我们想去学校
wanshangwomenxiangshangban	晚上我们想上班
wanshangwomenxiangshuijue	晚上我们想睡觉
wanshangwomenxiangtingyinle	晚上我们想听音乐
wanshangwomenxiangwanyouxi	晚上我们想玩游戏
wanshangwomenxiangxiaban	晚上我们想下班
wanshangwomenxiangxiuxi	晚上我们想休息
wanshangwomenxiangxizao	晚上我们想洗澡
wanshangwomenxiangxuexi	晚上我们想学习
wanshangwomenxiangyaochifan	晚上我们想要吃饭
wanshangwomenxiangyaochumen	晚上我们想要出门
wanshangwomenxiangyaochuqu	晚上我们想要出去
wanshangwomenxiangyaodadianhua	晚上我们想要打电话
wanshangwomenxiangyaodayouxi	晚上我们想要打游戏
wanshangwomenxiangyaofaweixin	晚上我们想要发微信
wanshangwomenxiangyaofaxiaoxi	晚上我们想要发消息
wanshangwomenxiangyaogongzuo	晚上我们想要工作
wanshangwomenxiangyaoheshui	晚上我们想要喝水
wanshangwomenxiangyaohuijia	晚上我们想要回家
wanshangwomenxiangyaokaiche	晚上我们想要开车
wanshangwomenxiangyaokandianshi	晚上我们想要看电视
wanshangwomenxiangyaokandianying	晚上我们想要看电影
wanshangwomenxiangyaokanshipin	晚上我们想要看视频
wanshangwomenxiangyaokanshu	晚上我们想要看书
wanshangwomenxiangyaoliaotian	晚上我们想要聊天
wanshangwomenxiangyaomaidongxi	晚上我们想要买东西
wanshangwomenxiangyaoquxuexiao	晚上我们想要去学校
wanshangwomenxiangyaoshangban	晚上我们想要上班
wanshangwomenxiangyaoshuijue	晚上我们想要睡觉
wanshangwomenxiangyaotingyinle	晚上我们想要听音乐
wanshangwomenxiangyaowanyouxi	晚上我们想要玩游戏
wanshangwomenxiangyaoxiaban	晚上我们想要下班
wanshangwomenxiangyaoxiuxi	晚上我们想要休息
wanshangwomenxiangyaoxizao	晚上我们想要洗澡
wanshangwomenxiangyaoxuexi	晚上我们想要学习
wanshangwomenxiangyaozuoche	晚上我们想要坐车
wanshangwomenxiangyaozuofan	晚上我们想要做饭
wanshangwomenxiangyaozuofeiji	晚上我们想要坐飞机
wanshangwomenxiangyaozuohuoche	晚上我们想要坐火车
wanshangwomenxiangzuoche	晚上我们想坐车
wanshangwomenxiangzuofan	晚上我们想做饭
wanshangwomenxiangzuofeiji	晚上我们想坐飞机
wanshangwomenxiangzuohuoche	晚上我们想坐火车
wanshangwomenxiugaishezhi	晚上我们修改设置
wanshangwomenxiuxi	晚上我们休息
wanshangwomenxizao	晚上我们洗澡
wanshangwomenxuexi	晚上我们学习
wanshangwomenxuyaochifan	晚上我们需要吃饭
wanshangwomenxuyaochumen	晚上我们需要出门
wanshangwomenxuyaochuqu	晚上我们需要出去
wanshangwomenxuyaodadianhua	晚上我们需要打电话
wanshangwomenxuyaodayouxi	晚上我们需要打游戏
wanshangwomenxuyaofaweixin	晚上我们需要发微信
wanshangwomenxuyaofaxiaoxi	晚上我们需要发消息
wanshangwomenxuyaogongzuo	晚上我们需要工作
wanshangwomenxuyaoheshui	晚上我们需要喝水
wanshangwomenxuyaohuijia	晚上我们需要回家
wanshangwomenxuyaokaiche	晚上我们需要开车
wanshangwomenxuyaokandianshi	晚上我们需要看电视
wanshangwomenxuyaokandianying	晚上我们需要看电影
wanshangwomenxuyaokanshipin	晚上我们需要看视频
wanshangwomenxuyaokanshu	晚上我们需要看书
wanshangwomenxuyaoliaotian	晚上我们需要聊天
wanshangwomenxuyaomaidongxi	晚上我们需要买东西
wanshangwomenxuyaoquxuexiao	晚上我们需要去学校
wanshangwomenxuyaoshangban	晚上我们需要上班
wanshangwomenxuyaoshuijue	晚上我们需要睡觉
wanshangwomenxuyaotingyinle	晚上我们需要听音乐
wanshangwomenxuyaowanyouxi	晚上我们需要玩游戏
wanshangwomenxuyaoxiaban	晚上我们需要下班
wanshangwomenxuyaoxiuxi	晚上我们需要休息
wanshangwomenxuyaoxizao	晚上我们需要洗澡
wanshangwomenxuyaoxuexi	晚上我们需要学习
wanshangwomenxuyaozuoche	晚上我们需要坐车
wanshangwomenxuyaozuofan	晚上我们需要做饭
wanshangwomenxuyaozuofeiji	晚上我们需要坐飞机
wanshangwomenxuyaozuohuoche	晚上我们需要坐火车
wanshangwomenyaochifan	晚上我们要吃饭
wanshangwomenyaochumen	晚上我们要出门
wanshangwomenyaochuqu	晚上我们要出去
wanshangwomenyaodadianhua	晚上我们要打电话
wanshangwomenyaodayouxi	晚上我们要打游戏
wanshangwomenyaofaweixin	晚上我们要发微信
wanshangwomenyaofaxiaoxi	晚上我们要发消息
wanshangwomenyaogongzuo	晚上我们要工作
wanshangwomenyaoheshui	晚上我们要喝水
wanshangwomenyaohuijia	晚上我们要回家
wanshangwomenyaokaiche	晚上我们要开车
wanshangwomenyaokandianshi	晚上我们要看电视
wanshangwomenyaokandianying	晚上我们要看电影
wanshangwomenyaokanshipin	晚上我们要看视频
wanshangwomenyaokanshu	晚上我们要看书
wanshangwomenyaoliaotian	晚上我们要聊天
wanshangwomenyaomaidongxi	晚上我们要买东西
wanshangwomenyaoquxuexiao	晚上我们要去学校
wanshangwomenyaoshangban	晚上我们要上班
wanshangwomenyaoshuijue	晚上我们要睡觉
wanshangwomenyaotingyinle	晚上我们要听音乐
wanshangwomenyaowanyouxi	晚上我们要玩游戏
wanshangwomenyaoxiaban	晚上我们要下班
wanshangwomenyaoxiuxi	晚上我们要休息
wanshangwomenyaoxizao	晚上我们要洗澡
wanshangwomenyaoxuexi	晚上我们要学习
wanshangwomenyaozuoche	晚上我们要坐车
wanshangwomenyaozuofan	晚上我们要做饭
wanshangwomenyaozuofeiji	晚上我们要坐飞机
wanshangwomenyaozuohuoche	晚上我们要坐火车
wanshangwomenzhunbeichifan	晚上我们准备吃饭
wanshangwomenzhunbeichumen	晚上我们准备出门
wanshangwomenzhunbeichuqu	晚上我们准备出去
wanshangwomenzhunbeidadianhua	晚上我们准备打电话
wanshangwomenzhunbeidayouxi	晚上我们准备打游戏
wanshangwomenzhunbeifaweixin	晚上我们准备发微信
wanshangwomenzhunbeifaxiaoxi	晚上我们准备发消息
wanshangwomenzhunbeigongzuo	晚上我们准备工作
wanshangwomenzhunbeiheshui	晚上我们准备喝水
wanshangwomenzhunbeihuijia	晚上我们准备回家
wanshangwomenzhunbeikaiche	晚上我们准备开车
wanshangwomenzhunbeikandianshi	晚上我们准备看电视
wanshangwomenzhunbeikandianying	晚上我们准备看电影
wanshangwomenzhunbeikanshipin	晚上我们准备看视频
wanshangwomenzhunbeikanshu	晚上我们准备看书
wanshangwomenzhunbeiliaotian	晚上我们准备聊天
wanshangwomenzhunbeimaidongxi	晚上我们准备买东西
wanshangwomenzhunbeiquxuexiao	晚上我们准备去学校
wanshangwomenzhunbeishangban	晚上我们准备上班
wanshangwomenzhunbeishuijue	晚上我们准备睡觉
wanshangwomenzhunbeitingyinle	晚上我们准备听音乐
wanshangwomenzhunbeiwanyouxi	晚上我们准备玩游戏
wanshangwomenzhunbeixiaban	晚上我们准备下班
wanshangwomenzhunbeixiuxi	晚上我们准备休息
wanshangwomenzhunbeixizao	晚上我们准备洗澡
wanshangwomenzhunbeixuexi	晚上我们准备学习
wanshangwomenzhunbeizuoche	晚上我们准备坐车
wanshangwomenzhunbeizuofan	晚上我们准备做饭
wanshangwomenzhunbeizuofeiji	晚上我们准备坐飞机
wanshangwomenzhunbeizuohuoche	晚上我们准备坐火车
wanshangwomenzuoche	晚上我们坐车
wanshangwomenzuofan	晚上我们做饭
wanshangwomenzuofeiji	晚上我们坐飞机
wanshangwomenzuohuoche	晚上我们坐火车
wanshangwonengchifan	晚上我能吃饭
wanshangwonengchumen	晚上我能出门
wanshangwonengchuqu	晚上我能出去
wanshangwonengdadianhua	晚上我能打电话
wanshangwonengdayouxi	晚上我能打游戏
wanshangwonengfaweixin	晚上我能发微信
wanshangwonengfaxiaoxi	晚上我能发消息
wanshangwonenggongzuo	晚上我能工作
wanshangwonengheshui	晚上我能喝水
wanshangwonenghuijia	晚上我能回家
wanshangwonengkaiche	晚上我能开车
wanshangwonengkandianshi	晚上我能看电视
wanshangwonengkandianying	晚上我能看电影
wanshangwonengkanshipin	晚上我能看视频
wanshangwonengkanshu	晚上我能看书
wanshangwonengliaotian	晚上我能聊天
wanshangwonengmaidongxi	晚上我能买东西
wanshangwonengquxuexiao	晚上我能去学校
wanshangwonengshangban	晚上我能上班
wanshangwonengshuijue	晚上我能睡觉
wanshangwonengtingyinle	晚上我能听音乐
wanshangwonengwanyouxi	晚上我能玩游戏
wanshangwonengxiaban	晚上我能下班
wanshangwonengxiuxi	晚上我能休息
wanshangwonengxizao	晚上我能洗澡
wanshangwonengxuexi	晚上我能学习
wanshangwonengzuoche	晚上我能坐车
wanshangwonengzuofan	晚上我能做饭
wanshangwonengzuofeiji	晚上我能坐飞机
wanshangwonengzuohuoche	晚上我能坐火车
wanshangwopaizhaopian	晚上我拍照片
wanshangwoqubeijing	晚上我去北京
wanshangwoquchaoshi	晚上我去超市
wanshangwoqugongsi	晚上我去公司
wanshangwoquguangzhou	晚上我去广州
wanshangwoqushangchang	晚上我去商场
wanshangwoqushanghai	晚上我去上海
wanshangwoqushenzhen	晚上我去深圳
wanshangwoquxuexiao	晚上我去学校
wanshangwoquyiyuan	晚上我去医院
wanshangwoshangban	晚上我上班
wanshangwoshiyongdiannao	晚上我使用电脑
wanshangwoshiyongshouji	晚上我使用手机
wanshangwoshuijue	晚上我睡觉
wanshangwotingyinle	晚上我听音乐
wanshangwowanyouxi	晚上我玩游戏
wanshangwoxiaban	晚上我下班
wanshangwoxiangchifan	晚上我想吃饭
wanshangwoxiangchumen	晚上我想出门
wanshangwoxiangchuqu	晚上我想出去
wanshangwoxiangdadianhua	晚上我想打电话
wanshangwoxiangdayouxi	晚上我想打游戏
wanshangwoxiangfaweixin	晚上我想发微信
wanshangwoxiangfaxiaoxi	晚上我想发消息
wanshangwoxianggongzuo	晚上我想工作
wanshangwoxiangheshui	晚上我想喝水
wanshangwoxianghuijia	晚上我想回家
wanshangwoxiangkaiche	晚上我想开车
wanshangwoxiangkandianshi	晚上我想看电视
wanshangwoxiangkandianying	晚上我想看电影
wanshangwoxiangkanshipin	晚上我想看视频
wanshangwoxiangkanshu	晚上我想看书
wanshangwoxiangliaotian	晚上我想聊天
wanshangwoxiangmaidongxi	晚上我想买东西
wanshangwoxiangquxuexiao	晚上我想去学校
wanshangwoxiangshangban	晚上我想上班
wanshangwoxiangshuijue	晚上我想睡觉
wanshangwoxiangtingyinle	晚上我想听音乐
wanshangwoxiangwanyouxi	晚上我想玩游戏
wanshangwoxiangxiaban	晚上我想下班
wanshangwoxiangxiuxi	晚上我想休息
wanshangwoxiangxizao	晚上我想洗澡
wanshangwoxiangxuexi	晚上我想学习
wanshangwoxiangyaochifan	晚上我想要吃饭
wanshangwoxiangyaochumen	晚上我想要出门
wanshangwoxiangyaochuqu	晚上我想要出去
wanshangwoxiangyaodadianhua	晚上我想要打电话
wanshangwoxiangyaodayouxi	晚上我想要打游戏
wanshangwoxiangyaofaweixin	晚上我想要发微信
wanshangwoxiangyaofaxiaoxi	晚上我想要发消息
wanshangwoxiangyaogongzuo	晚上我想要工作
wanshangwoxiangyaoheshui	晚上我想要喝水
wanshangwoxiangyaohuijia	晚上我想要回家
wanshangwoxiangyaokaiche	晚上我想要开车
wanshangwoxiangyaokandianshi	晚上我想要看电视
wanshangwoxiangyaokandianying	晚上我想要看电影
wanshangwoxiangyaokanshipin	晚上我想要看视频
wanshangwoxiangyaokanshu	晚上我想要看书
wanshangwoxiangyaoliaotian	晚上我想要聊天
wanshangwoxiangyaomaidongxi	晚上我想要买东西
wanshangwoxiangyaoquxuexiao	晚上我想要去学校
wanshangwoxiangyaoshangban	晚上我想要上班
wanshangwoxiangyaoshuijue	晚上我想要睡觉
wanshangwoxiangyaotingyinle	晚上我想要听音乐
wanshangwoxiangyaowanyouxi	晚上我想要玩游戏
wanshangwoxiangyaoxiaban	晚上我想要下班
wanshangwoxiangyaoxiuxi	晚上我想要休息
wanshangwoxiangyaoxizao	晚上我想要洗澡
wanshangwoxiangyaoxuexi	晚上我想要学习
wanshangwoxiangyaozuoche	晚上我想要坐车
wanshangwoxiangyaozuofan	晚上我想要做饭
wanshangwoxiangyaozuofeiji	晚上我想要坐飞机
wanshangwoxiangyaozuohuoche	晚上我想要坐火车
wanshangwoxiangzuoche	晚上我想坐车
wanshangwoxiangzuofan	晚上我想做饭
wanshangwoxiangzuofeiji	晚上我想坐飞机
wanshangwoxiangzuohuoche	晚上我想坐火车
wanshangwoxiugaishezhi	晚上我修改设置
wanshangwoxiuxi	晚上我休息
wanshangwoxizao	晚上我洗澡
wanshangwoxuexi	晚上我学习
wanshangwoxuyaochifan	晚上我需要吃饭
wanshangwoxuyaochumen	晚上我需要出门
wanshangwoxuyaochuqu	晚上我需要出去
wanshangwoxuyaodadianhua	晚上我需要打电话
wanshangwoxuyaodayouxi	晚上我需要打游戏
wanshangwoxuyaofaweixin	晚上我需要发微信
wanshangwoxuyaofaxiaoxi	晚上我需要发消息
wanshangwoxuyaogongzuo	晚上我需要工作
wanshangwoxuyaoheshui	晚上我需要喝水
wanshangwoxuyaohuijia	晚上我需要回家
wanshangwoxuyaokaiche	晚上我需要开车
wanshangwoxuyaokandianshi	晚上我需要看电视
wanshangwoxuyaokandianying	晚上我需要看电影
wanshangwoxuyaokanshipin	晚上我需要看视频
wanshangwoxuyaokanshu	晚上我需要看书
wanshangwoxuyaoliaotian	晚上我需要聊天
wanshangwoxuyaomaidongxi	晚上我需要买东西
wanshangwoxuyaoquxuexiao	晚上我需要去学校
wanshangwoxuyaoshangban	晚上我需要上班
wanshangwoxuyaoshuijue	晚上我需要睡觉
wanshangwoxuyaotingyinle	晚上我需要听音乐
wanshangwoxuyaowanyouxi	晚上我需要玩游戏
wanshangwoxuyaoxiaban	晚上我需要下班
wanshangwoxuyaoxiuxi	晚上我需要休息
wanshangwoxuyaoxizao	晚上我需要洗澡
wanshangwoxuyaoxuexi	晚上我需要学习
wanshangwoxuyaozuoche	晚上我需要坐车
wanshangwoxuyaozuofan	晚上我需要做饭
wanshangwoxuyaozuofeiji	晚上我需要坐飞机
wanshangwoxuyaozuohuoche	晚上我需要坐火车
wanshangwoyaochifan	晚上我要吃饭
wanshangwoyaochumen	晚上我要出门
wanshangwoyaochuqu	晚上我要出去
wanshangwoyaodadianhua	晚上我要打电话
wanshangwoyaodayouxi	晚上我要打游戏
wanshangwoyaofaweixin	晚上我要发微信
wanshangwoyaofaxiaoxi	晚上我要发消息
wanshangwoyaogongzuo	晚上我要工作
wanshangwoyaoheshui	晚上我要喝水
wanshangwoyaohuijia	晚上我要回家
wanshangwoyaokaiche	晚上我要开车
wanshangwoyaokandianshi	晚上我要看电视
wanshangwoyaokandianying	晚上我要看电影
wanshangwoyaokanshipin	晚上我要看视频
wanshangwoyaokanshu	晚上我要看书
wanshangwoyaoliaotian	晚上我要聊天
wanshangwoyaomaidongxi	晚上我要买东西
wanshangwoyaoquxuexiao	晚上我要去学校
wanshangwoyaoshangban	晚上我要上班
wanshangwoyaoshuijue	晚上我要睡觉
wanshangwoyaotingyinle	晚上我要听音乐
wanshangwoyaowanyouxi	晚上我要玩游戏
wanshangwoyaoxiaban	晚上我要下班
wanshangwoyaoxiuxi	晚上我要休息
wanshangwoyaoxizao	晚上我要洗澡
wanshangwoyaoxuexi	晚上我要学习
wanshangwoyaozuoche	晚上我要坐车
wanshangwoyaozuofan	晚上我要做饭
wanshangwoyaozuofeiji	晚上我要坐飞机
wanshangwoyaozuohuoche	晚上我要坐火车
wanshangwozhunbeichifan	晚上我准备吃饭
wanshangwozhunbeichumen	晚上我准备出门
wanshangwozhunbeichuqu	晚上我准备出去
wanshangwozhunbeidadianhua	晚上我准备打电话
wanshangwozhunbeidayouxi	晚上我准备打游戏
wanshangwozhunbeifaweixin	晚上我准备发微信
wanshangwozhunbeifaxiaoxi	晚上我准备发消息
wanshangwozhunbeigongzuo	晚上我准备工作
wanshangwozhunbeiheshui	晚上我准备喝水
wanshangwozhunbeihuijia	晚上我准备回家
wanshangwozhunbeikaiche	晚上我准备开车
wanshangwozhunbeikandianshi	晚上我准备看电视
wanshangwozhunbeikandianying	晚上我准备看电影
wanshangwozhunbeikanshipin	晚上我准备看视频
wanshangwozhunbeikanshu	晚上我准备看书
wanshangwozhunbeiliaotian	晚上我准备聊天
wanshangwozhunbeimaidongxi	晚上我准备买东西
wanshangwozhunbeiquxuexiao	晚上我准备去学校
wanshangwozhunbeishangban	晚上我准备上班
wanshangwozhunbeishuijue	晚上我准备睡觉
wanshangwozhunbeitingyinle	晚上我准备听音乐
wanshangwozhunbeiwanyouxi	晚上我准备玩游戏
wanshangwozhunbeixiaban	晚上我准备下班
wanshangwozhunbeixiuxi	晚上我准备休息
wanshangwozhunbeixizao	晚上我准备洗澡
wanshangwozhunbeixuexi	晚上我准备学习
wanshangwozhunbeizuoche	晚上我准备坐车
wanshangwozhunbeizuofan	晚上我准备做饭
wanshangwozhunbeizuofeiji	晚上我准备坐飞机
wanshangwozhunbeizuohuoche	晚上我准备坐火车
wanshangwozuoche	晚上我坐车
wanshangwozuofan	晚上我做饭
wanshangwozuofeiji	晚上我坐飞机
wanshangwozuohuoche	晚上我坐火车
wanyouxi	玩游戏
wei	为	位	伟	伪	偎	卫	危	味	唯	喂	囗	围	圩	委	威	娓
weishenme	为什么
weishenmebunengyong	为什么不能用
weishenmebuxing	为什么不行
wen	文	问	刎	吻	汶	温	玟	璺	瘟	稳	紊	纹	蚊	闻	阌	雯
wending	稳定
wendingxing	稳定性
wendu	温度
weng	嗡	瓮	翁	蓊	蕹
wenjian	文件
wenjianjia	文件夹
wenti	问题
wenyixia	问一下
wenzhang	文章
wifi	WiFi
wo	我	倭	卧	幄	挝	握	斡	沃	涡	渥	硪	窝	肟	莴	蜗	龌
wobukeyi	我不可以
wobumingbai	我不明白
wobuneng	我不能
wobuxianganzhuangruanjian	我不想安装软件
wobuxiangchifan	我不想吃饭
wobuxiangchumen	我不想出门
wobuxiangchuqu	我不想出去
wobuxiangdadianhua	我不想打电话
wobuxiangdakaidiannao	我不想打开电脑
wobuxiangdakairuanjian	我不想打开软件
wobuxiangdayouxi	我不想打游戏
wobuxiangfaweixin	我不想发微信
wobuxiangfaxiaoxi	我不想发消息
wobuxianggengxinruanjian	我不想更新软件
wobuxianggongzuo	我不想工作
wobuxiangguanbiruanjian	我不想关闭软件
wobuxiangheshui	我不想喝水
wobuxianghuijia	我不想回家
wobuxiangkaiche	我不想开车
wobuxiangkandianshi	我不想看电视
wobuxiangkandianying	我不想看电影
wobuxiangkanshipin	我不想看视频
wobuxiangkanshu	我不想看书
wobuxianglianjiewangluo	我不想连接网络
wobuxiangliaotian	我不想聊天
wobuxiangmaidongxi	我不想买东西
wobuxiangpaizhaopian	我不想拍照片
wobuxiangqubeijing	我不想去北京
wobuxiangquchaoshi	我不想去超市
wobuxiangqugongsi	我不想去公司
wobuxiangquguangzhou	我不想去广州
wobuxiangqushangchang	我不想去商场
wobuxiangqushanghai	我不想去上海
wobuxiangqushenzhen	我不想去深圳
wobuxiangquxuexiao	我不想去学校
wobuxiangquyiyuan	我不想去医院
wobuxiangshangban	我不想上班
wobuxiangshiyongdiannao	我不想使用电脑
wobuxiangshiyongshouji	我不想使用手机
wobuxiangshuijue	我不想睡觉
wobuxiangtingyinle	我不想听音乐
wobuxiangwanyouxi	我不想玩游戏
wobuxiangxiaban	我不想下班
wobuxiangxiugaishezhi	我不想修改设置
wobuxiangxiuxi	我不想休息
wobuxiangxizao	我不想洗澡
wobuxiangxuexi	我不想学习
wobuxiangzuoche	我不想坐车
wobuxiangzuofan	我不想做饭
wobuxiangzuofeiji	我不想坐飞机
wobuxiangzuohuoche	我不想坐火车
wobuxihuan	我不喜欢
wobuyaoanzhuangruanjian	我不要安装软件
wobuyaochifan	我不要吃饭
wobuyaochumen	我不要出门
wobuyaochuqu	我不要出去
wobuyaodadianhua	我不要打电话
wobuyaodakaidiannao	我不要打开电脑
wobuyaodakairuanjian	我不要打开软件
wobuyaodayouxi	我不要打游戏
wobuyaofaweixin	我不要发微信
wobuyaofaxiaoxi	我不要发消息
wobuyaogengxinruanjian	我不要更新软件
wobuyaogongzuo	我不要工作
wobuyaoguanbiruanjian	我不要关闭软件
wobuyaoheshui	我不要喝水
wobuyaohuijia	我不要回家
wobuyaokaiche	我不要开车
wobuyaokandianshi	我不要看电视
wobuyaokandianying	我不要看电影
wobuyaokanshipin	我不要看视频
wobuyaokanshu	我不要看书
wobuyaolianjiewangluo	我不要连接网络
wobuyaoliaotian	我不要聊天
wobuyaomaidongxi	我不要买东西
wobuyaopaizhaopian	我不要拍照片
wobuyaoqubeijing	我不要去北京
wobuyaoquchaoshi	我不要去超市
wobuyaoqugongsi	我不要去公司
wobuyaoquguangzhou	我不要去广州
wobuyaoqushangchang	我不要去商场
wobuyaoqushanghai	我不要去上海
wobuyaoqushenzhen	我不要去深圳
wobuyaoquxuexiao	我不要去学校
wobuyaoquyiyuan	我不要去医院
wobuyaoshangban	我不要上班
wobuyaoshiyongdiannao	我不要使用电脑
wobuyaoshiyongshouji	我不要使用手机
wobuyaoshuijue	我不要睡觉
wobuyaotingyinle	我不要听音乐
wobuyaowanyouxi	我不要玩游戏
wobuyaoxiaban	我不要下班
wobuyaoxiugaishezhi	我不要修改设置
wobuyaoxiuxi	我不要休息
wobuyaoxizao	我不要洗澡
wobuyaoxuexi	我不要学习
wobuyaozuoche	我不要坐车
wobuyaozuofan	我不要做饭
wobuyaozuofeiji	我不要坐飞机
wobuyaozuohuoche	我不要坐火车
wobuyinggai	我不应该
wobuzhidao	我不知道
wodaole	我到了
wodasuan	我打算
wodasuananzhuangruanjian	我打算安装软件
wodasuanchifan	我打算吃饭
wodasuanchumen	我打算出门
wodasuanchuqu	我打算出去
wodasuandadianhua	我打算打电话
wodasuandakaidiannao	我打算打开电脑
wodasuandakairuanjian	我打算打开软件
wodasuandayouxi	我打算打游戏
wodasuanfaweixin	我打算发微信
wodasuanfaxiaoxi	我打算发消息
wodasuangengxinruanjian	我打算更新软件
wodasuangongzuo	我打算工作
wodasuanguanbiruanjian	我打算关闭软件
wodasuanheshui	我打算喝水
wodasuanhuijia	我打算回家
wodasuankaiche	我打算开车
wodasuankandianshi	我打算看电视
wodasuankandianying	我打算看电影
wodasuankanshipin	我打算看视频
wodasuankanshu	我打算看书
wodasuanlianjiewangluo	我打算连接网络
wodasuanliaotian	我打算聊天
wodasuanmaidongxi	我打算买东西
wodasuanpaizhaopian	我打算拍照片
wodasuanqubeijing	我打算去北京
wodasuanquchaoshi	我打算去超市
wodasuanqugongsi	我打算去公司
wodasuanquguangzhou	我打算去广州
wodasuanqushangchang	我打算去商场
wodasuanqushanghai	我打算去上海
wodasuanqushenzhen	我打算去深圳
wodasuanquxuexiao	我打算去学校
wodasuanquyiyuan	我打算去医院
wodasuanshangban	我打算上班
wodasuanshiyongdiannao	我打算使用电脑
wodasuanshiyongshouji	我打算使用手机
wodasuanshuijue	我打算睡觉
wodasuantingyinle	我打算听音乐
wodasuanwanyouxi	我打算玩游戏
wodasuanxiaban	我打算下班
wodasuanxiugaishezhi	我打算修改设置
wodasuanxiuxi	我打算休息
wodasuanxizao	我打算洗澡
wodasuanxuexi	我打算学习
wodasuanzuoche	我打算坐车
wodasuanzuofan	我打算做饭
wodasuanzuofeiji	我打算坐飞机
wodasuanzuohuoche	我打算坐火车
wohuilaile	我回来了
wojintianxiangchifan	我今天想吃饭
wojintianxiangchuqu	我今天想出去
wojintianxianghuijia	我今天想回家
wojintianxiangxiuxi	我今天想休息
wojuede	我觉得
wojuedebuxing	我觉得不行
wojuedekeyi	我觉得可以
wokeyi	我可以
wokeyianzhuangruanjian	我可以安装软件
wokeyichifan	我可以吃饭
wokeyichumen	我可以出门
wokeyichuqu	我可以出去
wokeyidadianhua	我可以打电话
wokeyidakaidiannao	我可以打开电脑
wokeyidakairuanjian	我可以打开软件
wokeyidayouxi	我可以打游戏
wokeyifaweixin	我可以发微信
wokeyifaxiaoxi	我可以发消息
wokeyigengxinruanjian	我可以更新软件
wokeyigongzuo	我可以工作
wokeyiguanbiruanjian	我可以关闭软件
wokeyiheshui	我可以喝水
wokeyihuijia	我可以回家
wokeyikaiche	我可以开车
wokeyikandianshi	我可以看电视
wokeyikandianying	我可以看电影
wokeyikanshipin	我可以看视频
wokeyikanshu	我可以看书
wokeyilianjiewangluo	我可以连接网络
wokeyiliaotian	我可以聊天
wokeyimaidongxi	我可以买东西
wokeyipaizhaopian	我可以拍照片
wokeyiqubeijing	我可以去北京
wokeyiquchaoshi	我可以去超市
wokeyiqugongsi	我可以去公司
wokeyiquguangzhou	我可以去广州
wokeyiqushangchang	我可以去商场
wokeyiqushanghai	我可以去上海
wokeyiqushenzhen	我可以去深圳
wokeyiquxuexiao	我可以去学校
wokeyiquyiyuan	我可以去医院
wokeyishangban	我可以上班
wokeyishiyongdiannao	我可以使用电脑
wokeyishiyongshouji	我可以使用手机
wokeyishuijue	我可以睡觉
wokeyitingyinle	我可以听音乐
wokeyiwanyouxi	我可以玩游戏
wokeyixiaban	我可以下班
wokeyixiugaishezhi	我可以修改设置
wokeyixiuxi	我可以休息
wokeyixizao	我可以洗澡
wokeyixuexi	我可以学习
wokeyizuoche	我可以坐车
wokeyizuofan	我可以做饭
wokeyizuofeiji	我可以坐飞机
wokeyizuohuoche	我可以坐火车
womashangdao	我马上到
womashanghuilai	我马上回来
women	我们
womenbuxianganzhuangruanjian	我们不想安装软件
womenbuxiangchifan	我们不想吃饭
womenbuxiangchumen	我们不想出门
womenbuxiangchuqu	我们不想出去
womenbuxiangdadianhua	我们不想打电话
womenbuxiangdakaidiannao	我们不想打开电脑
womenbuxiangdakairuanjian	我们不想打开软件
womenbuxiangdayouxi	我们不想打游戏
womenbuxiangfaweixin	我们不想发微信
womenbuxiangfaxiaoxi	我们不想发消息
womenbuxianggengxinruanjian	我们不想更新软件
womenbuxianggongzuo	我们不想工作
womenbuxiangguanbiruanjian	我们不想关闭软件
womenbuxiangheshui	我们不想喝水
womenbuxianghuijia	我们不想回家
womenbuxiangkaiche	我们不想开车
womenbuxiangkandianshi	我们不想看电视
womenbuxiangkandianying	我们不想看电影
womenbuxiangkanshipin	我们不想看视频
womenbuxiangkanshu	我们不想看书
womenbuxianglianjiewangluo	我们不想连接网络
womenbuxiangliaotian	我们不想聊天
womenbuxiangmaidongxi	我们不想买东西
womenbuxiangpaizhaopian	我们不想拍照片
womenbuxiangqubeijing	我们不想去北京
womenbuxiangquchaoshi	我们不想去超市
womenbuxiangqugongsi	我们不想去公司
womenbuxiangquguangzhou	我们不想去广州
womenbuxiangqushangchang	我们不想去商场
womenbuxiangqushanghai	我们不想去上海
womenbuxiangqushenzhen	我们不想去深圳
womenbuxiangquxuexiao	我们不想去学校
womenbuxiangquyiyuan	我们不想去医院
womenbuxiangshangban	我们不想上班
womenbuxiangshiyongdiannao	我们不想使用电脑
womenbuxiangshiyongshouji	我们不想使用手机
womenbuxiangshuijue	我们不想睡觉
womenbuxiangtingyinle	我们不想听音乐
womenbuxiangwanyouxi	我们不想玩游戏
womenbuxiangxiaban	我们不想下班
womenbuxiangxiugaishezhi	我们不想修改设置
womenbuxiangxiuxi	我们不想休息
womenbuxiangxizao	我们不想洗澡
womenbuxiangxuexi	我们不想学习
womenbuxiangzuoche	我们不想坐车
womenbuxiangzuofan	我们不想做饭
womenbuxiangzuofeiji	我们不想坐飞机
womenbuxiangzuohuoche	我们不想坐火车
womenbuyaoanzhuangruanjian	我们不要安装软件
womenbuyaochifan	我们不要吃饭
womenbuyaochumen	我们不要出门
womenbuyaochuqu	我们不要出去
womenbuyaodadianhua	我们不要打电话
womenbuyaodakaidiannao	我们不要打开电脑
womenbuyaodakairuanjian	我们不要打开软件
womenbuyaodayouxi	我们不要打游戏
womenbuyaofaweixin	我们不要发微信
womenbuyaofaxiaoxi	我们不要发消息
womenbuyaogengxinruanjian	我们不要更新软件
womenbuyaogongzuo	我们不要工作
womenbuyaoguanbiruanjian	我们不要关闭软件
womenbuyaoheshui	我们不要喝水
womenbuyaohuijia	我们不要回家
womenbuyaokaiche	我们不要开车
womenbuyaokandianshi	我们不要看电视
womenbuyaokandianying	我们不要看电影
womenbuyaokanshipin	我们不要看视频
womenbuyaokanshu	我们不要看书
womenbuyaolianjiewangluo	我们不要连接网络
womenbuyaoliaotian	我们不要聊天
womenbuyaomaidongxi	我们不要买东西
womenbuyaopaizhaopian	我们不要拍照片
womenbuyaoqubeijing	我们不要去北京
womenbuyaoquchaoshi	我们不要去超市
womenbuyaoqugongsi	我们不要去公司
womenbuyaoquguangzhou	我们不要去广州
womenbuyaoqushangchang	我们不要去商场
womenbuyaoqushanghai	我们不要去上海
womenbuyaoqushenzhen	我们不要去深圳
womenbuyaoquxuexiao	我们不要去学校
womenbuyaoquyiyuan	我们不要去医院
womenbuyaoshangban	我们不要上班
womenbuyaoshiyongdiannao	我们不要使用电脑
womenbuyaoshiyongshouji	我们不要使用手机
womenbuyaoshuijue	我们不要睡觉
womenbuyaotingyinle	我们不要听音乐
womenbuyaowanyouxi	我们不要玩游戏
womenbuyaoxiaban	我们不要下班
womenbuyaoxiugaishezhi	我们不要修改设置
womenbuyaoxiuxi	我们不要休息
womenbuyaoxizao	我们不要洗澡
womenbuyaoxuexi	我们不要学习
womenbuyaozuoche	我们不要坐车
womenbuyaozuofan	我们不要做饭
womenbuyaozuofeiji	我们不要坐飞机
womenbuyaozuohuoche	我们不要坐火车
womendasuananzhuangruanjian	我们打算安装软件
womendasuanchifan	我们打算吃饭
womendasuanchumen	我们打算出门
womendasuanchuqu	我们打算出去
womendasuandadianhua	我们打算打电话
womendasuandakaidiannao	我们打算打开电脑
womendasuandakairuanjian	我们打算打开软件
womendasuandayouxi	我们打算打游戏
womendasuanfaweixin	我们打算发微信
womendasuanfaxiaoxi	我们打算发消息
womendasuangengxinruanjian	我们打算更新软件
womendasuangongzuo	我们打算工作
womendasuanguanbiruanjian	我们打算关闭软件
womendasuanheshui	我们打算喝水
womendasuanhuijia	我们打算回家
womendasuankaiche	我们打算开车
womendasuankandianshi	我们打算看电视
womendasuankandianying	我们打算看电影
womendasuankanshipin	我们打算看视频
womendasuankanshu	我们打算看书
womendasuanlianjiewangluo	我们打算连接网络
womendasuanliaotian	我们打算聊天
womendasuanmaidongxi	我们打算买东西
womendasuanpaizhaopian	我们打算拍照片
womendasuanqubeijing	我们打算去北京
womendasuanquchaoshi	我们打算去超市
womendasuanqugongsi	我们打算去公司
womendasuanquguangzhou	我们打算去广州
womendasuanqushangchang	我们打算去商场
womendasuanqushanghai	我们打算去上海
womendasuanqushenzhen	我们打算去深圳
womendasuanquxuexiao	我们打算去学校
womendasuanquyiyuan	我们打算去医院
womendasuanshangban	我们打算上班
womendasuanshiyongdiannao	我们打算使用电脑
womendasuanshiyongshouji	我们打算使用手机
womendasuanshuijue	我们打算睡觉
womendasuantingyinle	我们打算听音乐
womendasuanwanyouxi	我们打算玩游戏
womendasuanxiaban	我们打算下班
womendasuanxiugaishezhi	我们打算修改设置
womendasuanxiuxi	我们打算休息
womendasuanxizao	我们打算洗澡
womendasuanxuexi	我们打算学习
womendasuanzuoche	我们打算坐车
womendasuanzuofan	我们打算做饭
womendasuanzuofeiji	我们打算坐飞机
womendasuanzuohuoche	我们打算坐火车
womenkeyianzhuangruanjian	我们可以安装软件
womenkeyichifan	我们可以吃饭
womenkeyichumen	我们可以出门
womenkeyichuqu	我们可以出去
womenkeyidadianhua	我们可以打电话
womenkeyidakaidiannao	我们可以打开电脑
womenkeyidakairuanjian	我们可以打开软件
womenkeyidayouxi	我们可以打游戏
womenkeyifaweixin	我们可以发微信
womenkeyifaxiaoxi	我们可以发消息
womenkeyigengxinruanjian	我们可以更新软件
womenkeyigongzuo	我们可以工作
womenkeyiguanbiruanjian	我们可以关闭软件
womenkeyiheshui	我们可以喝水
womenkeyihuijia	我们可以回家
womenkeyikaiche	我们可以开车
womenkeyikandianshi	我们可以看电视
womenkeyikandianying	我们可以看电影
womenkeyikanshipin	我们可以看视频
womenkeyikanshu	我们可以看书
womenkeyilianjiewangluo	我们可以连接网络
womenkeyiliaotian	我们可以聊天
womenkeyimaidongxi	我们可以买东西
womenkeyipaizhaopian	我们可以拍照片
womenkeyiqubeijing	我们可以去北京
womenkeyiquchaoshi	我们可以去超市
womenkeyiqugongsi	我们可以去公司
womenkeyiquguangzhou	我们可以去广州
womenkeyiqushangchang	我们可以去商场
womenkeyiqushanghai	我们可以去上海
womenkeyiqushenzhen	我们可以去深圳
womenkeyiquxuexiao	我们可以去学校
womenkeyiquyiyuan	我们可以去医院
womenkeyishangban	我们可以上班
womenkeyishiyongdiannao	我们可以使用电脑
womenkeyishiyongshouji	我们可以使用手机
womenkeyishuijue	我们可以睡觉
womenkeyitingyinle	我们可以听音乐
womenkeyiwanyouxi	我们可以玩游戏
womenkeyixiaban	我们可以下班
womenkeyixiugaishezhi	我们可以修改设置
womenkeyixiuxi	我们可以休息
womenkeyixizao	我们可以洗澡
womenkeyixuexi	我们可以学习
womenkeyizuoche	我们可以坐车
womenkeyizuofan	我们可以做饭
womenkeyizuofeiji	我们可以坐飞机
womenkeyizuohuoche	我们可以坐火车
womennenganzhuangruanjian	我们能安装软件
womennengchifan	我们能吃饭
womennengchumen	我们能出门
womennengchuqu	我们能出去
womennengdadianhua	我们能打电话
womennengdakaidiannao	我们能打开电脑
womennengdakairuanjian	我们能打开软件
womennengdayouxi	我们能打游戏
womennengfaweixin	我们能发微信
womennengfaxiaoxi	我们能发消息
womennenggengxinruanjian	我们能更新软件
womennenggongzuo	我们能工作
womennengguanbiruanjian	我们能关闭软件
womennengheshui	我们能喝水
womennenghuijia	我们能回家
womennengkaiche	我们能开车
womennengkandianshi	我们能看电视
womennengkandianying	我们能看电影
womennengkanshipin	我们能看视频
womennengkanshu	我们能看书
womennenglianjiewangluo	我们能连接网络
womennengliaotian	我们能聊天
womennengmaidongxi	我们能买东西
womennengpaizhaopian	我们能拍照片
womennengqubeijing	我们能去北京
womennengquchaoshi	我们能去超市
womennengqugongsi	我们能去公司
womennengquguangzhou	我们能去广州
womennengqushangchang	我们能去商场
womennengqushanghai	我们能去上海
womennengqushenzhen	我们能去深圳
womennengquxuexiao	我们能去学校
womennengquyiyuan	我们能去医院
womennengshangban	我们能上班
womennengshiyongdiannao	我们能使用电脑
womennengshiyongshouji	我们能使用手机
womennengshuijue	我们能睡觉
womennengtingyinle	我们能听音乐
womennengwanyouxi	我们能玩游戏
womennengxiaban	我们能下班
womennengxiugaishezhi	我们能修改设置
womennengxiuxi	我们能休息
womennengxizao	我们能洗澡
womennengxuexi	我们能学习
womennengzuoche	我们能坐车
womennengzuofan	我们能做饭
womennengzuofeiji	我们能坐飞机
womennengzuohuoche	我们能坐火车
womenxianganzhuangruanjian	我们想安装软件
womenxiangchifan	我们想吃饭
womenxiangchumen	我们想出门
womenxiangchuqu	我们想出去
womenxiangdadianhua	我们想打电话
womenxiangdakaidiannao	我们想打开电脑
womenxiangdakairuanjian	我们想打开软件
womenxiangdayouxi	我们想打游戏
womenxiangfaweixin	我们想发微信
womenxiangfaxiaoxi	我们想发消息
womenxianggengxinruanjian	我们想更新软件
womenxianggongzuo	我们想工作
womenxiangguanbiruanjian	我们想关闭软件
womenxiangheshui	我们想喝水
womenxianghuijia	我们想回家
womenxiangkaiche	我们想开车
womenxiangkandianshi	我们想看电视
womenxiangkandianying	我们想看电影
womenxiangkanshipin	我们想看视频
womenxiangkanshu	我们想看书
womenxianglianjiewangluo	我们想连接网络
womenxiangliaotian	我们想聊天
womenxiangmaidongxi	我们想买东西
womenxiangpaizhaopian	我们想拍照片
womenxiangqubeijing	我们想去北京
womenxiangquchaoshi	我们想去超市
womenxiangqugongsi	我们想去公司
womenxiangquguangzhou	我们想去广州
womenxiangqushangchang	我们想去商场
womenxiangqushanghai	我们想去上海
womenxiangqushenzhen	我们想去深圳
womenxiangquxuexiao	我们想去学校
womenxiangquyiyuan	我们想去医院
womenxiangshangban	我们想上班
womenxiangshiyongdiannao	我们想使用电脑
womenxiangshiyongshouji	我们想使用手机
womenxiangshuijue	我们想睡觉
womenxiangtingyinle	我们想听音乐
womenxiangwanyouxi	我们想玩游戏
womenxiangxiaban	我们想下班
womenxiangxiugaishezhi	我们想修改设置
womenxiangxiuxi	我们想休息
womenxiangxizao	我们想洗澡
womenxiangxuexi	我们想学习
womenxiangyaoanzhuangruanjian	我们想要安装软件
womenxiangyaochifan	我们想要吃饭
womenxiangyaochumen	我们想要出门
womenxiangyaochuqu	我们想要出去
womenxiangyaodadianhua	我们想要打电话
womenxiangyaodakaidiannao	我们想要打开电脑
womenxiangyaodakairuanjian	我们想要打开软件
womenxiangyaodayouxi	我们想要打游戏
womenxiangyaofaweixin	我们想要发微信
womenxiangyaofaxiaoxi	我们想要发消息
womenxiangyaogengxinruanjian	我们想要更新软件
womenxiangyaogongzuo	我们想要工作
womenxiangyaoguanbiruanjian	我们想要关闭软件
womenxiangyaoheshui	我们想要喝水
womenxiangyaohuijia	我们想要回家
womenxiangyaokaiche	我们想要开车
womenxiangyaokandianshi	我们想要看电视
womenxiangyaokandianying	我们想要看电影
womenxiangyaokanshipin	我们想要看视频
womenxiangyaokanshu	我们想要看书
womenxiangyaolianjiewangluo	我们想要连接网络
womenxiangyaoliaotian	我们想要聊天
womenxiangyaomaidongxi	我们想要买东西
womenxiangyaopaizhaopian	我们想要拍照片
womenxiangyaoqubeijing	我们想要去北京
womenxiangyaoquchaoshi	我们想要去超市
womenxiangyaoqugongsi	我们想要去公司
womenxiangyaoquguangzhou	我们想要去广州
womenxiangyaoqushangchang	我们想要去商场
womenxiangyaoqushanghai	我们想要去上海
womenxiangyaoqushenzhen	我们想要去深圳
womenxiangyaoquxuexiao	我们想要去学校
womenxiangyaoquyiyuan	我们想要去医院
womenxiangyaoshangban	我们想要上班
womenxiangyaoshiyongdiannao	我们想要使用电脑
womenxiangyaoshiyongshouji	我们想要使用手机
womenxiangyaoshuijue	我们想要睡觉
womenxiangyaotingyinle	我们想要听音乐
womenxiangyaowanyouxi	我们想要玩游戏
womenxiangyaoxiaban	我们想要下班
womenxiangyaoxiugaishezhi	我们想要修改设置
womenxiangyaoxiuxi	我们想要休息
womenxiangyaoxizao	我们想要洗澡
womenxiangyaoxuexi	我们想要学习
womenxiangyaozuoche	我们想要坐车
womenxiangyaozuofan	我们想要做饭
womenxiangyaozuofeiji	我们想要坐飞机
womenxiangyaozuohuoche	我们想要坐火车
womenxiangzuoche	我们想坐车
womenxiangzuofan	我们想做饭
womenxiangzuofeiji	我们想坐飞机
womenxiangzuohuoche	我们想坐火车
womenxuyaoanzhuangruanjian	我们需要安装软件
womenxuyaochifan	我们需要吃饭
womenxuyaochumen	我们需要出门
womenxuyaochuqu	我们需要出去
womenxuyaodadianhua	我们需要打电话
womenxuyaodakaidiannao	我们需要打开电脑
womenxuyaodakairuanjian	我们需要打开软件
womenxuyaodayouxi	我们需要打游戏
womenxuyaofaweixin	我们需要发微信
womenxuyaofaxiaoxi	我们需要发消息
womenxuyaogengxinruanjian	我们需要更新软件
womenxuyaogongzuo	我们需要工作
womenxuyaoguanbiruanjian	我们需要关闭软件
womenxuyaoheshui	我们需要喝水
womenxuyaohuijia	我们需要回家
womenxuyaokaiche	我们需要开车
womenxuyaokandianshi	我们需要看电视
womenxuyaokandianying	我们需要看电影
womenxuyaokanshipin	我们需要看视频
womenxuyaokanshu	我们需要看书
womenxuyaolianjiewangluo	我们需要连接网络
womenxuyaoliaotian	我们需要聊天
womenxuyaomaidongxi	我们需要买东西
womenxuyaopaizhaopian	我们需要拍照片
womenxuyaoqubeijing	我们需要去北京
womenxuyaoquchaoshi	我们需要去超市
womenxuyaoqugongsi	我们需要去公司
womenxuyaoquguangzhou	我们需要去广州
womenxuyaoqushangchang	我们需要去商场
womenxuyaoqushanghai	我们需要去上海
womenxuyaoqushenzhen	我们需要去深圳
womenxuyaoquxuexiao	我们需要去学校
womenxuyaoquyiyuan	我们需要去医院
womenxuyaoshangban	我们需要上班
womenxuyaoshiyongdiannao	我们需要使用电脑
womenxuyaoshiyongshouji	我们需要使用手机
womenxuyaoshuijue	我们需要睡觉
womenxuyaotingyinle	我们需要听音乐
womenxuyaowanyouxi	我们需要玩游戏
womenxuyaoxiaban	我们需要下班
womenxuyaoxiugaishezhi	我们需要修改设置
womenxuyaoxiuxi	我们需要休息
womenxuyaoxizao	我们需要洗澡
womenxuyaoxuexi	我们需要学习
womenxuyaozuoche	我们需要坐车
womenxuyaozuofan	我们需要做饭
womenxuyaozuofeiji	我们需要坐飞机
womenxuyaozuohuoche	我们需要坐火车
womenyaoanzhuangruanjian	我们要安装软件
womenyaochifan	我们要吃饭
womenyaochumen	我们要出门
womenyaochuqu	我们要出去
womenyaodadianhua	我们要打电话
womenyaodakaidiannao	我们要打开电脑
womenyaodakairuanjian	我们要打开软件
womenyaodayouxi	我们要打游戏
womenyaofaweixin	我们要发微信
womenyaofaxiaoxi	我们要发消息
womenyaogengxinruanjian	我们要更新软件
womenyaogongzuo	我们要工作
womenyaoguanbiruanjian	我们要关闭软件
womenyaoheshui	我们要喝水
womenyaohuijia	我们要回家
womenyaokaiche	我们要开车
womenyaokandianshi	我们要看电视
womenyaokandianying	我们要看电影
womenyaokanshipin	我们要看视频
womenyaokanshu	我们要看书
womenyaolianjiewangluo	我们要连接网络
womenyaoliaotian	我们要聊天
womenyaomaidongxi	我们要买东西
womenyaopaizhaopian	我们要拍照片
womenyaoqubeijing	我们要去北京
womenyaoquchaoshi	我们要去超市
womenyaoqugongsi	我们要去公司
womenyaoquguangzhou	我们要去广州
womenyaoqushangchang	我们要去商场
womenyaoqushanghai	我们要去上海
womenyaoqushenzhen	我们要去深圳
womenyaoquxuexiao	我们要去学校
womenyaoquyiyuan	我们要去医院
womenyaoshangban	我们要上班
womenyaoshiyongdiannao	我们要使用电脑
womenyaoshiyongshouji	我们要使用手机
womenyaoshuijue	我们要睡觉
womenyaotingyinle	我们要听音乐
womenyaowanyouxi	我们要玩游戏
womenyaoxiaban	我们要下班
womenyaoxiugaishezhi	我们要修改设置
womenyaoxiuxi	我们要休息
womenyaoxizao	我们要洗澡
womenyaoxuexi	我们要学习
womenyaozuoche	我们要坐车
womenyaozuofan	我们要做饭
womenyaozuofeiji	我们要坐飞机
womenyaozuohuoche	我们要坐火车
womenzhunbeianzhuangruanjian	我们准备安装软件
womenzhunbeichifan	我们准备吃饭
womenzhunbeichumen	我们准备出门
womenzhunbeichuqu	我们准备出去
womenzhunbeidadianhua	我们准备打电话
womenzhunbeidakaidiannao	我们准备打开电脑
womenzhunbeidakairuanjian	我们准备打开软件
womenzhunbeidayouxi	我们准备打游戏
womenzhunbeifaweixin	我们准备发微信
womenzhunbeifaxiaoxi	我们准备发消息
womenzhunbeigengxinruanjian	我们准备更新软件
womenzhunbeigongzuo	我们准备工作
womenzhunbeiguanbiruanjian	我们准备关闭软件
womenzhunbeiheshui	我们准备喝水
womenzhunbeihuijia	我们准备回家
womenzhunbeikaiche	我们准备开车
womenzhunbeikandianshi	我们准备看电视
womenzhunbeikandianying	我们准备看电影
womenzhunbeikanshipin	我们准备看视频
womenzhunbeikanshu	我们准备看书
womenzhunbeilianjiewangluo	我们准备连接网络
womenzhunbeiliaotian	我们准备聊天
womenzhunbeimaidongxi	我们准备买东西
womenzhunbeipaizhaopian	我们准备拍照片
womenzhunbeiqubeijing	我们准备去北京
womenzhunbeiquchaoshi	我们准备去超市
womenzhunbeiqugongsi	我们准备去公司
womenzhunbeiquguangzhou	我们准备去广州
womenzhunbeiqushangchang	我们准备去商场
womenzhunbeiqushanghai	我们准备去上海
womenzhunbeiqushenzhen	我们准备去深圳
womenzhunbeiquxuexiao	我们准备去学校
womenzhunbeiquyiyuan	我们准备去医院
womenzhunbeishangban	我们准备上班
womenzhunbeishiyongdiannao	我们准备使用电脑
womenzhunbeishiyongshouji	我们准备使用手机
womenzhunbeishuijue	我们准备睡觉
womenzhunbeitingyinle	我们准备听音乐
womenzhunbeiwanyouxi	我们准备玩游戏
womenzhunbeixiaban	我们准备下班
womenzhunbeixiugaishezhi	我们准备修改设置
womenzhunbeixiuxi	我们准备休息
womenzhunbeixizao	我们准备洗澡
womenzhunbeixuexi	我们准备学习
womenzhunbeizuoche	我们准备坐车
womenzhunbeizuofan	我们准备做饭
womenzhunbeizuofeiji	我们准备坐飞机
womenzhunbeizuohuoche	我们准备坐火车
womingbaile	我明白了
womingtianxianghuijia	我明天想回家
womingtianyaogongzuo	我明天要工作
womingtianyaoshangban	我明天要上班
woneng	我能
wonenganzhuangruanjian	我能安装软件
wonengchifan	我能吃饭
wonengchumen	我能出门
wonengchuqu	我能出去
wonengdadianhua	我能打电话
wonengdakaidiannao	我能打开电脑
wonengdakairuanjian	我能打开软件
wonengdayouxi	我能打游戏
wonengfaweixin	我能发微信
wonengfaxiaoxi	我能发消息
wonenggengxinruanjian	我能更新软件
wonenggongzuo	我能工作
wonengguanbiruanjian	我能关闭软件
wonengheshui	我能喝水
wonenghuijia	我能回家
wonengkaiche	我能开车
wonengkandianshi	我能看电视
wonengkandianying	我能看电影
wonengkanshipin	我能看视频
wonengkanshu	我能看书
wonenglianjiewangluo	我能连接网络
wonengliaotian	我能聊天
wonengmaidongxi	我能买东西
wonengpaizhaopian	我能拍照片
wonengqubeijing	我能去北京
wonengquchaoshi	我能去超市
wonengqugongsi	我能去公司
wonengquguangzhou	我能去广州
wonengqushangchang	我能去商场
wonengqushanghai	我能去上海
wonengqushenzhen	我能去深圳
wonengquxuexiao	我能去学校
wonengquyiyuan	我能去医院
wonengshangban	我能上班
wonengshiyongdiannao	我能使用电脑
wonengshiyongshouji	我能使用手机
wonengshuijue	我能睡觉
wonengtingyinle	我能听音乐
wonengwanyouxi	我能玩游戏
wonengxiaban	我能下班
wonengxiugaishezhi	我能修改设置
wonengxiuxi	我能休息
wonengxizao	我能洗澡
wonengxuexi	我能学习
wonengzuoche	我能坐车
wonengzuofan	我能做饭
wonengzuofeiji	我能坐飞机
wonengzuohuoche	我能坐火车
worenwei	我认为
woxiang	我想
woxianganzhuangruanjian	我想安装软件
woxiangceshiyixia	我想测试一下
woxiangchifan	我想吃饭
woxiangchumen	我想出门
woxiangchuqu	我想出去
woxiangdadianhua	我想打电话
woxiangdakaidiannao	我想打开电脑
woxiangdakairuanjian	我想打开软件
woxiangdayouxi	我想打游戏
woxiangfaweixin	我想发微信
woxiangfaxiaoxi	我想发消息
woxianggengxinruanjian	我想更新软件
woxianggongzuo	我想工作
woxiangguanbiruanjian	我想关闭软件
woxiangheshui	我想喝水
woxianghuijia	我想回家
woxiangkaiche	我想开车
woxiangkandianshi	我想看电视
woxiangkandianying	我想看电影
woxiangkanshipin	我想看视频
woxiangkanshu	我想看书
woxianglianjiewangluo	我想连接网络
woxiangliaotian	我想聊天
woxiangmaidongxi	我想买东西
woxiangpaizhaopian	我想拍照片
woxiangqubeijing	我想去北京
woxiangquchaoshi	我想去超市
woxiangqugongsi	我想去公司
woxiangquguangzhou	我想去广州
woxiangqushangchang	我想去商场
woxiangqushanghai	我想去上海
woxiangqushenzhen	我想去深圳
woxiangquxuexiao	我想去学校
woxiangquyiyuan	我想去医院
woxiangshangban	我想上班
woxiangshishikan	我想试试看
woxiangshiyongdiannao	我想使用电脑
woxiangshiyongshouji	我想使用手机
woxiangshuijue	我想睡觉
woxiangtingyinle	我想听音乐
woxiangwanyouxi	我想玩游戏
woxiangxiaban	我想下班
woxiangxiugaishezhi	我想修改设置
woxiangxiuxi	我想休息
woxiangxizao	我想洗澡
woxiangxuexi	我想学习
woxiangyao	我想要
woxiangyaoanzhuangruanjian	我想要安装软件
woxiangyaochifan	我想要吃饭
woxiangyaochumen	我想要出门
woxiangyaochuqu	我想要出去
woxiangyaodadianhua	我想要打电话
woxiangyaodakaidiannao	我想要打开电脑
woxiangyaodakairuanjian	我想要打开软件
woxiangyaodayouxi	我想要打游戏
woxiangyaofaweixin	我想要发微信
woxiangyaofaxiaoxi	我想要发消息
woxiangyaogengxinruanjian	我想要更新软件
woxiangyaogongzuo	我想要工作
woxiangyaoguanbiruanjian	我想要关闭软件
woxiangyaoheshui	我想要喝水
woxiangyaohuijia	我想要回家
woxiangyaokaiche	我想要开车
woxiangyaokandianshi	我想要看电视
woxiangyaokandianying	我想要看电影
woxiangyaokanshipin	我想要看视频
woxiangyaokanshu	我想要看书
woxiangyaolianjiewangluo	我想要连接网络
woxiangyaoliaotian	我想要聊天
woxiangyaomaidongxi	我想要买东西
woxiangyaopaizhaopian	我想要拍照片
woxiangyaoqubeijing	我想要去北京
woxiangyaoquchaoshi	我想要去超市
woxiangyaoqugongsi	我想要去公司
woxiangyaoquguangzhou	我想要去广州
woxiangyaoqushangchang	我想要去商场
woxiangyaoqushanghai	我想要去上海
woxiangyaoqushenzhen	我想要去深圳
woxiangyaoquxuexiao	我想要去学校
woxiangyaoquyiyuan	我想要去医院
woxiangyaoshangban	我想要上班
woxiangyaoshiyongdiannao	我想要使用电脑
woxiangyaoshiyongshouji	我想要使用手机
woxiangyaoshuijue	我想要睡觉
woxiangyaotingyinle	我想要听音乐
woxiangyaowanyouxi	我想要玩游戏
woxiangyaoxiaban	我想要下班
woxiangyaoxiugaishezhi	我想要修改设置
woxiangyaoxiuxi	我想要休息
woxiangyaoxizao	我想要洗澡
woxiangyaoxuexi	我想要学习
woxiangyaozuoche	我想要坐车
woxiangyaozuofan	我想要做饭
woxiangyaozuofeiji	我想要坐飞机
woxiangyaozuohuoche	我想要坐火车
woxiangzuoche	我想坐车
woxiangzuofan	我想做饭
woxiangzuofeiji	我想坐飞机
woxiangzuohuoche	我想坐火车
woxianzoule	我先走了
woxihuan	我喜欢
woxiwang	我希望
woxuyao	我需要
woxuyaoanzhuangruanjian	我需要安装软件
woxuyaochifan	我需要吃饭
woxuyaochumen	我需要出门
woxuyaochuqu	我需要出去
woxuyaodadianhua	我需要打电话
woxuyaodakaidiannao	我需要打开电脑
woxuyaodakairuanjian	我需要打开软件
woxuyaodayouxi	我需要打游戏
woxuyaofaweixin	我需要发微信
woxuyaofaxiaoxi	我需要发消息
woxuyaogengxinruanjian	我需要更新软件
woxuyaogongzuo	我需要工作
woxuyaoguanbiruanjian	我需要关闭软件
woxuyaoheshui	我需要喝水
woxuyaohuijia	我需要回家
woxuyaokaiche	我需要开车
woxuyaokandianshi	我需要看电视
woxuyaokandianying	我需要看电影
woxuyaokanshipin	我需要看视频
woxuyaokanshu	我需要看书
woxuyaolianjiewangluo	我需要连接网络
woxuyaoliaotian	我需要聊天
woxuyaomaidongxi	我需要买东西
woxuyaopaizhaopian	我需要拍照片
woxuyaoqubeijing	我需要去北京
woxuyaoquchaoshi	我需要去超市
woxuyaoqugongsi	我需要去公司
woxuyaoquguangzhou	我需要去广州
woxuyaoqushangchang	我需要去商场
woxuyaoqushanghai	我需要去上海
woxuyaoqushenzhen	我需要去深圳
woxuyaoquxuexiao	我需要去学校
woxuyaoquyiyuan	我需要去医院
woxuyaoshangban	我需要上班
woxuyaoshiyongdiannao	我需要使用电脑
woxuyaoshiyongshouji	我需要使用手机
woxuyaoshuijue	我需要睡觉
woxuyaotingyinle	我需要听音乐
woxuyaowanyouxi	我需要玩游戏
woxuyaoxiaban	我需要下班
woxuyaoxiugaishezhi	我需要修改设置
woxuyaoxiuxi	我需要休息
woxuyaoxizao	我需要洗澡
woxuyaoxuexi	我需要学习
woxuyaozuoche	我需要坐车
woxuyaozuofan	我需要做饭
woxuyaozuofeiji	我需要坐飞机
woxuyaozuohuoche	我需要坐火车
woyaoanzhuangruanjian	我要安装软件
woyaochifan	我要吃饭
woyaochumen	我要出门
woyaochuqu	我要出去
woyaodadianhua	我要打电话
woyaodakaidiannao	我要打开电脑
woyaodakairuanjian	我要打开软件
woyaodayouxi	我要打游戏
woyaofaweixin	我要发微信
woyaofaxiaoxi	我要发消息
woyaogengxinruanjian	我要更新软件
woyaogongzuo	我要工作
woyaoguanbiruanjian	我要关闭软件
woyaoheshui	我要喝水
woyaohuijia	我要回家
woyaokaiche	我要开车
woyaokandianshi	我要看电视
woyaokandianying	我要看电影
woyaokanshipin	我要看视频
woyaokanshu	我要看书
woyaolianjiewangluo	我要连接网络
woyaoliaotian	我要聊天
woyaomaidongxi	我要买东西
woyaopaizhaopian	我要拍照片
woyaoqubeijing	我要去北京
woyaoquchaoshi	我要去超市
woyaoqugongsi	我要去公司
woyaoquguangzhou	我要去广州
woyaoqushangchang	我要去商场
woyaoqushanghai	我要去上海
woyaoqushenzhen	我要去深圳
woyaoquxuexiao	我要去学校
woyaoquyiyuan	我要去医院
woyaoshangban	我要上班
woyaoshiyongdiannao	我要使用电脑
woyaoshiyongshouji	我要使用手机
woyaoshuijue	我要睡觉
woyaotingyinle	我要听音乐
woyaowanyouxi	我要玩游戏
woyaoxiaban	我要下班
woyaoxiugaishezhi	我要修改设置
woyaoxiuxi	我要休息
woyaoxizao	我要洗澡
woyaoxuexi	我要学习
woyaozuoche	我要坐车
woyaozuofan	我要做饭
woyaozuofeiji	我要坐飞机
woyaozuohuoche	我要坐火车
woyinggai	我应该
wozaigongsi	我在公司
wozaijia	我在家
wozaixuexiao	我在学校
wozhidao	我知道
wozhidaole	我知道了
wozhunbei	我准备
wozhunbeianzhuangruanjian	我准备安装软件
wozhunbeichifan	我准备吃饭
wozhunbeichumen	我准备出门
wozhunbeichuqu	我准备出去
wozhunbeidadianhua	我准备打电话
wozhunbeidakaidiannao	我准备打开电脑
wozhunbeidakairuanjian	我准备打开软件
wozhunbeidayouxi	我准备打游戏
wozhunbeifaweixin	我准备发微信
wozhunbeifaxiaoxi	我准备发消息
wozhunbeigengxinruanjian	我准备更新软件
wozhunbeigongzuo	我准备工作
wozhunbeiguanbiruanjian	我准备关闭软件
wozhunbeiheshui	我准备喝水
wozhunbeihuijia	我准备回家
wozhunbeikaiche	我准备开车
wozhunbeikandianshi	我准备看电视
wozhunbeikandianying	我准备看电影
wozhunbeikanshipin	我准备看视频
wozhunbeikanshu	我准备看书
wozhunbeilianjiewangluo	我准备连接网络
wozhunbeiliaotian	我准备聊天
wozhunbeimaidongxi	我准备买东西
wozhunbeipaizhaopian	我准备拍照片
wozhunbeiqubeijing	我准备去北京
wozhunbeiquchaoshi	我准备去超市
wozhunbeiqugongsi	我准备去公司
wozhunbeiquguangzhou	我准备去广州
wozhunbeiqushangchang	我准备去商场
wozhunbeiqushanghai	我准备去上海
wozhunbeiqushenzhen	我准备去深圳
wozhunbeiquxuexiao	我准备去学校
wozhunbeiquyiyuan	我准备去医院
wozhunbeishangban	我准备上班
wozhunbeishiyongdiannao	我准备使用电脑
wozhunbeishiyongshouji	我准备使用手机
wozhunbeishuijue	我准备睡觉
wozhunbeitingyinle	我准备听音乐
wozhunbeiwanyouxi	我准备玩游戏
wozhunbeixiaban	我准备下班
wozhunbeixiugaishezhi	我准备修改设置
wozhunbeixiuxi	我准备休息
wozhunbeixizao	我准备洗澡
wozhunbeixuexi	我准备学习
wozhunbeizuoche	我准备坐车
wozhunbeizuofan	我准备做饭
wozhunbeizuofeiji	我准备坐飞机
wozhunbeizuohuoche	我准备坐火车
wozoule	我走了
wu	无	物	乌	五	仵	伍	侮	兀	务	勿	午	吴	吾	呜	唔	圬
wufalianjiewangluo	无法连接网络
wufan	午饭
wufaxiazai	无法下载
wuxianwangluo	无线网络
xi	习	僖	兮	吸	唏	喜	嘻	夕	奚	媳	嬉	屣	希	席	徙	息
xia	下	侠	匣	吓	呷	夏	峡	暇	柙	狎	狭	瑕	瞎	硖	罅	虾
xiaban	下班
xiageyue	下个月
xiamian	下面
xian	现	仙	先	冼	县	咸	娴	嫌	宪	岘	弦	掀	显	暹	氙	涎
xiang	想	相	乡	享	像	厢	向	响	巷	庠	橡	湘	祥	箱	缃	翔
xiangjiao	香蕉
xiangmu	项目
xiangyao	想要
xianzai	现在
xianzainianzhuangruanjian	现在你安装软件
xianzainibuxiangchifan	现在你不想吃饭
xianzainibuxiangchumen	现在你不想出门
xianzainibuxiangchuqu	现在你不想出去
xianzainibuxiangdadianhua	现在你不想打电话
xianzainibuxiangdayouxi	现在你不想打游戏
xianzainibuxiangfaweixin	现在你不想发微信
xianzainibuxiangfaxiaoxi	现在你不想发消息
xianzainibuxianggongzuo	现在你不想工作
xianzainibuxiangheshui	现在你不想喝水
xianzainibuxianghuijia	现在你不想回家
xianzainibuxiangkaiche	现在你不想开车
xianzainibuxiangkandianshi	现在你不想看电视
xianzainibuxiangkandianying	现在你不想看电影
xianzainibuxiangkanshipin	现在你不想看视频
xianzainibuxiangkanshu	现在你不想看书
xianzainibuxiangliaotian	现在你不想聊天
xianzainibuxiangmaidongxi	现在你不想买东西
xianzainibuxiangquxuexiao	现在你不想去学校
xianzainibuxiangshangban	现在你不想上班
xianzainibuxiangshuijue	现在你不想睡觉
xianzainibuxiangtingyinle	现在你不想听音乐
xianzainibuxiangwanyouxi	现在你不想玩游戏
xianzainibuxiangxiaban	现在你不想下班
xianzainibuxiangxiuxi	现在你不想休息
xianzainibuxiangxizao	现在你不想洗澡
xianzainibuxiangxuexi	现在你不想学习
xianzainibuxiangzuoche	现在你不想坐车
xianzainibuxiangzuofan	现在你不想做饭
xianzainibuxiangzuofeiji	现在你不想坐飞机
xianzainibuxiangzuohuoche	现在你不想坐火车
xianzainibuyaochifan	现在你不要吃饭
xianzainibuyaochumen	现在你不要出门
xianzainibuyaochuqu	现在你不要出去
xianzainibuyaodadianhua	现在你不要打电话
xianzainibuyaodayouxi	现在你不要打游戏
xianzainibuyaofaweixin	现在你不要发微信
xianzainibuyaofaxiaoxi	现在你不要发消息
xianzainibuyaogongzuo	现在你不要工作
xianzainibuyaoheshui	现在你不要喝水
xianzainibuyaohuijia	现在你不要回家
xianzainibuyaokaiche	现在你不要开车
xianzainibuyaokandianshi	现在你不要看电视
xianzainibuyaokandianying	现在你不要看电影
xianzainibuyaokanshipin	现在你不要看视频
xianzainibuyaokanshu	现在你不要看书
xianzainibuyaoliaotian	现在你不要聊天
xianzainibuyaomaidongxi	现在你不要买东西
xianzainibuyaoquxuexiao	现在你不要去学校
xianzainibuyaoshangban	现在你不要上班
xianzainibuyaoshuijue	现在你不要睡觉
xianzainibuyaotingyinle	现在你不要听音乐
xianzainibuyaowanyouxi	现在你不要玩游戏
xianzainibuyaoxiaban	现在你不要下班
xianzainibuyaoxiuxi	现在你不要休息
xianzainibuyaoxizao	现在你不要洗澡
xianzainibuyaoxuexi	现在你不要学习
xianzainibuyaozuoche	现在你不要坐车
xianzainibuyaozuofan	现在你不要做饭
xianzainibuyaozuofeiji	现在你不要坐飞机
xianzainibuyaozuohuoche	现在你不要坐火车
xianzainichifan	现在你吃饭
xianzainichumen	现在你出门
xianzainichuqu	现在你出去
xianzainidadianhua	现在你打电话
xianzainidakaidiannao	现在你打开电脑
xianzainidakairuanjian	现在你打开软件
xianzainidasuanchifan	现在你打算吃饭
xianzainidasuanchumen	现在你打算出门
xianzainidasuanchuqu	现在你打算出去
xianzainidasuandadianhua	现在你打算打电话
xianzainidasuandayouxi	现在你打算打游戏
xianzainidasuanfaweixin	现在你打算发微信
xianzainidasuanfaxiaoxi	现在你打算发消息
xianzainidasuangongzuo	现在你打算工作
xianzainidasuanheshui	现在你打算喝水
xianzainidasuanhuijia	现在你打算回家
xianzainidasuankaiche	现在你打算开车
xianzainidasuankandianshi	现在你打算看电视
xianzainidasuankandianying	现在你打算看电影
xianzainidasuankanshipin	现在你打算看视频
xianzainidasuankanshu	现在你打算看书
xianzainidasuanliaotian	现在你打算聊天
xianzainidasuanmaidongxi	现在你打算买东西
xianzainidasuanquxuexiao	现在你打算去学校
xianzainidasuanshangban	现在你打算上班
xianzainidasuanshuijue	现在你打算睡觉
xianzainidasuantingyinle	现在你打算听音乐
xianzainidasuanwanyouxi	现在你打算玩游戏
xianzainidasuanxiaban	现在你打算下班
xianzainidasuanxiuxi	现在你打算休息
xianzainidasuanxizao	现在你打算洗澡
xianzainidasuanxuexi	现在你打算学习
xianzainidasuanzuoche	现在你打算坐车
xianzainidasuanzuofan	现在你打算做饭
xianzainidasuanzuofeiji	现在你打算坐飞机
xianzainidasuanzuohuoche	现在你打算坐火车
xianzainidayouxi	现在你打游戏
xianzainifaweixin	现在你发微信
xianzainifaxiaoxi	现在你发消息
xianzainigengxinruanjian	现在你更新软件
xianzainigongzuo	现在你工作
xianzainiguanbiruanjian	现在你关闭软件
xianzainiheshui	现在你喝水
xianzainihuijia	现在你回家
xianzainikaiche	现在你开车
xianzainikandianshi	现在你看电视
xianzainikandianying	现在你看电影
xianzainikanshipin	现在你看视频
xianzainikanshu	现在你看书
xianzainikeyichifan	现在你可以吃饭
xianzainikeyichumen	现在你可以出门
xianzainikeyichuqu	现在你可以出去
xianzainikeyidadianhua	现在你可以打电话
xianzainikeyidayouxi	现在你可以打游戏
xianzainikeyifaweixin	现在你可以发微信
xianzainikeyifaxiaoxi	现在你可以发消息
xianzainikeyigongzuo	现在你可以工作
xianzainikeyiheshui	现在你可以喝水
xianzainikeyihuijia	现在你可以回家
xianzainikeyikaiche	现在你可以开车
xianzainikeyikandianshi	现在你可以看电视
xianzainikeyikandianying	现在你可以看电影
xianzainikeyikanshipin	现在你可以看视频
xianzainikeyikanshu	现在你可以看书
xianzainikeyiliaotian	现在你可以聊天
xianzainikeyimaidongxi	现在你可以买东西
xianzainikeyiquxuexiao	现在你可以去学校
xianzainikeyishangban	现在你可以上班
xianzainikeyishuijue	现在你可以睡觉
xianzainikeyitingyinle	现在你可以听音乐
xianzainikeyiwanyouxi	现在你可以玩游戏
xianzainikeyixiaban	现在你可以下班
xianzainikeyixiuxi	现在你可以休息
xianzainikeyixizao	现在你可以洗澡
xianzainikeyixuexi	现在你可以学习
xianzainikeyizuoche	现在你可以坐车
xianzainikeyizuofan	现在你可以做饭
xianzainikeyizuofeiji	现在你可以坐飞机
xianzainikeyizuohuoche	现在你可以坐火车
xianzainilianjiewangluo	现在你连接网络
xianzainiliaotian	现在你聊天
xianzainimaidongxi	现在你买东西
xianzaininengchifan	现在你能吃饭
xianzaininengchumen	现在你能出门
xianzaininengchuqu	现在你能出去
xianzaininengdadianhua	现在你能打电话
xianzaininengdayouxi	现在你能打游戏
xianzaininengfaweixin	现在你能发微信
xianzaininengfaxiaoxi	现在你能发消息
xianzaininenggongzuo	现在你能工作
xianzaininengheshui	现在你能喝水
xianzaininenghuijia	现在你能回家
xianzaininengkaiche	现在你能开车
xianzaininengkandianshi	现在你能看电视
xianzaininengkandianying	现在你能看电影
xianzaininengkanshipin	现在你能看视频
xianzaininengkanshu	现在你能看书
xianzaininengliaotian	现在你能聊天
xianzaininengmaidongxi	现在你能买东西
xianzaininengquxuexiao	现在你能去学校
xianzaininengshangban	现在你能上班
xianzaininengshuijue	现在你能睡觉
xianzaininengtingyinle	现在你能听音乐
xianzaininengwanyouxi	现在你能玩游戏
xianzaininengxiaban	现在你能下班
xianzaininengxiuxi	现在你能休息
xianzaininengxizao	现在你能洗澡
xianzaininengxuexi	现在你能学习
xianzaininengzuoche	现在你能坐车
xianzaininengzuofan	现在你能做饭
xianzaininengzuofeiji	现在你能坐飞机
xianzaininengzuohuoche	现在你能坐火车
xianzainipaizhaopian	现在你拍照片
xianzainiqubeijing	现在你去北京
xianzainiquchaoshi	现在你去超市
xianzainiqugongsi	现在你去公司
xianzainiquguangzhou	现在你去广州
xianzainiqushangchang	现在你去商场
xianzainiqushanghai	现在你去上海
xianzainiqushenzhen	现在你去深圳
xianzainiquxuexiao	现在你去学校
xianzainiquyiyuan	现在你去医院
xianzainishangban	现在你上班
xianzainishiyongdiannao	现在你使用电脑
xianzainishiyongshouji	现在你使用手机
xianzainishuijue	现在你睡觉
xianzainitingyinle	现在你听音乐
xianzainiwanyouxi	现在你玩游戏
xianzainixiaban	现在你下班
xianzainixiangchifan	现在你想吃饭
xianzainixiangchumen	现在你想出门
xianzainixiangchuqu	现在你想出去
xianzainixiangdadianhua	现在你想打电话
xianzainixiangdayouxi	现在你想打游戏
xianzainixiangfaweixin	现在你想发微信
xianzainixiangfaxiaoxi	现在你想发消息
xianzainixianggongzuo	现在你想工作
xianzainixiangheshui	现在你想喝水
xianzainixianghuijia	现在你想回家
xianzainixiangkaiche	现在你想开车
xianzainixiangkandianshi	现在你想看电视
xianzainixiangkandianying	现在你想看电影
xianzainixiangkanshipin	现在你想看视频
xianzainixiangkanshu	现在你想看书
xianzainixiangliaotian	现在你想聊天
xianzainixiangmaidongxi	现在你想买东西
xianzainixiangquxuexiao	现在你想去学校
xianzainixiangshangban	现在你想上班
xianzainixiangshuijue	现在你想睡觉
xianzainixiangtingyinle	现在你想听音乐
xianzainixiangwanyouxi	现在你想玩游戏
xianzainixiangxiaban	现在你想下班
xianzainixiangxiuxi	现在你想休息
xianzainixiangxizao	现在你想洗澡
xianzainixiangxuexi	现在你想学习
xianzainixiangyaochifan	现在你想要吃饭
xianzainixiangyaochumen	现在你想要出门
xianzainixiangyaochuqu	现在你想要出去
xianzainixiangyaodadianhua	现在你想要打电话
xianzainixiangyaodayouxi	现在你想要打游戏
xianzainixiangyaofaweixin	现在你想要发微信
xianzainixiangyaofaxiaoxi	现在你想要发消息
xianzainixiangyaogongzuo	现在你想要工作
xianzainixiangyaoheshui	现在你想要喝水
xianzainixiangyaohuijia	现在你想要回家
xianzainixiangyaokaiche	现在你想要开车
xianzainixiangyaokandianshi	现在你想要看电视
xianzainixiangyaokandianying	现在你想要看电影
xianzainixiangyaokanshipin	现在你想要看视频
xianzainixiangyaokanshu	现在你想要看书
xianzainixiangyaoliaotian	现在你想要聊天
xianzainixiangyaomaidongxi	现在你想要买东西
xianzainixiangyaoquxuexiao	现在你想要去学校
xianzainixiangyaoshangban	现在你想要上班
xianzainixiangyaoshuijue	现在你想要睡觉
xianzainixiangyaotingyinle	现在你想要听音乐
xianzainixiangyaowanyouxi	现在你想要玩游戏
xianzainixiangyaoxiaban	现在你想要下班
xianzainixiangyaoxiuxi	现在你想要休息
xianzainixiangyaoxizao	现在你想要洗澡
xianzainixiangyaoxuexi	现在你想要学习
xianzainixiangyaozuoche	现在你想要坐车
xianzainixiangyaozuofan	现在你想要做饭
xianzainixiangyaozuofeiji	现在你想要坐飞机
xianzainixiangyaozuohuoche	现在你想要坐火车
xianzainixiangzuoche	现在你想坐车
xianzainixiangzuofan	现在你想做饭
xianzainixiangzuofeiji	现在你想坐飞机
xianzainixiangzuohuoche	现在你想坐火车
xianzainixiugaishezhi	现在你修改设置
xianzainixiuxi	现在你休息
xianzainixizao	现在你洗澡
xianzainixuexi	现在你学习
xianzainixuyaochifan	现在你需要吃饭
xianzainixuyaochumen	现在你需要出门
xianzainixuyaochuqu	现在你需要出去
xianzainixuyaodadianhua	现在你需要打电话
xianzainixuyaodayouxi	现在你需要打游戏
xianzainixuyaofaweixin	现在你需要发微信
xianzainixuyaofaxiaoxi	现在你需要发消息
xianzainixuyaogongzuo	现在你需要工作
xianzainixuyaoheshui	现在你需要喝水
xianzainixuyaohuijia	现在你需要回家
xianzainixuyaokaiche	现在你需要开车
xianzainixuyaokandianshi	现在你需要看电视
xianzainixuyaokandianying	现在你需要看电影
xianzainixuyaokanshipin	现在你需要看视频
xianzainixuyaokanshu	现在你需要看书
xianzainixuyaoliaotian	现在你需要聊天
xianzainixuyaomaidongxi	现在你需要买东西
xianzainixuyaoquxuexiao	现在你需要去学校
xianzainixuyaoshangban	现在你需要上班
xianzainixuyaoshuijue	现在你需要睡觉
xianzainixuyaotingyinle	现在你需要听音乐
xianzainixuyaowanyouxi	现在你需要玩游戏
xianzainixuyaoxiaban	现在你需要下班
xianzainixuyaoxiuxi	现在你需要休息
xianzainixuyaoxizao	现在你需要洗澡
xianzainixuyaoxuexi	现在你需要学习
xianzainixuyaozuoche	现在你需要坐车
xianzainixuyaozuofan	现在你需要做饭
xianzainixuyaozuofeiji	现在你需要坐飞机
xianzainixuyaozuohuoche	现在你需要坐火车
xianzainiyaochifan	现在你要吃饭
xianzainiyaochumen	现在你要出门
xianzainiyaochuqu	现在你要出去
xianzainiyaodadianhua	现在你要打电话
xianzainiyaodayouxi	现在你要打游戏
xianzainiyaofaweixin	现在你要发微信
xianzainiyaofaxiaoxi	现在你要发消息
xianzainiyaogongzuo	现在你要工作
xianzainiyaoheshui	现在你要喝水
xianzainiyaohuijia	现在你要回家
xianzainiyaokaiche	现在你要开车
xianzainiyaokandianshi	现在你要看电视
xianzainiyaokandianying	现在你要看电影
xianzainiyaokanshipin	现在你要看视频
xianzainiyaokanshu	现在你要看书
xianzainiyaoliaotian	现在你要聊天
xianzainiyaomaidongxi	现在你要买东西
xianzainiyaoquxuexiao	现在你要去学校
xianzainiyaoshangban	现在你要上班
xianzainiyaoshuijue	现在你要睡觉
xianzainiyaotingyinle	现在你要听音乐
xianzainiyaowanyouxi	现在你要玩游戏
xianzainiyaoxiaban	现在你要下班
xianzainiyaoxiuxi	现在你要休息
xianzainiyaoxizao	现在你要洗澡
xianzainiyaoxuexi	现在你要学习
xianzainiyaozuoche	现在你要坐车
xianzainiyaozuofan	现在你要做饭
xianzainiyaozuofeiji	现在你要坐飞机
xianzainiyaozuohuoche	现在你要坐火车
xianzainizhunbeichifan	现在你准备吃饭
xianzainizhunbeichumen	现在你准备出门
xianzainizhunbeichuqu	现在你准备出去
xianzainizhunbeidadianhua	现在你准备打电话
xianzainizhunbeidayouxi	现在你准备打游戏
xianzainizhunbeifaweixin	现在你准备发微信
xianzainizhunbeifaxiaoxi	现在你准备发消息
xianzainizhunbeigongzuo	现在你准备工作
xianzainizhunbeiheshui	现在你准备喝水
xianzainizhunbeihuijia	现在你准备回家
xianzainizhunbeikaiche	现在你准备开车
xianzainizhunbeikandianshi	现在你准备看电视
xianzainizhunbeikandianying	现在你准备看电影
xianzainizhunbeikanshipin	现在你准备看视频
xianzainizhunbeikanshu	现在你准备看书
xianzainizhunbeiliaotian	现在你准备聊天
xianzainizhunbeimaidongxi	现在你准备买东西
xianzainizhunbeiquxuexiao	现在你准备去学校
xianzainizhunbeishangban	现在你准备上班
xianzainizhunbeishuijue	现在你准备睡觉
xianzainizhunbeitingyinle	现在你准备听音乐
xianzainizhunbeiwanyouxi	现在你准备玩游戏
xianzainizhunbeixiaban	现在你准备下班
xianzainizhunbeixiuxi	现在你准备休息
xianzainizhunbeixizao	现在你准备洗澡
xianzainizhunbeixuexi	现在你准备学习
xianzainizhunbeizuoche	现在你准备坐车
xianzainizhunbeizuofan	现在你准备做饭
xianzainizhunbeizuofeiji	现在你准备坐飞机
xianzainizhunbeizuohuoche	现在你准备坐火车
xianzainizuoche	现在你坐车
xianzainizuofan	现在你做饭
xianzainizuofeiji	现在你坐飞机
xianzainizuohuoche	现在你坐火车
xianzaitaanzhuangruanjian	现在他安装软件
xianzaitabuxiangchifan	现在他不想吃饭
xianzaitabuxiangchumen	现在他不想出门
xianzaitabuxiangchuqu	现在他不想出去
xianzaitabuxiangdadianhua	现在他不想打电话
xianzaitabuxiangdayouxi	现在他不想打游戏
xianzaitabuxiangfaweixin	现在他不想发微信
xianzaitabuxiangfaxiaoxi	现在他不想发消息
xianzaitabuxianggongzuo	现在他不想工作
xianzaitabuxiangheshui	现在他不想喝水
xianzaitabuxianghuijia	现在他不想回家
xianzaitabuxiangkaiche	现在他不想开车
xianzaitabuxiangkandianshi	现在他不想看电视
xianzaitabuxiangkandianying	现在他不想看电影
xianzaitabuxiangkanshipin	现在他不想看视频
xianzaitabuxiangkanshu	现在他不想看书
xianzaitabuxiangliaotian	现在他不想聊天
xianzaitabuxiangmaidongxi	现在他不想买东西
xianzaitabuxiangquxuexiao	现在他不想去学校
xianzaitabuxiangshangban	现在他不想上班
xianzaitabuxiangshuijue	现在他不想睡觉
xianzaitabuxiangtingyinle	现在他不想听音乐
xianzaitabuxiangwanyouxi	现在他不想玩游戏
xianzaitabuxiangxiaban	现在他不想下班
xianzaitabuxiangxiuxi	现在他不想休息
xianzaitabuxiangxizao	现在他不想洗澡
xianzaitabuxiangxuexi	现在他不想学习
xianzaitabuxiangzuoche	现在他不想坐车
xianzaitabuxiangzuofan	现在他不想做饭
xianzaitabuxiangzuofeiji	现在他不想坐飞机
xianzaitabuxiangzuohuoche	现在他不想坐火车
xianzaitabuyaochifan	现在他不要吃饭
xianzaitabuyaochumen	现在他不要出门
xianzaitabuyaochuqu	现在他不要出去
xianzaitabuyaodadianhua	现在他不要打电话
xianzaitabuyaodayouxi	现在他不要打游戏
xianzaitabuyaofaweixin	现在他不要发微信
xianzaitabuyaofaxiaoxi	现在他不要发消息
xianzaitabuyaogongzuo	现在他不要工作
xianzaitabuyaoheshui	现在他不要喝水
xianzaitabuyaohuijia	现在他不要回家
xianzaitabuyaokaiche	现在他不要开车
xianzaitabuyaokandianshi	现在他不要看电视
xianzaitabuyaokandianying	现在他不要看电影
xianzaitabuyaokanshipin	现在他不要看视频
xianzaitabuyaokanshu	现在他不要看书
xianzaitabuyaoliaotian	现在他不要聊天
xianzaitabuyaomaidongxi	现在他不要买东西
xianzaitabuyaoquxuexiao	现在他不要去学校
xianzaitabuyaoshangban	现在他不要上班
xianzaitabuyaoshuijue	现在他不要睡觉
xianzaitabuyaotingyinle	现在他不要听音乐
xianzaitabuyaowanyouxi	现在他不要玩游戏
xianzaitabuyaoxiaban	现在他不要下班
xianzaitabuyaoxiuxi	现在他不要休息
xianzaitabuyaoxizao	现在他不要洗澡
xianzaitabuyaoxuexi	现在他不要学习
xianzaitabuyaozuoche	现在他不要坐车
xianzaitabuyaozuofan	现在他不要做饭
xianzaitabuyaozuofeiji	现在他不要坐飞机
xianzaitabuyaozuohuoche	现在他不要坐火车
xianzaitachifan	现在他吃饭
xianzaitachumen	现在他出门
xianzaitachuqu	现在他出去
xianzaitadadianhua	现在他打电话
xianzaitadakaidiannao	现在他打开电脑
xianzaitadakairuanjian	现在他打开软件
xianzaitadasuanchifan	现在他打算吃饭
xianzaitadasuanchumen	现在他打算出门
xianzaitadasuanchuqu	现在他打算出去
xianzaitadasuandadianhua	现在他打算打电话
xianzaitadasuandayouxi	现在他打算打游戏
xianzaitadasuanfaweixin	现在他打算发微信
xianzaitadasuanfaxiaoxi	现在他打算发消息
xianzaitadasuangongzuo	现在他打算工作
xianzaitadasuanheshui	现在他打算喝水
xianzaitadasuanhuijia	现在他打算回家
xianzaitadasuankaiche	现在他打算开车
xianzaitadasuankandianshi	现在他打算看电视
xianzaitadasuankandianying	现在他打算看电影
xianzaitadasuankanshipin	现在他打算看视频
xianzaitadasuankanshu	现在他打算看书
xianzaitadasuanliaotian	现在他打算聊天
xianzaitadasuanmaidongxi	现在他打算买东西
xianzaitadasuanquxuexiao	现在他打算去学校
xianzaitadasuanshangban	现在他打算上班
xianzaitadasuanshuijue	现在他打算睡觉
xianzaitadasuantingyinle	现在他打算听音乐
xianzaitadasuanwanyouxi	现在他打算玩游戏
xianzaitadasuanxiaban	现在他打算下班
xianzaitadasuanxiuxi	现在他打算休息
xianzaitadasuanxizao	现在他打算洗澡
xianzaitadasuanxuexi	现在他打算学习
xianzaitadasuanzuoche	现在他打算坐车
xianzaitadasuanzuofan	现在他打算做饭
xianzaitadasuanzuofeiji	现在他打算坐飞机
xianzaitadasuanzuohuoche	现在他打算坐火车
xianzaitadayouxi	现在他打游戏
xianzaitafaweixin	现在他发微信
xianzaitafaxiaoxi	现在他发消息
xianzaitagengxinruanjian	现在他更新软件
xianzaitagongzuo	现在他工作
xianzaitaguanbiruanjian	现在他关闭软件
xianzaitaheshui	现在他喝水
xianzaitahuijia	现在他回家
xianzaitakaiche	现在他开车
xianzaitakandianshi	现在他看电视
xianzaitakandianying	现在他看电影
xianzaitakanshipin	现在他看视频
xianzaitakanshu	现在他看书
xianzaitakeyichifan	现在他可以吃饭
xianzaitakeyichumen	现在他可以出门
xianzaitakeyichuqu	现在他可以出去
xianzaitakeyidadianhua	现在他可以打电话
xianzaitakeyidayouxi	现在他可以打游戏
xianzaitakeyifaweixin	现在他可以发微信
xianzaitakeyifaxiaoxi	现在他可以发消息
xianzaitakeyigongzuo	现在他可以工作
xianzaitakeyiheshui	现在他可以喝水
xianzaitakeyihuijia	现在他可以回家
xianzaitakeyikaiche	现在他可以开车
xianzaitakeyikandianshi	现在他可以看电视
xianzaitakeyikandianying	现在他可以看电影
xianzaitakeyikanshipin	现在他可以看视频
xianzaitakeyikanshu	现在他可以看书
xianzaitakeyiliaotian	现在他可以聊天
xianzaitakeyimaidongxi	现在他可以买东西
xianzaitakeyiquxuexiao	现在他可以去学校
xianzaitakeyishangban	现在他可以上班
xianzaitakeyishuijue	现在他可以睡觉
xianzaitakeyitingyinle	现在他可以听音乐
xianzaitakeyiwanyouxi	现在他可以玩游戏
xianzaitakeyixiaban	现在他可以下班
xianzaitakeyixiuxi	现在他可以休息
xianzaitakeyixizao	现在他可以洗澡
xianzaitakeyixuexi	现在他可以学习
xianzaitakeyizuoche	现在他可以坐车
xianzaitakeyizuofan	现在他可以做饭
xianzaitakeyizuofeiji	现在他可以坐飞机
xianzaitakeyizuohuoche	现在他可以坐火车
xianzaitalianjiewangluo	现在他连接网络
xianzaitaliaotian	现在他聊天
xianzaitamaidongxi	现在他买东西
xianzaitanengchifan	现在他能吃饭
xianzaitanengchumen	现在他能出门
xianzaitanengchuqu	现在他能出去
xianzaitanengdadianhua	现在他能打电话
xianzaitanengdayouxi	现在他能打游戏
xianzaitanengfaweixin	现在他能发微信
xianzaitanengfaxiaoxi	现在他能发消息
xianzaitanenggongzuo	现在他能工作
xianzaitanengheshui	现在他能喝水
xianzaitanenghuijia	现在他能回家
xianzaitanengkaiche	现在他能开车
xianzaitanengkandianshi	现在他能看电视
xianzaitanengkandianying	现在他能看电影
xianzaitanengkanshipin	现在他能看视频
xianzaitanengkanshu	现在他能看书
xianzaitanengliaotian	现在他能聊天
xianzaitanengmaidongxi	现在他能买东西
xianzaitanengquxuexiao	现在他能去学校
xianzaitanengshangban	现在他能上班
xianzaitanengshuijue	现在他能睡觉
xianzaitanengtingyinle	现在他能听音乐
xianzaitanengwanyouxi	现在他能玩游戏
xianzaitanengxiaban	现在他能下班
xianzaitanengxiuxi	现在他能休息
xianzaitanengxizao	现在他能洗澡
xianzaitanengxuexi	现在他能学习
xianzaitanengzuoche	现在他能坐车
xianzaitanengzuofan	现在他能做饭
xianzaitanengzuofeiji	现在他能坐飞机
xianzaitanengzuohuoche	现在他能坐火车
xianzaitapaizhaopian	现在他拍照片
xianzaitaqubeijing	现在他去北京
xianzaitaquchaoshi	现在他去超市
xianzaitaqugongsi	现在他去公司
xianzaitaquguangzhou	现在他去广州
xianzaitaqushangchang	现在他去商场
xianzaitaqushanghai	现在他去上海
xianzaitaqushenzhen	现在他去深圳
xianzaitaquxuexiao	现在他去学校
xianzaitaquyiyuan	现在他去医院
xianzaitashangban	现在他上班
xianzaitashiyongdiannao	现在他使用电脑
xianzaitashiyongshouji	现在他使用手机
xianzaitashuijue	现在他睡觉
xianzaitatingyinle	现在他听音乐
xianzaitawanyouxi	现在他玩游戏
xianzaitaxiaban	现在他下班
xianzaitaxiangchifan	现在他想吃饭
xianzaitaxiangchumen	现在他想出门
xianzaitaxiangchuqu	现在他想出去
xianzaitaxiangdadianhua	现在他想打电话
xianzaitaxiangdayouxi	现在他想打游戏
xianzaitaxiangfaweixin	现在他想发微信
xianzaitaxiangfaxiaoxi	现在他想发消息
xianzaitaxianggongzuo	现在他想工作
xianzaitaxiangheshui	现在他想喝水
xianzaitaxianghuijia	现在他想回家
xianzaitaxiangkaiche	现在他想开车
xianzaitaxiangkandianshi	现在他想看电视
xianzaitaxiangkandianying	现在他想看电影
xianzaitaxiangkanshipin	现在他想看视频
xianzaitaxiangkanshu	现在他想看书
xianzaitaxiangliaotian	现在他想聊天
xianzaitaxiangmaidongxi	现在他想买东西
xianzaitaxiangquxuexiao	现在他想去学校
xianzaitaxiangshangban	现在他想上班
xianzaitaxiangshuijue	现在他想睡觉
xianzaitaxiangtingyinle	现在他想听音乐
xianzaitaxiangwanyouxi	现在他想玩游戏
xianzaitaxiangxiaban	现在他想下班
xianzaitaxiangxiuxi	现在他想休息
xianzaitaxiangxizao	现在他想洗澡
xianzaitaxiangxuexi	现在他想学习
xianzaitaxiangyaochifan	现在他想要吃饭
xianzaitaxiangyaochumen	现在他想要出门
xianzaitaxiangyaochuqu	现在他想要出去
xianzaitaxiangyaodadianhua	现在他想要打电话
xianzaitaxiangyaodayouxi	现在他想要打游戏
xianzaitaxiangyaofaweixin	现在他想要发微信
xianzaitaxiangyaofaxiaoxi	现在他想要发消息
xianzaitaxiangyaogongzuo	现在他想要工作
xianzaitaxiangyaoheshui	现在他想要喝水
xianzaitaxiangyaohuijia	现在他想要回家
xianzaitaxiangyaokaiche	现在他想要开车
xianzaitaxiangyaokandianshi	现在他想要看电视
xianzaitaxiangyaokandianying	现在他想要看电影
xianzaitaxiangyaokanshipin	现在他想要看视频
xianzaitaxiangyaokanshu	现在他想要看书
xianzaitaxiangyaoliaotian	现在他想要聊天
xianzaitaxiangyaomaidongxi	现在他想要买东西
xianzaitaxiangyaoquxuexiao	现在他想要去学校
xianzaitaxiangyaoshangban	现在他想要上班
xianzaitaxiangyaoshuijue	现在他想要睡觉
xianzaitaxiangyaotingyinle	现在他想要听音乐
xianzaitaxiangyaowanyouxi	现在他想要玩游戏
xianzaitaxiangyaoxiaban	现在他想要下班
xianzaitaxiangyaoxiuxi	现在他想要休息
xianzaitaxiangyaoxizao	现在他想要洗澡
xianzaitaxiangyaoxuexi	现在他想要学习
xianzaitaxiangyaozuoche	现在他想要坐车
xianzaitaxiangyaozuofan	现在他想要做饭
xianzaitaxiangyaozuofeiji	现在他想要坐飞机
xianzaitaxiangyaozuohuoche	现在他想要坐火车
xianzaitaxiangzuoche	现在他想坐车
xianzaitaxiangzuofan	现在他想做饭
xianzaitaxiangzuofeiji	现在他想坐飞机
xianzaitaxiangzuohuoche	现在他想坐火车
xianzaitaxiugaishezhi	现在他修改设置
xianzaitaxiuxi	现在他休息
xianzaitaxizao	现在他洗澡
xianzaitaxuexi	现在他学习
xianzaitaxuyaochifan	现在他需要吃饭
xianzaitaxuyaochumen	现在他需要出门
xianzaitaxuyaochuqu	现在他需要出去
xianzaitaxuyaodadianhua	现在他需要打电话
xianzaitaxuyaodayouxi	现在他需要打游戏
xianzaitaxuyaofaweixin	现在他需要发微信
xianzaitaxuyaofaxiaoxi	现在他需要发消息
xianzaitaxuyaogongzuo	现在他需要工作
xianzaitaxuyaoheshui	现在他需要喝水
xianzaitaxuyaohuijia	现在他需要回家
xianzaitaxuyaokaiche	现在他需要开车
xianzaitaxuyaokandianshi	现在他需要看电视
xianzaitaxuyaokandianying	现在他需要看电影
xianzaitaxuyaokanshipin	现在他需要看视频
xianzaitaxuyaokanshu	现在他需要看书
xianzaitaxuyaoliaotian	现在他需要聊天
xianzaitaxuyaomaidongxi	现在他需要买东西
xianzaitaxuyaoquxuexiao	现在他需要去学校
xianzaitaxuyaoshangban	现在他需要上班
xianzaitaxuyaoshuijue	现在他需要睡觉
xianzaitaxuyaotingyinle	现在他需要听音乐
xianzaitaxuyaowanyouxi	现在他需要玩游戏
xianzaitaxuyaoxiaban	现在他需要下班
xianzaitaxuyaoxiuxi	现在他需要休息
xianzaitaxuyaoxizao	现在他需要洗澡
xianzaitaxuyaoxuexi	现在他需要学习
xianzaitaxuyaozuoche	现在他需要坐车
xianzaitaxuyaozuofan	现在他需要做饭
xianzaitaxuyaozuofeiji	现在他需要坐飞机
xianzaitaxuyaozuohuoche	现在他需要坐火车
xianzaitayaochifan	现在他要吃饭
xianzaitayaochumen	现在他要出门
xianzaitayaochuqu	现在他要出去
xianzaitayaodadianhua	现在他要打电话
xianzaitayaodayouxi	现在他要打游戏
xianzaitayaofaweixin	现在他要发微信
xianzaitayaofaxiaoxi	现在他要发消息
xianzaitayaogongzuo	现在他要工作
xianzaitayaoheshui	现在他要喝水
xianzaitayaohuijia	现在他要回家
xianzaitayaokaiche	现在他要开车
xianzaitayaokandianshi	现在他要看电视
xianzaitayaokandianying	现在他要看电影
xianzaitayaokanshipin	现在他要看视频
xianzaitayaokanshu	现在他要看书
xianzaitayaoliaotian	现在他要聊天
xianzaitayaomaidongxi	现在他要买东西
xianzaitayaoquxuexiao	现在他要去学校
xianzaitayaoshangban	现在他要上班
xianzaitayaoshuijue	现在他要睡觉
xianzaitayaotingyinle	现在他要听音乐
xianzaitayaowanyouxi	现在他要玩游戏
xianzaitayaoxiaban	现在他要下班
xianzaitayaoxiuxi	现在他要休息
xianzaitayaoxizao	现在他要洗澡
xianzaitayaoxuexi	现在他要学习
xianzaitayaozuoche	现在他要坐车
xianzaitayaozuofan	现在他要做饭
xianzaitayaozuofeiji	现在他要坐飞机
xianzaitayaozuohuoche	现在他要坐火车
xianzaitazhunbeichifan	现在他准备吃饭
xianzaitazhunbeichumen	现在他准备出门
xianzaitazhunbeichuqu	现在他准备出去
xianzaitazhunbeidadianhua	现在他准备打电话
xianzaitazhunbeidayouxi	现在他准备打游戏
xianzaitazhunbeifaweixin	现在他准备发微信
xianzaitazhunbeifaxiaoxi	现在他准备发消息
xianzaitazhunbeigongzuo	现在他准备工作
xianzaitazhunbeiheshui	现在他准备喝水
xianzaitazhunbeihuijia	现在他准备回家
xianzaitazhunbeikaiche	现在他准备开车
xianzaitazhunbeikandianshi	现在他准备看电视
xianzaitazhunbeikandianying	现在他准备看电影
xianzaitazhunbeikanshipin	现在他准备看视频
xianzaitazhunbeikanshu	现在他准备看书
xianzaitazhunbeiliaotian	现在他准备聊天
xianzaitazhunbeimaidongxi	现在他准备买东西
xianzaitazhunbeiquxuexiao	现在他准备去学校
xianzaitazhunbeishangban	现在他准备上班
xianzaitazhunbeishuijue	现在他准备睡觉
xianzaitazhunbeitingyinle	现在他准备听音乐
xianzaitazhunbeiwanyouxi	现在他准备玩游戏
xianzaitazhunbeixiaban	现在他准备下班
xianzaitazhunbeixiuxi	现在他准备休息
xianzaitazhunbeixizao	现在他准备洗澡
xianzaitazhunbeixuexi	现在他准备学习
xianzaitazhunbeizuoche	现在他准备坐车
xianzaitazhunbeizuofan	现在他准备做饭
xianzaitazhunbeizuofeiji	现在他准备坐飞机
xianzaitazhunbeizuohuoche	现在他准备坐火车
xianzaitazuoche	现在他坐车
xianzaitazuofan	现在他做饭
xianzaitazuofeiji	现在他坐飞机
xianzaitazuohuoche	现在他坐火车
xianzaiwoanzhuangruanjian	现在我安装软件
xianzaiwobuxiangchifan	现在我不想吃饭
xianzaiwobuxiangchumen	现在我不想出门
xianzaiwobuxiangchuqu	现在我不想出去
xianzaiwobuxiangdadianhua	现在我不想打电话
xianzaiwobuxiangdayouxi	现在我不想打游戏
xianzaiwobuxiangfaweixin	现在我不想发微信
xianzaiwobuxiangfaxiaoxi	现在我不想发消息
xianzaiwobuxianggongzuo	现在我不想工作
xianzaiwobuxiangheshui	现在我不想喝水
xianzaiwobuxianghuijia	现在我不想回家
xianzaiwobuxiangkaiche	现在我不想开车
xianzaiwobuxiangkandianshi	现在我不想看电视
xianzaiwobuxiangkandianying	现在我不想看电影
xianzaiwobuxiangkanshipin	现在我不想看视频
xianzaiwobuxiangkanshu	现在我不想看书
xianzaiwobuxiangliaotian	现在我不想聊天
xianzaiwobuxiangmaidongxi	现在我不想买东西
xianzaiwobuxiangquxuexiao	现在我不想去学校
xianzaiwobuxiangshangban	现在我不想上班
xianzaiwobuxiangshuijue	现在我不想睡觉
xianzaiwobuxiangtingyinle	现在我不想听音乐
xianzaiwobuxiangwanyouxi	现在我不想玩游戏
xianzaiwobuxiangxiaban	现在我不想下班
xianzaiwobuxiangxiuxi	现在我不想休息
xianzaiwobuxiangxizao	现在我不想洗澡
xianzaiwobuxiangxuexi	现在我不想学习
xianzaiwobuxiangzuoche	现在我不想坐车
xianzaiwobuxiangzuofan	现在我不想做饭
xianzaiwobuxiangzuofeiji	现在我不想坐飞机
xianzaiwobuxiangzuohuoche	现在我不想坐火车
xianzaiwobuyaochifan	现在我不要吃饭
xianzaiwobuyaochumen	现在我不要出门
xianzaiwobuyaochuqu	现在我不要出去
xianzaiwobuyaodadianhua	现在我不要打电话
xianzaiwobuyaodayouxi	现在我不要打游戏
xianzaiwobuyaofaweixin	现在我不要发微信
xianzaiwobuyaofaxiaoxi	现在我不要发消息
xianzaiwobuyaogongzuo	现在我不要工作
xianzaiwobuyaoheshui	现在我不要喝水
xianzaiwobuyaohuijia	现在我不要回家
xianzaiwobuyaokaiche	现在我不要开车
xianzaiwobuyaokandianshi	现在我不要看电视
xianzaiwobuyaokandianying	现在我不要看电影
xianzaiwobuyaokanshipin	现在我不要看视频
xianzaiwobuyaokanshu	现在我不要看书
xianzaiwobuyaoliaotian	现在我不要聊天
xianzaiwobuyaomaidongxi	现在我不要买东西
xianzaiwobuyaoquxuexiao	现在我不要去学校
xianzaiwobuyaoshangban	现在我不要上班
xianzaiwobuyaoshuijue	现在我不要睡觉
xianzaiwobuyaotingyinle	现在我不要听音乐
xianzaiwobuyaowanyouxi	现在我不要玩游戏
xianzaiwobuyaoxiaban	现在我不要下班
xianzaiwobuyaoxiuxi	现在我不要休息
xianzaiwobuyaoxizao	现在我不要洗澡
xianzaiwobuyaoxuexi	现在我不要学习
xianzaiwobuyaozuoche	现在我不要坐车
xianzaiwobuyaozuofan	现在我不要做饭
xianzaiwobuyaozuofeiji	现在我不要坐飞机
xianzaiwobuyaozuohuoche	现在我不要坐火车
xianzaiwochifan	现在我吃饭
xianzaiwochumen	现在我出门
xianzaiwochuqu	现在我出去
xianzaiwodadianhua	现在我打电话
xianzaiwodakaidiannao	现在我打开电脑
xianzaiwodakairuanjian	现在我打开软件
xianzaiwodasuanchifan	现在我打算吃饭
xianzaiwodasuanchumen	现在我打算出门
xianzaiwodasuanchuqu	现在我打算出去
xianzaiwodasuandadianhua	现在我打算打电话
xianzaiwodasuandayouxi	现在我打算打游戏
xianzaiwodasuanfaweixin	现在我打算发微信
xianzaiwodasuanfaxiaoxi	现在我打算发消息
xianzaiwodasuangongzuo	现在我打算工作
xianzaiwodasuanheshui	现在我打算喝水
xianzaiwodasuanhuijia	现在我打算回家
xianzaiwodasuankaiche	现在我打算开车
xianzaiwodasuankandianshi	现在我打算看电视
xianzaiwodasuankandianying	现在我打算看电影
xianzaiwodasuankanshipin	现在我打算看视频
xianzaiwodasuankanshu	现在我打算看书
xianzaiwodasuanliaotian	现在我打算聊天
xianzaiwodasuanmaidongxi	现在我打算买东西
xianzaiwodasuanquxuexiao	现在我打算去学校
xianzaiwodasuanshangban	现在我打算上班
xianzaiwodasuanshuijue	现在我打算睡觉
xianzaiwodasuantingyinle	现在我打算听音乐
xianzaiwodasuanwanyouxi	现在我打算玩游戏
xianzaiwodasuanxiaban	现在我打算下班
xianzaiwodasuanxiuxi	现在我打算休息
xianzaiwodasuanxizao	现在我打算洗澡
xianzaiwodasuanxuexi	现在我打算学习
xianzaiwodasuanzuoche	现在我打算坐车
xianzaiwodasuanzuofan	现在我打算做饭
xianzaiwodasuanzuofeiji	现在我打算坐飞机
xianzaiwodasuanzuohuoche	现在我打算坐火车
xianzaiwodayouxi	现在我打游戏
xianzaiwofaweixin	现在我发微信
xianzaiwofaxiaoxi	现在我发消息
xianzaiwogengxinruanjian	现在我更新软件
xianzaiwogongzuo	现在我工作
xianzaiwoguanbiruanjian	现在我关闭软件
xianzaiwoheshui	现在我喝水
xianzaiwohuijia	现在我回家
xianzaiwokaiche	现在我开车
xianzaiwokandianshi	现在我看电视
xianzaiwokandianying	现在我看电影
xianzaiwokanshipin	现在我看视频
xianzaiwokanshu	现在我看书
xianzaiwokeyichifan	现在我可以吃饭
xianzaiwokeyichumen	现在我可以出门
xianzaiwokeyichuqu	现在我可以出去
xianzaiwokeyidadianhua	现在我可以打电话
xianzaiwokeyidayouxi	现在我可以打游戏
xianzaiwokeyifaweixin	现在我可以发微信
xianzaiwokeyifaxiaoxi	现在我可以发消息
xianzaiwokeyigongzuo	现在我可以工作
xianzaiwokeyiheshui	现在我可以喝水
xianzaiwokeyihuijia	现在我可以回家
xianzaiwokeyikaiche	现在我可以开车
xianzaiwokeyikandianshi	现在我可以看电视
xianzaiwokeyikandianying	现在我可以看电影
xianzaiwokeyikanshipin	现在我可以看视频
xianzaiwokeyikanshu	现在我可以看书
xianzaiwokeyiliaotian	现在我可以聊天
xianzaiwokeyimaidongxi	现在我可以买东西
xianzaiwokeyiquxuexiao	现在我可以去学校
xianzaiwokeyishangban	现在我可以上班
xianzaiwokeyishuijue	现在我可以睡觉
xianzaiwokeyitingyinle	现在我可以听音乐
xianzaiwokeyiwanyouxi	现在我可以玩游戏
xianzaiwokeyixiaban	现在我可以下班
xianzaiwokeyixiuxi	现在我可以休息
xianzaiwokeyixizao	现在我可以洗澡
xianzaiwokeyixuexi	现在我可以学习
xianzaiwokeyizuoche	现在我可以坐车
xianzaiwokeyizuofan	现在我可以做饭
xianzaiwokeyizuofeiji	现在我可以坐飞机
xianzaiwokeyizuohuoche	现在我可以坐火车
xianzaiwolianjiewangluo	现在我连接网络
xianzaiwoliaotian	现在我聊天
xianzaiwomaidongxi	现在我买东西
xianzaiwomenanzhuangruanjian	现在我们安装软件
xianzaiwomenbuxiangchifan	现在我们不想吃饭
xianzaiwomenbuxiangchumen	现在我们不想出门
xianzaiwomenbuxiangchuqu	现在我们不想出去
xianzaiwomenbuxiangdadianhua	现在我们不想打电话
xianzaiwomenbuxiangdayouxi	现在我们不想打游戏
xianzaiwomenbuxiangfaweixin	现在我们不想发微信
xianzaiwomenbuxiangfaxiaoxi	现在我们不想发消息
xianzaiwomenbuxianggongzuo	现在我们不想工作
xianzaiwomenbuxiangheshui	现在我们不想喝水
xianzaiwomenbuxianghuijia	现在我们不想回家
xianzaiwomenbuxiangkaiche	现在我们不想开车
xianzaiwomenbuxiangkandianshi	现在我们不想看电视
xianzaiwomenbuxiangkandianying	现在我们不想看电影
xianzaiwomenbuxiangkanshipin	现在我们不想看视频
xianzaiwomenbuxiangkanshu	现在我们不想看书
xianzaiwomenbuxiangliaotian	现在我们不想聊天
xianzaiwomenbuxiangmaidongxi	现在我们不想买东西
xianzaiwomenbuxiangquxuexiao	现在我们不想去学校
xianzaiwomenbuxiangshangban	现在我们不想上班
xianzaiwomenbuxiangshuijue	现在我们不想睡觉
xianzaiwomenbuxiangtingyinle	现在我们不想听音乐
xianzaiwomenbuxiangwanyouxi	现在我们不想玩游戏
xianzaiwomenbuxiangxiaban	现在我们不想下班
xianzaiwomenbuxiangxiuxi	现在我们不想休息
xianzaiwomenbuxiangxizao	现在我们不想洗澡
xianzaiwomenbuxiangxuexi	现在我们不想学习
xianzaiwomenbuxiangzuoche	现在我们不想坐车
xianzaiwomenbuxiangzuofan	现在我们不想做饭
xianzaiwomenbuxiangzuofeiji	现在我们不想坐飞机
xianzaiwomenbuxiangzuohuoche	现在我们不想坐火车
xianzaiwomenbuyaochifan	现在我们不要吃饭
xianzaiwomenbuyaochumen	现在我们不要出门
xianzaiwomenbuyaochuqu	现在我们不要出去
xianzaiwomenbuyaodadianhua	现在我们不要打电话
xianzaiwomenbuyaodayouxi	现在我们不要打游戏
xianzaiwomenbuyaofaweixin	现在我们不要发微信
xianzaiwomenbuyaofaxiaoxi	现在我们不要发消息
xianzaiwomenbuyaogongzuo	现在我们不要工作
xianzaiwomenbuyaoheshui	现在我们不要喝水
xianzaiwomenbuyaohuijia	现在我们不要回家
xianzaiwomenbuyaokaiche	现在我们不要开车
xianzaiwomenbuyaokandianshi	现在我们不要看电视
xianzaiwomenbuyaokandianying	现在我们不要看电影
xianzaiwomenbuyaokanshipin	现在我们不要看视频
xianzaiwomenbuyaokanshu	现在我们不要看书
xianzaiwomenbuyaoliaotian	现在我们不要聊天
xianzaiwomenbuyaomaidongxi	现在我们不要买东西
xianzaiwomenbuyaoquxuexiao	现在我们不要去学校
xianzaiwomenbuyaoshangban	现在我们不要上班
xianzaiwomenbuyaoshuijue	现在我们不要睡觉
xianzaiwomenbuyaotingyinle	现在我们不要听音乐
xianzaiwomenbuyaowanyouxi	现在我们不要玩游戏
xianzaiwomenbuyaoxiaban	现在我们不要下班
xianzaiwomenbuyaoxiuxi	现在我们不要休息
xianzaiwomenbuyaoxizao	现在我们不要洗澡
xianzaiwomenbuyaoxuexi	现在我们不要学习
xianzaiwomenbuyaozuoche	现在我们不要坐车
xianzaiwomenbuyaozuofan	现在我们不要做饭
xianzaiwomenbuyaozuofeiji	现在我们不要坐飞机
xianzaiwomenbuyaozuohuoche	现在我们不要坐火车
xianzaiwomenchifan	现在我们吃饭
xianzaiwomenchumen	现在我们出门
xianzaiwomenchuqu	现在我们出去
xianzaiwomendadianhua	现在我们打电话
xianzaiwomendakaidiannao	现在我们打开电脑
xianzaiwomendakairuanjian	现在我们打开软件
xianzaiwomendasuanchifan	现在我们打算吃饭
xianzaiwomendasuanchumen	现在我们打算出门
xianzaiwomendasuanchuqu	现在我们打算出去
xianzaiwomendasuandadianhua	现在我们打算打电话
xianzaiwomendasuandayouxi	现在我们打算打游戏
xianzaiwomendasuanfaweixin	现在我们打算发微信
xianzaiwomendasuanfaxiaoxi	现在我们打算发消息
xianzaiwomendasuangongzuo	现在我们打算工作
xianzaiwomendasuanheshui	现在我们打算喝水
xianzaiwomendasuanhuijia	现在我们打算回家
xianzaiwomendasuankaiche	现在我们打算开车
xianzaiwomendasuankandianshi	现在我们打算看电视
xianzaiwomendasuankandianying	现在我们打算看电影
xianzaiwomendasuankanshipin	现在我们打算看视频
xianzaiwomendasuankanshu	现在我们打算看书
xianzaiwomendasuanliaotian	现在我们打算聊天
xianzaiwomendasuanmaidongxi	现在我们打算买东西
xianzaiwomendasuanquxuexiao	现在我们打算去学校
xianzaiwomendasuanshangban	现在我们打算上班
xianzaiwomendasuanshuijue	现在我们打算睡觉
xianzaiwomendasuantingyinle	现在我们打算听音乐
xianzaiwomendasuanwanyouxi	现在我们打算玩游戏
xianzaiwomendasuanxiaban	现在我们打算下班
xianzaiwomendasuanxiuxi	现在我们打算休息
xianzaiwomendasuanxizao	现在我们打算洗澡
xianzaiwomendasuanxuexi	现在我们打算学习
xianzaiwomendasuanzuoche	现在我们打算坐车
xianzaiwomendasuanzuofan	现在我们打算做饭
xianzaiwomendasuanzuofeiji	现在我们打算坐飞机
xianzaiwomendasuanzuohuoche	现在我们打算坐火车
xianzaiwomendayouxi	现在我们打游戏
xianzaiwomenfaweixin	现在我们发微信
xianzaiwomenfaxiaoxi	现在我们发消息
xianzaiwomengengxinruanjian	现在我们更新软件
xianzaiwomengongzuo	现在我们工作
xianzaiwomenguanbiruanjian	现在我们关闭软件
xianzaiwomenheshui	现在我们喝水
xianzaiwomenhuijia	现在我们回家
xianzaiwomenkaiche	现在我们开车
xianzaiwomenkandianshi	现在我们看电视
xianzaiwomenkandianying	现在我们看电影
xianzaiwomenkanshipin	现在我们看视频
xianzaiwomenkanshu	现在我们看书
xianzaiwomenkeyichifan	现在我们可以吃饭
xianzaiwomenkeyichumen	现在我们可以出门
xianzaiwomenkeyichuqu	现在我们可以出去
xianzaiwomenkeyidadianhua	现在我们可以打电话
xianzaiwomenkeyidayouxi	现在我们可以打游戏
xianzaiwomenkeyifaweixin	现在我们可以发微信
xianzaiwomenkeyifaxiaoxi	现在我们可以发消息
xianzaiwomenkeyigongzuo	现在我们可以工作
xianzaiwomenkeyiheshui	现在我们可以喝水
xianzaiwomenkeyihuijia	现在我们可以回家
xianzaiwomenkeyikaiche	现在我们可以开车
xianzaiwomenkeyikandianshi	现在我们可以看电视
xianzaiwomenkeyikandianying	现在我们可以看电影
xianzaiwomenkeyikanshipin	现在我们可以看视频
xianzaiwomenkeyikanshu	现在我们可以看书
xianzaiwomenkeyiliaotian	现在我们可以聊天
xianzaiwomenkeyimaidongxi	现在我们可以买东西
xianzaiwomenkeyiquxuexiao	现在我们可以去学校
xianzaiwomenkeyishangban	现在我们可以上班
xianzaiwomenkeyishuijue	现在我们可以睡觉
xianzaiwomenkeyitingyinle	现在我们可以听音乐
xianzaiwomenkeyiwanyouxi	现在我们可以玩游戏
xianzaiwomenkeyixiaban	现在我们可以下班
xianzaiwomenkeyixiuxi	现在我们可以休息
xianzaiwomenkeyixizao	现在我们可以洗澡
xianzaiwomenkeyixuexi	现在我们可以学习
xianzaiwomenkeyizuoche	现在我们可以坐车
xianzaiwomenkeyizuofan	现在我们可以做饭
xianzaiwomenkeyizuofeiji	现在我们可以坐飞机
xianzaiwomenkeyizuohuoche	现在我们可以坐火车
xianzaiwomenlianjiewangluo	现在我们连接网络
xianzaiwomenliaotian	现在我们聊天
xianzaiwomenmaidongxi	现在我们买东西
xianzaiwomennengchifan	现在我们能吃饭
xianzaiwomennengchumen	现在我们能出门
xianzaiwomennengchuqu	现在我们能出去
xianzaiwomennengdadianhua	现在我们能打电话
xianzaiwomennengdayouxi	现在我们能打游戏
xianzaiwomennengfaweixin	现在我们能发微信
xianzaiwomennengfaxiaoxi	现在我们能发消息
xianzaiwomennenggongzuo	现在我们能工作
xianzaiwomennengheshui	现在我们能喝水
xianzaiwomennenghuijia	现在我们能回家
xianzaiwomennengkaiche	现在我们能开车
xianzaiwomennengkandianshi	现在我们能看电视
xianzaiwomennengkandianying	现在我们能看电影
xianzaiwomennengkanshipin	现在我们能看视频
xianzaiwomennengkanshu	现在我们能看书
xianzaiwomennengliaotian	现在我们能聊天
xianzaiwomennengmaidongxi	现在我们能买东西
xianzaiwomennengquxuexiao	现在我们能去学校
xianzaiwomennengshangban	现在我们能上班
xianzaiwomennengshuijue	现在我们能睡觉
xianzaiwomennengtingyinle	现在我们能听音乐
xianzaiwomennengwanyouxi	现在我们能玩游戏
xianzaiwomennengxiaban	现在我们能下班
xianzaiwomennengxiuxi	现在我们能休息
xianzaiwomennengxizao	现在我们能洗澡
xianzaiwomennengxuexi	现在我们能学习
xianzaiwomennengzuoche	现在我们能坐车
xianzaiwomennengzuofan	现在我们能做饭
xianzaiwomennengzuofeiji	现在我们能坐飞机
xianzaiwomennengzuohuoche	现在我们能坐火车
xianzaiwomenpaizhaopian	现在我们拍照片
xianzaiwomenqubeijing	现在我们去北京
xianzaiwomenquchaoshi	现在我们去超市
xianzaiwomenqugongsi	现在我们去公司
xianzaiwomenquguangzhou	现在我们去广州
xianzaiwomenqushangchang	现在我们去商场
xianzaiwomenqushanghai	现在我们去上海
xianzaiwomenqushenzhen	现在我们去深圳
xianzaiwomenquxuexiao	现在我们去学校
xianzaiwomenquyiyuan	现在我们去医院
xianzaiwomenshangban	现在我们上班
xianzaiwomenshiyongdiannao	现在我们使用电脑
xianzaiwomenshiyongshouji	现在我们使用手机
xianzaiwomenshuijue	现在我们睡觉
xianzaiwomentingyinle	现在我们听音乐
xianzaiwomenwanyouxi	现在我们玩游戏
xianzaiwomenxiaban	现在我们下班
xianzaiwomenxiangchifan	现在我们想吃饭
xianzaiwomenxiangchumen	现在我们想出门
xianzaiwomenxiangchuqu	现在我们想出去
xianzaiwomenxiangdadianhua	现在我们想打电话
xianzaiwomenxiangdayouxi	现在我们想打游戏
xianzaiwomenxiangfaweixin	现在我们想发微信
xianzaiwomenxiangfaxiaoxi	现在我们想发消息
xianzaiwomenxianggongzuo	现在我们想工作
xianzaiwomenxiangheshui	现在我们想喝水
xianzaiwomenxianghuijia	现在我们想回家
xianzaiwomenxiangkaiche	现在我们想开车
xianzaiwomenxiangkandianshi	现在我们想看电视
xianzaiwomenxiangkandianying	现在我们想看电影
xianzaiwomenxiangkanshipin	现在我们想看视频
xianzaiwomenxiangkanshu	现在我们想看书
xianzaiwomenxiangliaotian	现在我们想聊天
xianzaiwomenxiangmaidongxi	现在我们想买东西
xianzaiwomenxiangquxuexiao	现在我们想去学校
xianzaiwomenxiangshangban	现在我们想上班
xianzaiwomenxiangshuijue	现在我们想睡觉
xianzaiwomenxiangtingyinle	现在我们想听音乐
xianzaiwomenxiangwanyouxi	现在我们想玩游戏
xianzaiwomenxiangxiaban	现在我们想下班
xianzaiwomenxiangxiuxi	现在我们想休息
xianzaiwomenxiangxizao	现在我们想洗澡
xianzaiwomenxiangxuexi	现在我们想学习
xianzaiwomenxiangyaochifan	现在我们想要吃饭
xianzaiwomenxiangyaochumen	现在我们想要出门
xianzaiwomenxiangyaochuqu	现在我们想要出去
xianzaiwomenxiangyaodadianhua	现在我们想要打电话
xianzaiwomenxiangyaodayouxi	现在我们想要打游戏
xianzaiwomenxiangyaofaweixin	现在我们想要发微信
xianzaiwomenxiangyaofaxiaoxi	现在我们想要发消息
xianzaiwomenxiangyaogongzuo	现在我们想要工作
xianzaiwomenxiangyaoheshui	现在我们想要喝水
xianzaiwomenxiangyaohuijia	现在我们想要回家
xianzaiwomenxiangyaokaiche	现在我们想要开车
xianzaiwomenxiangyaokandianshi	现在我们想要看电视
xianzaiwomenxiangyaokandianying	现在我们想要看电影
xianzaiwomenxiangyaokanshipin	现在我们想要看视频
xianzaiwomenxiangyaokanshu	现在我们想要看书
xianzaiwomenxiangyaoliaotian	现在我们想要聊天
xianzaiwomenxiangyaomaidongxi	现在我们想要买东西
xianzaiwomenxiangyaoquxuexiao	现在我们想要去学校
xianzaiwomenxiangyaoshangban	现在我们想要上班
xianzaiwomenxiangyaoshuijue	现在我们想要睡觉
xianzaiwomenxiangyaotingyinle	现在我们想要听音乐
xianzaiwomenxiangyaowanyouxi	现在我们想要玩游戏
xianzaiwomenxiangyaoxiaban	现在我们想要下班
xianzaiwomenxiangyaoxiuxi	现在我们想要休息
xianzaiwomenxiangyaoxizao	现在我们想要洗澡
xianzaiwomenxiangyaoxuexi	现在我们想要学习
xianzaiwomenxiangyaozuoche	现在我们想要坐车
xianzaiwomenxiangyaozuofan	现在我们想要做饭
xianzaiwomenxiangyaozuofeiji	现在我们想要坐飞机
xianzaiwomenxiangyaozuohuoche	现在我们想要坐火车
xianzaiwomenxiangzuoche	现在我们想坐车
xianzaiwomenxiangzuofan	现在我们想做饭
xianzaiwomenxiangzuofeiji	现在我们想坐飞机
xianzaiwomenxiangzuohuoche	现在我们想坐火车
xianzaiwomenxiugaishezhi	现在我们修改设置
xianzaiwomenxiuxi	现在我们休息
xianzaiwomenxizao	现在我们洗澡
xianzaiwomenxuexi	现在我们学习
xianzaiwomenxuyaochifan	现在我们需要吃饭
xianzaiwomenxuyaochumen	现在我们需要出门
xianzaiwomenxuyaochuqu	现在我们需要出去
xianzaiwomenxuyaodadianhua	现在我们需要打电话
xianzaiwomenxuyaodayouxi	现在我们需要打游戏
xianzaiwomenxuyaofaweixin	现在我们需要发微信
xianzaiwomenxuyaofaxiaoxi	现在我们需要发消息
xianzaiwomenxuyaogongzuo	现在我们需要工作
xianzaiwomenxuyaoheshui	现在我们需要喝水
xianzaiwomenxuyaohuijia	现在我们需要回家
xianzaiwomenxuyaokaiche	现在我们需要开车
xianzaiwomenxuyaokandianshi	现在我们需要看电视
xianzaiwomenxuyaokandianying	现在我们需要看电影
xianzaiwomenxuyaokanshipin	现在我们需要看视频
xianzaiwomenxuyaokanshu	现在我们需要看书
xianzaiwomenxuyaoliaotian	现在我们需要聊天
xianzaiwomenxuyaomaidongxi	现在我们需要买东西
xianzaiwomenxuyaoquxuexiao	现在我们需要去学校
xianzaiwomenxuyaoshangban	现在我们需要上班
xianzaiwomenxuyaoshuijue	现在我们需要睡觉
xianzaiwomenxuyaotingyinle	现在我们需要听音乐
xianzaiwomenxuyaowanyouxi	现在我们需要玩游戏
xianzaiwomenxuyaoxiaban	现在我们需要下班
xianzaiwomenxuyaoxiuxi	现在我们需要休息
xianzaiwomenxuyaoxizao	现在我们需要洗澡
xianzaiwomenxuyaoxuexi	现在我们需要学习
xianzaiwomenxuyaozuoche	现在我们需要坐车
xianzaiwomenxuyaozuofan	现在我们需要做饭
xianzaiwomenxuyaozuofeiji	现在我们需要坐飞机
xianzaiwomenxuyaozuohuoche	现在我们需要坐火车
xianzaiwomenyaochifan	现在我们要吃饭
xianzaiwomenyaochumen	现在我们要出门
xianzaiwomenyaochuqu	现在我们要出去
xianzaiwomenyaodadianhua	现在我们要打电话
xianzaiwomenyaodayouxi	现在我们要打游戏
xianzaiwomenyaofaweixin	现在我们要发微信
xianzaiwomenyaofaxiaoxi	现在我们要发消息
xianzaiwomenyaogongzuo	现在我们要工作
xianzaiwomenyaoheshui	现在我们要喝水
xianzaiwomenyaohuijia	现在我们要回家
xianzaiwomenyaokaiche	现在我们要开车
xianzaiwomenyaokandianshi	现在我们要看电视
xianzaiwomenyaokandianying	现在我们要看电影
xianzaiwomenyaokanshipin	现在我们要看视频
xianzaiwomenyaokanshu	现在我们要看书
xianzaiwomenyaoliaotian	现在我们要聊天
xianzaiwomenyaomaidongxi	现在我们要买东西
xianzaiwomenyaoquxuexiao	现在我们要去学校
xianzaiwomenyaoshangban	现在我们要上班
xianzaiwomenyaoshuijue	现在我们要睡觉
xianzaiwomenyaotingyinle	现在我们要听音乐
xianzaiwomenyaowanyouxi	现在我们要玩游戏
xianzaiwomenyaoxiaban	现在我们要下班
xianzaiwomenyaoxiuxi	现在我们要休息
xianzaiwomenyaoxizao	现在我们要洗澡
xianzaiwomenyaoxuexi	现在我们要学习
xianzaiwomenyaozuoche	现在我们要坐车
xianzaiwomenyaozuofan	现在我们要做饭
xianzaiwomenyaozuofeiji	现在我们要坐飞机
xianzaiwomenyaozuohuoche	现在我们要坐火车
xianzaiwomenzhunbeichifan	现在我们准备吃饭
xianzaiwomenzhunbeichumen	现在我们准备出门
xianzaiwomenzhunbeichuqu	现在我们准备出去
xianzaiwomenzhunbeidadianhua	现在我们准备打电话
xianzaiwomenzhunbeidayouxi	现在我们准备打游戏
xianzaiwomenzhunbeifaweixin	现在我们准备发微信
xianzaiwomenzhunbeifaxiaoxi	现在我们准备发消息
xianzaiwomenzhunbeigongzuo	现在我们准备工作
xianzaiwomenzhunbeiheshui	现在我们准备喝水
xianzaiwomenzhunbeihuijia	现在我们准备回家
xianzaiwomenzhunbeikaiche	现在我们准备开车
xianzaiwomenzhunbeikandianshi	现在我们准备看电视
xianzaiwomenzhunbeikandianying	现在我们准备看电影
xianzaiwomenzhunbeikanshipin	现在我们准备看视频
xianzaiwomenzhunbeikanshu	现在我们准备看书
xianzaiwomenzhunbeiliaotian	现在我们准备聊天
xianzaiwomenzhunbeimaidongxi	现在我们准备买东西
xianzaiwomenzhunbeiquxuexiao	现在我们准备去学校
xianzaiwomenzhunbeishangban	现在我们准备上班
xianzaiwomenzhunbeishuijue	现在我们准备睡觉
xianzaiwomenzhunbeitingyinle	现在我们准备听音乐
xianzaiwomenzhunbeiwanyouxi	现在我们准备玩游戏
xianzaiwomenzhunbeixiaban	现在我们准备下班
xianzaiwomenzhunbeixiuxi	现在我们准备休息
xianzaiwomenzhunbeixizao	现在我们准备洗澡
xianzaiwomenzhunbeixuexi	现在我们准备学习
xianzaiwomenzhunbeizuoche	现在我们准备坐车
xianzaiwomenzhunbeizuofan	现在我们准备做饭
xianzaiwomenzhunbeizuofeiji	现在我们准备坐飞机
xianzaiwomenzhunbeizuohuoche	现在我们准备坐火车
xianzaiwomenzuoche	现在我们坐车
xianzaiwomenzuofan	现在我们做饭
xianzaiwomenzuofeiji	现在我们坐飞机
xianzaiwomenzuohuoche	现在我们坐火车
xianzaiwonengchifan	现在我能吃饭
xianzaiwonengchumen	现在我能出门
xianzaiwonengchuqu	现在我能出去
xianzaiwonengdadianhua	现在我能打电话
xianzaiwonengdayouxi	现在我能打游戏
xianzaiwonengfaweixin	现在我能发微信
xianzaiwonengfaxiaoxi	现在我能发消息
xianzaiwonenggongzuo	现在我能工作
xianzaiwonengheshui	现在我能喝水
xianzaiwonenghuijia	现在我能回家
xianzaiwonengkaiche	现在我能开车
xianzaiwonengkandianshi	现在我能看电视
xianzaiwonengkandianying	现在我能看电影
xianzaiwonengkanshipin	现在我能看视频
xianzaiwonengkanshu	现在我能看书
xianzaiwonengliaotian	现在我能聊天
xianzaiwonengmaidongxi	现在我能买东西
xianzaiwonengquxuexiao	现在我能去学校
xianzaiwonengshangban	现在我能上班
xianzaiwonengshuijue	现在我能睡觉
xianzaiwonengtingyinle	现在我能听音乐
xianzaiwonengwanyouxi	现在我能玩游戏
xianzaiwonengxiaban	现在我能下班
xianzaiwonengxiuxi	现在我能休息
xianzaiwonengxizao	现在我能洗澡
xianzaiwonengxuexi	现在我能学习
xianzaiwonengzuoche	现在我能坐车
xianzaiwonengzuofan	现在我能做饭
xianzaiwonengzuofeiji	现在我能坐飞机
xianzaiwonengzuohuoche	现在我能坐火车
xianzaiwopaizhaopian	现在我拍照片
xianzaiwoqubeijing	现在我去北京
xianzaiwoquchaoshi	现在我去超市
xianzaiwoqugongsi	现在我去公司
xianzaiwoquguangzhou	现在我去广州
xianzaiwoqushangchang	现在我去商场
xianzaiwoqushanghai	现在我去上海
xianzaiwoqushenzhen	现在我去深圳
xianzaiwoquxuexiao	现在我去学校
xianzaiwoquyiyuan	现在我去医院
xianzaiwoshangban	现在我上班
xianzaiwoshiyongdiannao	现在我使用电脑
xianzaiwoshiyongshouji	现在我使用手机
xianzaiwoshuijue	现在我睡觉
xianzaiwotingyinle	现在我听音乐
xianzaiwowanyouxi	现在我玩游戏
xianzaiwoxiaban	现在我下班
xianzaiwoxiangchifan	现在我想吃饭
xianzaiwoxiangchumen	现在我想出门
xianzaiwoxiangchuqu	现在我想出去
xianzaiwoxiangdadianhua	现在我想打电话
xianzaiwoxiangdayouxi	现在我想打游戏
xianzaiwoxiangfaweixin	现在我想发微信
xianzaiwoxiangfaxiaoxi	现在我想发消息
xianzaiwoxianggongzuo	现在我想工作
xianzaiwoxiangheshui	现在我想喝水
xianzaiwoxianghuijia	现在我想回家
xianzaiwoxiangkaiche	现在我想开车
xianzaiwoxiangkandianshi	现在我想看电视
xianzaiwoxiangkandianying	现在我想看电影
xianzaiwoxiangkanshipin	现在我想看视频
xianzaiwoxiangkanshu	现在我想看书
xianzaiwoxiangliaotian	现在我想聊天
xianzaiwoxiangmaidongxi	现在我想买东西
xianzaiwoxiangquxuexiao	现在我想去学校
xianzaiwoxiangshangban	现在我想上班
xianzaiwoxiangshuijue	现在我想睡觉
xianzaiwoxiangtingyinle	现在我想听音乐
xianzaiwoxiangwanyouxi	现在我想玩游戏
xianzaiwoxiangxiaban	现在我想下班
xianzaiwoxiangxiuxi	现在我想休息
xianzaiwoxiangxizao	现在我想洗澡
xianzaiwoxiangxuexi	现在我想学习
xianzaiwoxiangyaochifan	现在我想要吃饭
xianzaiwoxiangyaochumen	现在我想要出门
xianzaiwoxiangyaochuqu	现在我想要出去
xianzaiwoxiangyaodadianhua	现在我想要打电话
xianzaiwoxiangyaodayouxi	现在我想要打游戏
xianzaiwoxiangyaofaweixin	现在我想要发微信
xianzaiwoxiangyaofaxiaoxi	现在我想要发消息
xianzaiwoxiangyaogongzuo	现在我想要工作
xianzaiwoxiangyaoheshui	现在我想要喝水
xianzaiwoxiangyaohuijia	现在我想要回家
xianzaiwoxiangyaokaiche	现在我想要开车
xianzaiwoxiangyaokandianshi	现在我想要看电视
xianzaiwoxiangyaokandianying	现在我想要看电影
xianzaiwoxiangyaokanshipin	现在我想要看视频
xianzaiwoxiangyaokanshu	现在我想要看书
xianzaiwoxiangyaoliaotian	现在我想要聊天
xianzaiwoxiangyaomaidongxi	现在我想要买东西
xianzaiwoxiangyaoquxuexiao	现在我想要去学校
xianzaiwoxiangyaoshangban	现在我想要上班
xianzaiwoxiangyaoshuijue	现在我想要睡觉
xianzaiwoxiangyaotingyinle	现在我想要听音乐
xianzaiwoxiangyaowanyouxi	现在我想要玩游戏
xianzaiwoxiangyaoxiaban	现在我想要下班
xianzaiwoxiangyaoxiuxi	现在我想要休息
xianzaiwoxiangyaoxizao	现在我想要洗澡
xianzaiwoxiangyaoxuexi	现在我想要学习
xianzaiwoxiangyaozuoche	现在我想要坐车
xianzaiwoxiangyaozuofan	现在我想要做饭
xianzaiwoxiangyaozuofeiji	现在我想要坐飞机
xianzaiwoxiangyaozuohuoche	现在我想要坐火车
xianzaiwoxiangzuoche	现在我想坐车
xianzaiwoxiangzuofan	现在我想做饭
xianzaiwoxiangzuofeiji	现在我想坐飞机
xianzaiwoxiangzuohuoche	现在我想坐火车
xianzaiwoxiugaishezhi	现在我修改设置
xianzaiwoxiuxi	现在我休息
xianzaiwoxizao	现在我洗澡
xianzaiwoxuexi	现在我学习
xianzaiwoxuyaochifan	现在我需要吃饭
xianzaiwoxuyaochumen	现在我需要出门
xianzaiwoxuyaochuqu	现在我需要出去
xianzaiwoxuyaodadianhua	现在我需要打电话
xianzaiwoxuyaodayouxi	现在我需要打游戏
xianzaiwoxuyaofaweixin	现在我需要发微信
xianzaiwoxuyaofaxiaoxi	现在我需要发消息
xianzaiwoxuyaogongzuo	现在我需要工作
xianzaiwoxuyaoheshui	现在我需要喝水
xianzaiwoxuyaohuijia	现在我需要回家
xianzaiwoxuyaokaiche	现在我需要开车
xianzaiwoxuyaokandianshi	现在我需要看电视
xianzaiwoxuyaokandianying	现在我需要看电影
xianzaiwoxuyaokanshipin	现在我需要看视频
xianzaiwoxuyaokanshu	现在我需要看书
xianzaiwoxuyaoliaotian	现在我需要聊天
xianzaiwoxuyaomaidongxi	现在我需要买东西
xianzaiwoxuyaoquxuexiao	现在我需要去学校
xianzaiwoxuyaoshangban	现在我需要上班
xianzaiwoxuyaoshuijue	现在我需要睡觉
xianzaiwoxuyaotingyinle	现在我需要听音乐
xianzaiwoxuyaowanyouxi	现在我需要玩游戏
xianzaiwoxuyaoxiaban	现在我需要下班
xianzaiwoxuyaoxiuxi	现在我需要休息
xianzaiwoxuyaoxizao	现在我需要洗澡
xianzaiwoxuyaoxuexi	现在我需要学习
xianzaiwoxuyaozuoche	现在我需要坐车
xianzaiwoxuyaozuofan	现在我需要做饭
xianzaiwoxuyaozuofeiji	现在我需要坐飞机
xianzaiwoxuyaozuohuoche	现在我需要坐火车
xianzaiwoyaochifan	现在我要吃饭
xianzaiwoyaochumen	现在我要出门
xianzaiwoyaochuqu	现在我要出去
xianzaiwoyaodadianhua	现在我要打电话
xianzaiwoyaodayouxi	现在我要打游戏
xianzaiwoyaofaweixin	现在我要发微信
xianzaiwoyaofaxiaoxi	现在我要发消息
xianzaiwoyaogongzuo	现在我要工作
xianzaiwoyaoheshui	现在我要喝水
xianzaiwoyaohuijia	现在我要回家
xianzaiwoyaokaiche	现在我要开车
xianzaiwoyaokandianshi	现在我要看电视
xianzaiwoyaokandianying	现在我要看电影
xianzaiwoyaokanshipin	现在我要看视频
xianzaiwoyaokanshu	现在我要看书
xianzaiwoyaoliaotian	现在我要聊天
xianzaiwoyaomaidongxi	现在我要买东西
xianzaiwoyaoquxuexiao	现在我要去学校
xianzaiwoyaoshangban	现在我要上班
xianzaiwoyaoshuijue	现在我要睡觉
xianzaiwoyaotingyinle	现在我要听音乐
xianzaiwoyaowanyouxi	现在我要玩游戏
xianzaiwoyaoxiaban	现在我要下班
xianzaiwoyaoxiuxi	现在我要休息
xianzaiwoyaoxizao	现在我要洗澡
xianzaiwoyaoxuexi	现在我要学习
xianzaiwoyaozuoche	现在我要坐车
xianzaiwoyaozuofan	现在我要做饭
xianzaiwoyaozuofeiji	现在我要坐飞机
xianzaiwoyaozuohuoche	现在我要坐火车
xianzaiwozhunbeichifan	现在我准备吃饭
xianzaiwozhunbeichumen	现在我准备出门
xianzaiwozhunbeichuqu	现在我准备出去
xianzaiwozhunbeidadianhua	现在我准备打电话
xianzaiwozhunbeidayouxi	现在我准备打游戏
xianzaiwozhunbeifaweixin	现在我准备发微信
xianzaiwozhunbeifaxiaoxi	现在我准备发消息
xianzaiwozhunbeigongzuo	现在我准备工作
xianzaiwozhunbeiheshui	现在我准备喝水
xianzaiwozhunbeihuijia	现在我准备回家
xianzaiwozhunbeikaiche	现在我准备开车
xianzaiwozhunbeikandianshi	现在我准备看电视
xianzaiwozhunbeikandianying	现在我准备看电影
xianzaiwozhunbeikanshipin	现在我准备看视频
xianzaiwozhunbeikanshu	现在我准备看书
xianzaiwozhunbeiliaotian	现在我准备聊天
xianzaiwozhunbeimaidongxi	现在我准备买东西
xianzaiwozhunbeiquxuexiao	现在我准备去学校
xianzaiwozhunbeishangban	现在我准备上班
xianzaiwozhunbeishuijue	现在我准备睡觉
xianzaiwozhunbeitingyinle	现在我准备听音乐
xianzaiwozhunbeiwanyouxi	现在我准备玩游戏
xianzaiwozhunbeixiaban	现在我准备下班
xianzaiwozhunbeixiuxi	现在我准备休息
xianzaiwozhunbeixizao	现在我准备洗澡
xianzaiwozhunbeixuexi	现在我准备学习
xianzaiwozhunbeizuoche	现在我准备坐车
xianzaiwozhunbeizuofan	现在我准备做饭
xianzaiwozhunbeizuofeiji	现在我准备坐飞机
xianzaiwozhunbeizuohuoche	现在我准备坐火车
xianzaiwozuoche	现在我坐车
xianzaiwozuofan	现在我做饭
xianzaiwozuofeiji	现在我坐飞机
xianzaiwozuohuoche	现在我坐火车
xiao	小	哓	哮	啸	嚣	孝	宵	崤	效	晓	枭	枵	校	消	淆	潇
xiaoxi	消息
xiatian	夏天
xiawu	下午
xiawuhao	下午好
xiawunianzhuangruanjian	下午你安装软件
xiawunibuxiangchifan	下午你不想吃饭
xiawunibuxiangchumen	下午你不想出门
xiawunibuxiangchuqu	下午你不想出去
xiawunibuxiangdadianhua	下午你不想打电话
xiawunibuxiangdayouxi	下午你不想打游戏
xiawunibuxiangfaweixin	下午你不想发微信
xiawunibuxiangfaxiaoxi	下午你不想发消息
xiawunibuxianggongzuo	下午你不想工作
xiawunibuxiangheshui	下午你不想喝水
xiawunibuxianghuijia	下午你不想回家
xiawunibuxiangkaiche	下午你不想开车
xiawunibuxiangkandianshi	下午你不想看电视
xiawunibuxiangkandianying	下午你不想看电影
xiawunibuxiangkanshipin	下午你不想看视频
xiawunibuxiangkanshu	下午你不想看书
xiawunibuxiangliaotian	下午你不想聊天
xiawunibuxiangmaidongxi	下午你不想买东西
xiawunibuxiangquxuexiao	下午你不想去学校
xiawunibuxiangshangban	下午你不想上班
xiawunibuxiangshuijue	下午你不想睡觉
xiawunibuxiangtingyinle	下午你不想听音乐
xiawunibuxiangwanyouxi	下午你不想玩游戏
xiawunibuxiangxiaban	下午你不想下班
xiawunibuxiangxiuxi	下午你不想休息
xiawunibuxiangxizao	下午你不想洗澡
xiawunibuxiangxuexi	下午你不想学习
xiawunibuxiangzuoche	下午你不想坐车
xiawunibuxiangzuofan	下午你不想做饭
xiawunibuxiangzuofeiji	下午你不想坐飞机
xiawunibuxiangzuohuoche	下午你不想坐火车
xiawunibuyaochifan	下午你不要吃饭
xiawunibuyaochumen	下午你不要出门
xiawunibuyaochuqu	下午你不要出去
xiawunibuyaodadianhua	下午你不要打电话
xiawunibuyaodayouxi	下午你不要打游戏
xiawunibuyaofaweixin	下午你不要发微信
xiawunibuyaofaxiaoxi	下午你不要发消息
xiawunibuyaogongzuo	下午你不要工作
xiawunibuyaoheshui	下午你不要喝水
xiawunibuyaohuijia	下午你不要回家
xiawunibuyaokaiche	下午你不要开车
xiawunibuyaokandianshi	下午你不要看电视
xiawunibuyaokandianying	下午你不要看电影
xiawunibuyaokanshipin	下午你不要看视频
xiawunibuyaokanshu	下午你不要看书
xiawunibuyaoliaotian	下午你不要聊天
xiawunibuyaomaidongxi	下午你不要买东西
xiawunibuyaoquxuexiao	下午你不要去学校
xiawunibuyaoshangban	下午你不要上班
xiawunibuyaoshuijue	下午你不要睡觉
xiawunibuyaotingyinle	下午你不要听音乐
xiawunibuyaowanyouxi	下午你不要玩游戏
xiawunibuyaoxiaban	下午你不要下班
xiawunibuyaoxiuxi	下午你不要休息
xiawunibuyaoxizao	下午你不要洗澡
xiawunibuyaoxuexi	下午你不要学习
xiawunibuyaozuoche	下午你不要坐车
xiawunibuyaozuofan	下午你不要做饭
xiawunibuyaozuofeiji	下午你不要坐飞机
xiawunibuyaozuohuoche	下午你不要坐火车
xiawunichifan	下午你吃饭
xiawunichumen	下午你出门
xiawunichuqu	下午你出去
xiawunidadianhua	下午你打电话
xiawunidakaidiannao	下午你打开电脑
xiawunidakairuanjian	下午你打开软件
xiawunidasuanchifan	下午你打算吃饭
xiawunidasuanchumen	下午你打算出门
xiawunidasuanchuqu	下午你打算出去
xiawunidasuandadianhua	下午你打算打电话
xiawunidasuandayouxi	下午你打算打游戏
xiawunidasuanfaweixin	下午你打算发微信
xiawunidasuanfaxiaoxi	下午你打算发消息
xiawunidasuangongzuo	下午你打算工作
xiawunidasuanheshui	下午你打算喝水
xiawunidasuanhuijia	下午你打算回家
xiawunidasuankaiche	下午你打算开车
xiawunidasuankandianshi	下午你打算看电视
xiawunidasuankandianying	下午你打算看电影
xiawunidasuankanshipin	下午你打算看视频
xiawunidasuankanshu	下午你打算看书
xiawunidasuanliaotian	下午你打算聊天
xiawunidasuanmaidongxi	下午你打算买东西
xiawunidasuanquxuexiao	下午你打算去学校
xiawunidasuanshangban	下午你打算上班
xiawunidasuanshuijue	下午你打算睡觉
xiawunidasuantingyinle	下午你打算听音乐
xiawunidasuanwanyouxi	下午你打算玩游戏
xiawunidasuanxiaban	下午你打算下班
xiawunidasuanxiuxi	下午你打算休息
xiawunidasuanxizao	下午你打算洗澡
xiawunidasuanxuexi	下午你打算学习
xiawunidasuanzuoche	下午你打算坐车
xiawunidasuanzuofan	下午你打算做饭
xiawunidasuanzuofeiji	下午你打算坐飞机
xiawunidasuanzuohuoche	下午你打算坐火车
xiawunidayouxi	下午你打游戏
xiawunifaweixin	下午你发微信
xiawunifaxiaoxi	下午你发消息
xiawunigengxinruanjian	下午你更新软件
xiawunigongzuo	下午你工作
xiawuniguanbiruanjian	下午你关闭软件
xiawuniheshui	下午你喝水
xiawunihuijia	下午你回家
xiawunikaiche	下午你开车
xiawunikandianshi	下午你看电视
xiawunikandianying	下午你看电影
xiawunikanshipin	下午你看视频
xiawunikanshu	下午你看书
xiawunikeyichifan	下午你可以吃饭
xiawunikeyichumen	下午你可以出门
xiawunikeyichuqu	下午你可以出去
xiawunikeyidadianhua	下午你可以打电话
xiawunikeyidayouxi	下午你可以打游戏
xiawunikeyifaweixin	下午你可以发微信
xiawunikeyifaxiaoxi	下午你可以发消息
xiawunikeyigongzuo	下午你可以工作
xiawunikeyiheshui	下午你可以喝水
xiawunikeyihuijia	下午你可以回家
xiawunikeyikaiche	下午你可以开车
xiawunikeyikandianshi	下午你可以看电视
xiawunikeyikandianying	下午你可以看电影
xiawunikeyikanshipin	下午你可以看视频
xiawunikeyikanshu	下午你可以看书
xiawunikeyiliaotian	下午你可以聊天
xiawunikeyimaidongxi	下午你可以买东西
xiawunikeyiquxuexiao	下午你可以去学校
xiawunikeyishangban	下午你可以上班
xiawunikeyishuijue	下午你可以睡觉
xiawunikeyitingyinle	下午你可以听音乐
xiawunikeyiwanyouxi	下午你可以玩游戏
xiawunikeyixiaban	下午你可以下班
xiawunikeyixiuxi	下午你可以休息
xiawunikeyixizao	下午你可以洗澡
xiawunikeyixuexi	下午你可以学习
xiawunikeyizuoche	下午你可以坐车
xiawunikeyizuofan	下午你可以做饭
xiawunikeyizuofeiji	下午你可以坐飞机
xiawunikeyizuohuoche	下午你可以坐火车
xiawunilianjiewangluo	下午你连接网络
xiawuniliaotian	下午你聊天
xiawunimaidongxi	下午你买东西
xiawuninengchifan	下午你能吃饭
xiawuninengchumen	下午你能出门
xiawuninengchuqu	下午你能出去
xiawuninengdadianhua	下午你能打电话
xiawuninengdayouxi	下午你能打游戏
xiawuninengfaweixin	下午你能发微信
xiawuninengfaxiaoxi	下午你能发消息
xiawuninenggongzuo	下午你能工作
xiawuninengheshui	下午你能喝水
xiawuninenghuijia	下午你能回家
xiawuninengkaiche	下午你能开车
xiawuninengkandianshi	下午你能看电视
xiawuninengkandianying	下午你能看电影
xiawuninengkanshipin	下午你能看视频
xiawuninengkanshu	下午你能看书
xiawuninengliaotian	下午你能聊天
xiawuninengmaidongxi	下午你能买东西
xiawuninengquxuexiao	下午你能去学校
xiawuninengshangban	下午你能上班
xiawuninengshuijue	下午你能睡觉
xiawuninengtingyinle	下午你能听音乐
xiawuninengwanyouxi	下午你能玩游戏
xiawuninengxiaban	下午你能下班
xiawuninengxiuxi	下午你能休息
xiawuninengxizao	下午你能洗澡
xiawuninengxuexi	下午你能学习
xiawuninengzuoche	下午你能坐车
xiawuninengzuofan	下午你能做饭
xiawuninengzuofeiji	下午你能坐飞机
xiawuninengzuohuoche	下午你能坐火车
xiawunipaizhaopian	下午你拍照片
xiawuniqubeijing	下午你去北京
xiawuniquchaoshi	下午你去超市
xiawuniqugongsi	下午你去公司
xiawuniquguangzhou	下午你去广州
xiawuniqushangchang	下午你去商场
xiawuniqushanghai	下午你去上海
xiawuniqushenzhen	下午你去深圳
xiawuniquxuexiao	下午你去学校
xiawuniquyiyuan	下午你去医院
xiawunishangban	下午你上班
xiawunishiyongdiannao	下午你使用电脑
xiawunishiyongshouji	下午你使用手机
xiawunishuijue	下午你睡觉
xiawunitingyinle	下午你听音乐
xiawuniwanyouxi	下午你玩游戏
xiawunixiaban	下午你下班
xiawunixiangchifan	下午你想吃饭
xiawunixiangchumen	下午你想出门
xiawunixiangchuqu	下午你想出去
xiawunixiangdadianhua	下午你想打电话
xiawunixiangdayouxi	下午你想打游戏
xiawunixiangfaweixin	下午你想发微信
xiawunixiangfaxiaoxi	下午你想发消息
xiawunixianggongzuo	下午你想工作
xiawunixiangheshui	下午你想喝水
xiawunixianghuijia	下午你想回家
xiawunixiangkaiche	下午你想开车
xiawunixiangkandianshi	下午你想看电视
xiawunixiangkandianying	下午你想看电影
xiawunixiangkanshipin	下午你想看视频
xiawunixiangkanshu	下午你想看书
xiawunixiangliaotian	下午你想聊天
xiawunixiangmaidongxi	下午你想买东西
xiawunixiangquxuexiao	下午你想去学校
xiawunixiangshangban	下午你想上班
xiawunixiangshuijue	下午你想睡觉
xiawunixiangtingyinle	下午你想听音乐
xiawunixiangwanyouxi	下午你想玩游戏
xiawunixiangxiaban	下午你想下班
xiawunixiangxiuxi	下午你想休息
xiawunixiangxizao	下午你想洗澡
xiawunixiangxuexi	下午你想学习
xiawunixiangyaochifan	下午你想要吃饭
xiawunixiangyaochumen	下午你想要出门
xiawunixiangyaochuqu	下午你想要出去
xiawunixiangyaodadianhua	下午你想要打电话
xiawunixiangyaodayouxi	下午你想要打游戏
xiawunixiangyaofaweixin	下午你想要发微信
xiawunixiangyaofaxiaoxi	下午你想要发消息
xiawunixiangyaogongzuo	下午你想要工作
xiawunixiangyaoheshui	下午你想要喝水
xiawunixiangyaohuijia	下午你想要回家
xiawunixiangyaokaiche	下午你想要开车
xiawunixiangyaokandianshi	下午你想要看电视
xiawunixiangyaokandianying	下午你想要看电影
xiawunixiangyaokanshipin	下午你想要看视频
xiawunixiangyaokanshu	下午你想要看书
xiawunixiangyaoliaotian	下午你想要聊天
xiawunixiangyaomaidongxi	下午你想要买东西
xiawunixiangyaoquxuexiao	下午你想要去学校
xiawunixiangyaoshangban	下午你想要上班
xiawunixiangyaoshuijue	下午你想要睡觉
xiawunixiangyaotingyinle	下午你想要听音乐
xiawunixiangyaowanyouxi	下午你想要玩游戏
xiawunixiangyaoxiaban	下午你想要下班
xiawunixiangyaoxiuxi	下午你想要休息
xiawunixiangyaoxizao	下午你想要洗澡
xiawunixiangyaoxuexi	下午你想要学习
xiawunixiangyaozuoche	下午你想要坐车
xiawunixiangyaozuofan	下午你想要做饭
xiawunixiangyaozuofeiji	下午你想要坐飞机
xiawunixiangyaozuohuoche	下午你想要坐火车
xiawunixiangzuoche	下午你想坐车
xiawunixiangzuofan	下午你想做饭
xiawunixiangzuofeiji	下午你想坐飞机
xiawunixiangzuohuoche	下午你想坐火车
xiawunixiugaishezhi	下午你修改设置
xiawunixiuxi	下午你休息
xiawunixizao	下午你洗澡
xiawunixuexi	下午你学习
xiawunixuyaochifan	下午你需要吃饭
xiawunixuyaochumen	下午你需要出门
xiawunixuyaochuqu	下午你需要出去
xiawunixuyaodadianhua	下午你需要打电话
xiawunixuyaodayouxi	下午你需要打游戏
xiawunixuyaofaweixin	下午你需要发微信
xiawunixuyaofaxiaoxi	下午你需要发消息
xiawunixuyaogongzuo	下午你需要工作
xiawunixuyaoheshui	下午你需要喝水
xiawunixuyaohuijia	下午你需要回家
xiawunixuyaokaiche	下午你需要开车
xiawunixuyaokandianshi	下午你需要看电视
xiawunixuyaokandianying	下午你需要看电影
xiawunixuyaokanshipin	下午你需要看视频
xiawunixuyaokanshu	下午你需要看书
xiawunixuyaoliaotian	下午你需要聊天
xiawunixuyaomaidongxi	下午你需要买东西
xiawunixuyaoquxuexiao	下午你需要去学校
xiawunixuyaoshangban	下午你需要上班
xiawunixuyaoshuijue	下午你需要睡觉
xiawunixuyaotingyinle	下午你需要听音乐
xiawunixuyaowanyouxi	下午你需要玩游戏
xiawunixuyaoxiaban	下午你需要下班
xiawunixuyaoxiuxi	下午你需要休息
xiawunixuyaoxizao	下午你需要洗澡
xiawunixuyaoxuexi	下午你需要学习
xiawunixuyaozuoche	下午你需要坐车
xiawunixuyaozuofan	下午你需要做饭
xiawunixuyaozuofeiji	下午你需要坐飞机
xiawunixuyaozuohuoche	下午你需要坐火车
xiawuniyaochifan	下午你要吃饭
xiawuniyaochumen	下午你要出门
xiawuniyaochuqu	下午你要出去
xiawuniyaodadianhua	下午你要打电话
xiawuniyaodayouxi	下午你要打游戏
xiawuniyaofaweixin	下午你要发微信
xiawuniyaofaxiaoxi	下午你要发消息
xiawuniyaogongzuo	下午你要工作
xiawuniyaoheshui	下午你要喝水
xiawuniyaohuijia	下午你要回家
xiawuniyaokaiche	下午你要开车
xiawuniyaokandianshi	下午你要看电视
xiawuniyaokandianying	下午你要看电影
xiawuniyaokanshipin	下午你要看视频
xiawuniyaokanshu	下午你要看书
xiawuniyaoliaotian	下午你要聊天
xiawuniyaomaidongxi	下午你要买东西
xiawuniyaoquxuexiao	下午你要去学校
xiawuniyaoshangban	下午你要上班
xiawuniyaoshuijue	下午你要睡觉
xiawuniyaotingyinle	下午你要听音乐
xiawuniyaowanyouxi	下午你要玩游戏
xiawuniyaoxiaban	下午你要下班
xiawuniyaoxiuxi	下午你要休息
xiawuniyaoxizao	下午你要洗澡
xiawuniyaoxuexi	下午你要学习
xiawuniyaozuoche	下午你要坐车
xiawuniyaozuofan	下午你要做饭
xiawuniyaozuofeiji	下午你要坐飞机
xiawuniyaozuohuoche	下午你要坐火车
xiawunizhunbeichifan	下午你准备吃饭
xiawunizhunbeichumen	下午你准备出门
xiawunizhunbeichuqu	下午你准备出去
xiawunizhunbeidadianhua	下午你准备打电话
xiawunizhunbeidayouxi	下午你准备打游戏
xiawunizhunbeifaweixin	下午你准备发微信
xiawunizhunbeifaxiaoxi	下午你准备发消息
xiawunizhunbeigongzuo	下午你准备工作
xiawunizhunbeiheshui	下午你准备喝水
xiawunizhunbeihuijia	下午你准备回家
xiawunizhunbeikaiche	下午你准备开车
xiawunizhunbeikandianshi	下午你准备看电视
xiawunizhunbeikandianying	下午你准备看电影
xiawunizhunbeikanshipin	下午你准备看视频
xiawunizhunbeikanshu	下午你准备看书
xiawunizhunbeiliaotian	下午你准备聊天
xiawunizhunbeimaidongxi	下午你准备买东西
xiawunizhunbeiquxuexiao	下午你准备去学校
xiawunizhunbeishangban	下午你准备上班
xiawunizhunbeishuijue	下午你准备睡觉
xiawunizhunbeitingyinle	下午你准备听音乐
xiawunizhunbeiwanyouxi	下午你准备玩游戏
xiawunizhunbeixiaban	下午你准备下班
xiawunizhunbeixiuxi	下午你准备休息
xiawunizhunbeixizao	下午你准备洗澡
xiawunizhunbeixuexi	下午你准备学习
xiawunizhunbeizuoche	下午你准备坐车
xiawunizhunbeizuofan	下午你准备做饭
xiawunizhunbeizuofeiji	下午你准备坐飞机
xiawunizhunbeizuohuoche	下午你准备坐火车
xiawunizuoche	下午你坐车
xiawunizuofan	下午你做饭
xiawunizuofeiji	下午你坐飞机
xiawunizuohuoche	下午你坐火车
xiawutaanzhuangruanjian	下午他安装软件
xiawutabuxiangchifan	下午他不想吃饭
xiawutabuxiangchumen	下午他不想出门
xiawutabuxiangchuqu	下午他不想出去
xiawutabuxiangdadianhua	下午他不想打电话
xiawutabuxiangdayouxi	下午他不想打游戏
xiawutabuxiangfaweixin	下午他不想发微信
xiawutabuxiangfaxiaoxi	下午他不想发消息
xiawutabuxianggongzuo	下午他不想工作
xiawutabuxiangheshui	下午他不想喝水
xiawutabuxianghuijia	下午他不想回家
xiawutabuxiangkaiche	下午他不想开车
xiawutabuxiangkandianshi	下午他不想看电视
xiawutabuxiangkandianying	下午他不想看电影
xiawutabuxiangkanshipin	下午他不想看视频
xiawutabuxiangkanshu	下午他不想看书
xiawutabuxiangliaotian	下午他不想聊天
xiawutabuxiangmaidongxi	下午他不想买东西
xiawutabuxiangquxuexiao	下午他不想去学校
xiawutabuxiangshangban	下午他不想上班
xiawutabuxiangshuijue	下午他不想睡觉
xiawutabuxiangtingyinle	下午他不想听音乐
xiawutabuxiangwanyouxi	下午他不想玩游戏
xiawutabuxiangxiaban	下午他不想下班
xiawutabuxiangxiuxi	下午他不想休息
xiawutabuxiangxizao	下午他不想洗澡
xiawutabuxiangxuexi	下午他不想学习
xiawutabuxiangzuoche	下午他不想坐车
xiawutabuxiangzuofan	下午他不想做饭
xiawutabuxiangzuofeiji	下午他不想坐飞机
xiawutabuxiangzuohuoche	下午他不想坐火车
xiawutabuyaochifan	下午他不要吃饭
xiawutabuyaochumen	下午他不要出门
xiawutabuyaochuqu	下午他不要出去
xiawutabuyaodadianhua	下午他不要打电话
xiawutabuyaodayouxi	下午他不要打游戏
xiawutabuyaofaweixin	下午他不要发微信
xiawutabuyaofaxiaoxi	下午他不要发消息
xiawutabuyaogongzuo	下午他不要工作
xiawutabuyaoheshui	下午他不要喝水
xiawutabuyaohuijia	下午他不要回家
xiawutabuyaokaiche	下午他不要开车
xiawutabuyaokandianshi	下午他不要看电视
xiawutabuyaokandianying	下午他不要看电影
xiawutabuyaokanshipin	下午他不要看视频
xiawutabuyaokanshu	下午他不要看书
xiawutabuyaoliaotian	下午他不要聊天
xiawutabuyaomaidongxi	下午他不要买东西
xiawutabuyaoquxuexiao	下午他不要去学校
xiawutabuyaoshangban	下午他不要上班
xiawutabuyaoshuijue	下午他不要睡觉
xiawutabuyaotingyinle	下午他不要听音乐
xiawutabuyaowanyouxi	下午他不要玩游戏
xiawutabuyaoxiaban	下午他不要下班
xiawutabuyaoxiuxi	下午他不要休息
xiawutabuyaoxizao	下午他不要洗澡
xiawutabuyaoxuexi	下午他不要学习
xiawutabuyaozuoche	下午他不要坐车
xiawutabuyaozuofan	下午他不要做饭
xiawutabuyaozuofeiji	下午他不要坐飞机
xiawutabuyaozuohuoche	下午他不要坐火车
xiawutachifan	下午他吃饭
xiawutachumen	下午他出门
xiawutachuqu	下午他出去
xiawutadadianhua	下午他打电话
xiawutadakaidiannao	下午他打开电脑
xiawutadakairuanjian	下午他打开软件
xiawutadasuanchifan	下午他打算吃饭
xiawutadasuanchumen	下午他打算出门
xiawutadasuanchuqu	下午他打算出去
xiawutadasuandadianhua	下午他打算打电话
xiawutadasuandayouxi	下午他打算打游戏
xiawutadasuanfaweixin	下午他打算发微信
xiawutadasuanfaxiaoxi	下午他打算发消息
xiawutadasuangongzuo	下午他打算工作
xiawutadasuanheshui	下午他打算喝水
xiawutadasuanhuijia	下午他打算回家
xiawutadasuankaiche	下午他打算开车
xiawutadasuankandianshi	下午他打算看电视
xiawutadasuankandianying	下午他打算看电影
xiawutadasuankanshipin	下午他打算看视频
xiawutadasuankanshu	下午他打算看书
xiawutadasuanliaotian	下午他打算聊天
xiawutadasuanmaidongxi	下午他打算买东西
xiawutadasuanquxuexiao	下午他打算去学校
xiawutadasuanshangban	下午他打算上班
xiawutadasuanshuijue	下午他打算睡觉
xiawutadasuantingyinle	下午他打算听音乐
xiawutadasuanwanyouxi	下午他打算玩游戏
xiawutadasuanxiaban	下午他打算下班
xiawutadasuanxiuxi	下午他打算休息
xiawutadasuanxizao	下午他打算洗澡
xiawutadasuanxuexi	下午他打算学习
xiawutadasuanzuoche	下午他打算坐车
xiawutadasuanzuofan	下午他打算做饭
xiawutadasuanzuofeiji	下午他打算坐飞机
xiawutadasuanzuohuoche	下午他打算坐火车
xiawutadayouxi	下午他打游戏
xiawutafaweixin	下午他发微信
xiawutafaxiaoxi	下午他发消息
xiawutagengxinruanjian	下午他更新软件
xiawutagongzuo	下午他工作
xiawutaguanbiruanjian	下午他关闭软件
xiawutaheshui	下午他喝水
xiawutahuijia	下午他回家
xiawutakaiche	下午他开车
xiawutakandianshi	下午他看电视
xiawutakandianying	下午他看电影
xiawutakanshipin	下午他看视频
xiawutakanshu	下午他看书
xiawutakeyichifan	下午他可以吃饭
xiawutakeyichumen	下午他可以出门
xiawutakeyichuqu	下午他可以出去
xiawutakeyidadianhua	下午他可以打电话
xiawutakeyidayouxi	下午他可以打游戏
xiawutakeyifaweixin	下午他可以发微信
xiawutakeyifaxiaoxi	下午他可以发消息
xiawutakeyigongzuo	下午他可以工作
xiawutakeyiheshui	下午他可以喝水
xiawutakeyihuijia	下午他可以回家
xiawutakeyikaiche	下午他可以开车
xiawutakeyikandianshi	下午他可以看电视
xiawutakeyikandianying	下午他可以看电影
xiawutakeyikanshipin	下午他可以看视频
xiawutakeyikanshu	下午他可以看书
xiawutakeyiliaotian	下午他可以聊天
xiawutakeyimaidongxi	下午他可以买东西
xiawutakeyiquxuexiao	下午他可以去学校
xiawutakeyishangban	下午他可以上班
xiawutakeyishuijue	下午他可以睡觉
xiawutakeyitingyinle	下午他可以听音乐
xiawutakeyiwanyouxi	下午他可以玩游戏
xiawutakeyixiaban	下午他可以下班
xiawutakeyixiuxi	下午他可以休息
xiawutakeyixizao	下午他可以洗澡
xiawutakeyixuexi	下午他可以学习
xiawutakeyizuoche	下午他可以坐车
xiawutakeyizuofan	下午他可以做饭
xiawutakeyizuofeiji	下午他可以坐飞机
xiawutakeyizuohuoche	下午他可以坐火车
xiawutalianjiewangluo	下午他连接网络
xiawutaliaotian	下午他聊天
xiawutamaidongxi	下午他买东西
xiawutanengchifan	下午他能吃饭
xiawutanengchumen	下午他能出门
xiawutanengchuqu	下午他能出去
xiawutanengdadianhua	下午他能打电话
xiawutanengdayouxi	下午他能打游戏
xiawutanengfaweixin	下午他能发微信
xiawutanengfaxiaoxi	下午他能发消息
xiawutanenggongzuo	下午他能工作
xiawutanengheshui	下午他能喝水
xiawutanenghuijia	下午他能回家
xiawutanengkaiche	下午他能开车
xiawutanengkandianshi	下午他能看电视
xiawutanengkandianying	下午他能看电影
xiawutanengkanshipin	下午他能看视频
xiawutanengkanshu	下午他能看书
xiawutanengliaotian	下午他能聊天
xiawutanengmaidongxi	下午他能买东西
xiawutanengquxuexiao	下午他能去学校
xiawutanengshangban	下午他能上班
xiawutanengshuijue	下午他能睡觉
xiawutanengtingyinle	下午他能听音乐
xiawutanengwanyouxi	下午他能玩游戏
xiawutanengxiaban	下午他能下班
xiawutanengxiuxi	下午他能休息
xiawutanengxizao	下午他能洗澡
xiawutanengxuexi	下午他能学习
xiawutanengzuoche	下午他能坐车
xiawutanengzuofan	下午他能做饭
xiawutanengzuofeiji	下午他能坐飞机
xiawutanengzuohuoche	下午他能坐火车
xiawutapaizhaopian	下午他拍照片
xiawutaqubeijing	下午他去北京
xiawutaquchaoshi	下午他去超市
xiawutaqugongsi	下午他去公司
xiawutaquguangzhou	下午他去广州
xiawutaqushangchang	下午他去商场
xiawutaqushanghai	下午他去上海
xiawutaqushenzhen	下午他去深圳
xiawutaquxuexiao	下午他去学校
xiawutaquyiyuan	下午他去医院
xiawutashangban	下午他上班
xiawutashiyongdiannao	下午他使用电脑
xiawutashiyongshouji	下午他使用手机
xiawutashuijue	下午他睡觉
xiawutatingyinle	下午他听音乐
xiawutawanyouxi	下午他玩游戏
xiawutaxiaban	下午他下班
xiawutaxiangchifan	下午他想吃饭
xiawutaxiangchumen	下午他想出门
xiawutaxiangchuqu	下午他想出去
xiawutaxiangdadianhua	下午他想打电话
xiawutaxiangdayouxi	下午他想打游戏
xiawutaxiangfaweixin	下午他想发微信
xiawutaxiangfaxiaoxi	下午他想发消息
xiawutaxianggongzuo	下午他想工作
xiawutaxiangheshui	下午他想喝水
xiawutaxianghuijia	下午他想回家
xiawutaxiangkaiche	下午他想开车
xiawutaxiangkandianshi	下午他想看电视
xiawutaxiangkandianying	下午他想看电影
xiawutaxiangkanshipin	下午他想看视频
xiawutaxiangkanshu	下午他想看书
xiawutaxiangliaotian	下午他想聊天
xiawutaxiangmaidongxi	下午他想买东西
xiawutaxiangquxuexiao	下午他想去学校
xiawutaxiangshangban	下午他想上班
xiawutaxiangshuijue	下午他想睡觉
xiawutaxiangtingyinle	下午他想听音乐
xiawutaxiangwanyouxi	下午他想玩游戏
xiawutaxiangxiaban	下午他想下班
xiawutaxiangxiuxi	下午他想休息
xiawutaxiangxizao	下午他想洗澡
xiawutaxiangxuexi	下午他想学习
xiawutaxiangyaochifan	下午他想要吃饭
xiawutaxiangyaochumen	下午他想要出门
xiawutaxiangyaochuqu	下午他想要出去
xiawutaxiangyaodadianhua	下午他想要打电话
xiawutaxiangyaodayouxi	下午他想要打游戏
xiawutaxiangyaofaweixin	下午他想要发微信
xiawutaxiangyaofaxiaoxi	下午他想要发消息
xiawutaxiangyaogongzuo	下午他想要工作
xiawutaxiangyaoheshui	下午他想要喝水
xiawutaxiangyaohuijia	下午他想要回家
xiawutaxiangyaokaiche	下午他想要开车
xiawutaxiangyaokandianshi	下午他想要看电视
xiawutaxiangyaokandianying	下午他想要看电影
xiawutaxiangyaokanshipin	下午他想要看视频
xiawutaxiangyaokanshu	下午他想要看书
xiawutaxiangyaoliaotian	下午他想要聊天
xiawutaxiangyaomaidongxi	下午他想要买东西
xiawutaxiangyaoquxuexiao	下午他想要去学校
xiawutaxiangyaoshangban	下午他想要上班
xiawutaxiangyaoshuijue	下午他想要睡觉
xiawutaxiangyaotingyinle	下午他想要听音乐
xiawutaxiangyaowanyouxi	下午他想要玩游戏
xiawutaxiangyaoxiaban	下午他想要下班
xiawutaxiangyaoxiuxi	下午他想要休息
xiawutaxiangyaoxizao	下午他想要洗澡
xiawutaxiangyaoxuexi	下午他想要学习
xiawutaxiangyaozuoche	下午他想要坐车
xiawutaxiangyaozuofan	下午他想要做饭
xiawutaxiangyaozuofeiji	下午他想要坐飞机
xiawutaxiangyaozuohuoche	下午他想要坐火车
xiawutaxiangzuoche	下午他想坐车
xiawutaxiangzuofan	下午他想做饭
xiawutaxiangzuofeiji	下午他想坐飞机
xiawutaxiangzuohuoche	下午他想坐火车
xiawutaxiugaishezhi	下午他修改设置
xiawutaxiuxi	下午他休息
xiawutaxizao	下午他洗澡
xiawutaxuexi	下午他学习
xiawutaxuyaochifan	下午他需要吃饭
xiawutaxuyaochumen	下午他需要出门
xiawutaxuyaochuqu	下午他需要出去
xiawutaxuyaodadianhua	下午他需要打电话
xiawutaxuyaodayouxi	下午他需要打游戏
xiawutaxuyaofaweixin	下午他需要发微信
xiawutaxuyaofaxiaoxi	下午他需要发消息
xiawutaxuyaogongzuo	下午他需要工作
xiawutaxuyaoheshui	下午他需要喝水
xiawutaxuyaohuijia	下午他需要回家
xiawutaxuyaokaiche	下午他需要开车
xiawutaxuyaokandianshi	下午他需要看电视
xiawutaxuyaokandianying	下午他需要看电影
xiawutaxuyaokanshipin	下午他需要看视频
xiawutaxuyaokanshu	下午他需要看书
xiawutaxuyaoliaotian	下午他需要聊天
xiawutaxuyaomaidongxi	下午他需要买东西
xiawutaxuyaoquxuexiao	下午他需要去学校
xiawutaxuyaoshangban	下午他需要上班
xiawutaxuyaoshuijue	下午他需要睡觉
xiawutaxuyaotingyinle	下午他需要听音乐
xiawutaxuyaowanyouxi	下午他需要玩游戏
xiawutaxuyaoxiaban	下午他需要下班
xiawutaxuyaoxiuxi	下午他需要休息
xiawutaxuyaoxizao	下午他需要洗澡
xiawutaxuyaoxuexi	下午他需要学习
xiawutaxuyaozuoche	下午他需要坐车
xiawutaxuyaozuofan	下午他需要做饭
xiawutaxuyaozuofeiji	下午他需要坐飞机
xiawutaxuyaozuohuoche	下午他需要坐火车
xiawutayaochifan	下午他要吃饭
xiawutayaochumen	下午他要出门
xiawutayaochuqu	下午他要出去
xiawutayaodadianhua	下午他要打电话
xiawutayaodayouxi	下午他要打游戏
xiawutayaofaweixin	下午他要发微信
xiawutayaofaxiaoxi	下午他要发消息
xiawutayaogongzuo	下午他要工作
xiawutayaoheshui	下午他要喝水
xiawutayaohuijia	下午他要回家
xiawutayaokaiche	下午他要开车
xiawutayaokandianshi	下午他要看电视
xiawutayaokandianying	下午他要看电影
xiawutayaokanshipin	下午他要看视频
xiawutayaokanshu	下午他要看书
xiawutayaoliaotian	下午他要聊天
xiawutayaomaidongxi	下午他要买东西
xiawutayaoquxuexiao	下午他要去学校
xiawutayaoshangban	下午他要上班
xiawutayaoshuijue	下午他要睡觉
xiawutayaotingyinle	下午他要听音乐
xiawutayaowanyouxi	下午他要玩游戏
xiawutayaoxiaban	下午他要下班
xiawutayaoxiuxi	下午他要休息
xiawutayaoxizao	下午他要洗澡
xiawutayaoxuexi	下午他要学习
xiawutayaozuoche	下午他要坐车
xiawutayaozuofan	下午他要做饭
xiawutayaozuofeiji	下午他要坐飞机
xiawutayaozuohuoche	下午他要坐火车
xiawutazhunbeichifan	下午他准备吃饭
xiawutazhunbeichumen	下午他准备出门
xiawutazhunbeichuqu	下午他准备出去
xiawutazhunbeidadianhua	下午他准备打电话
xiawutazhunbeidayouxi	下午他准备打游戏
xiawutazhunbeifaweixin	下午他准备发微信
xiawutazhunbeifaxiaoxi	下午他准备发消息
xiawutazhunbeigongzuo	下午他准备工作
xiawutazhunbeiheshui	下午他准备喝水
xiawutazhunbeihuijia	下午他准备回家
xiawutazhunbeikaiche	下午他准备开车
xiawutazhunbeikandianshi	下午他准备看电视
xiawutazhunbeikandianying	下午他准备看电影
xiawutazhunbeikanshipin	下午他准备看视频
xiawutazhunbeikanshu	下午他准备看书
xiawutazhunbeiliaotian	下午他准备聊天
xiawutazhunbeimaidongxi	下午他准备买东西
xiawutazhunbeiquxuexiao	下午他准备去学校
xiawutazhunbeishangban	下午他准备上班
xiawutazhunbeishuijue	下午他准备睡觉
xiawutazhunbeitingyinle	下午他准备听音乐
xiawutazhunbeiwanyouxi	下午他准备玩游戏
xiawutazhunbeixiaban	下午他准备下班
xiawutazhunbeixiuxi	下午他准备休息
xiawutazhunbeixizao	下午他准备洗澡
xiawutazhunbeixuexi	下午他准备学习
xiawutazhunbeizuoche	下午他准备坐车
xiawutazhunbeizuofan	下午他准备做饭
xiawutazhunbeizuofeiji	下午他准备坐飞机
xiawutazhunbeizuohuoche	下午他准备坐火车
xiawutazuoche	下午他坐车
xiawutazuofan	下午他做饭
xiawutazuofeiji	下午他坐飞机
xiawutazuohuoche	下午他坐火车
xiawuwoanzhuangruanjian	下午我安装软件
xiawuwobuxiangchifan	下午我不想吃饭
xiawuwobuxiangchumen	下午我不想出门
xiawuwobuxiangchuqu	下午我不想出去
xiawuwobuxiangdadianhua	下午我不想打电话
xiawuwobuxiangdayouxi	下午我不想打游戏
xiawuwobuxiangfaweixin	下午我不想发微信
xiawuwobuxiangfaxiaoxi	下午我不想发消息
xiawuwobuxianggongzuo	下午我不想工作
xiawuwobuxiangheshui	下午我不想喝水
xiawuwobuxianghuijia	下午我不想回家
xiawuwobuxiangkaiche	下午我不想开车
xiawuwobuxiangkandianshi	下午我不想看电视
xiawuwobuxiangkandianying	下午我不想看电影
xiawuwobuxiangkanshipin	下午我不想看视频
xiawuwobuxiangkanshu	下午我不想看书
xiawuwobuxiangliaotian	下午我不想聊天
xiawuwobuxiangmaidongxi	下午我不想买东西
xiawuwobuxiangquxuexiao	下午我不想去学校
xiawuwobuxiangshangban	下午我不想上班
xiawuwobuxiangshuijue	下午我不想睡觉
xiawuwobuxiangtingyinle	下午我不想听音乐
xiawuwobuxiangwanyouxi	下午我不想玩游戏
xiawuwobuxiangxiaban	下午我不想下班
xiawuwobuxiangxiuxi	下午我不想休息
xiawuwobuxiangxizao	下午我不想洗澡
xiawuwobuxiangxuexi	下午我不想学习
xiawuwobuxiangzuoche	下午我不想坐车
xiawuwobuxiangzuofan	下午我不想做饭
xiawuwobuxiangzuofeiji	下午我不想坐飞机
xiawuwobuxiangzuohuoche	下午我不想坐火车
xiawuwobuyaochifan	下午我不要吃饭
xiawuwobuyaochumen	下午我不要出门
xiawuwobuyaochuqu	下午我不要出去
xiawuwobuyaodadianhua	下午我不要打电话
xiawuwobuyaodayouxi	下午我不要打游戏
xiawuwobuyaofaweixin	下午我不要发微信
xiawuwobuyaofaxiaoxi	下午我不要发消息
xiawuwobuyaogongzuo	下午我不要工作
xiawuwobuyaoheshui	下午我不要喝水
xiawuwobuyaohuijia	下午我不要回家
xiawuwobuyaokaiche	下午我不要开车
xiawuwobuyaokandianshi	下午我不要看电视
xiawuwobuyaokandianying	下午我不要看电影
xiawuwobuyaokanshipin	下午我不要看视频
xiawuwobuyaokanshu	下午我不要看书
xiawuwobuyaoliaotian	下午我不要聊天
xiawuwobuyaomaidongxi	下午我不要买东西
xiawuwobuyaoquxuexiao	下午我不要去学校
xiawuwobuyaoshangban	下午我不要上班
xiawuwobuyaoshuijue	下午我不要睡觉
xiawuwobuyaotingyinle	下午我不要听音乐
xiawuwobuyaowanyouxi	下午我不要玩游戏
xiawuwobuyaoxiaban	下午我不要下班
xiawuwobuyaoxiuxi	下午我不要休息
xiawuwobuyaoxizao	下午我不要洗澡
xiawuwobuyaoxuexi	下午我不要学习
xiawuwobuyaozuoche	下午我不要坐车
xiawuwobuyaozuofan	下午我不要做饭
xiawuwobuyaozuofeiji	下午我不要坐飞机
xiawuwobuyaozuohuoche	下午我不要坐火车
xiawuwochifan	下午我吃饭
xiawuwochumen	下午我出门
xiawuwochuqu	下午我出去
xiawuwodadianhua	下午我打电话
xiawuwodakaidiannao	下午我打开电脑
xiawuwodakairuanjian	下午我打开软件
xiawuwodasuanchifan	下午我打算吃饭
xiawuwodasuanchumen	下午我打算出门
xiawuwodasuanchuqu	下午我打算出去
xiawuwodasuandadianhua	下午我打算打电话
xiawuwodasuandayouxi	下午我打算打游戏
xiawuwodasuanfaweixin	下午我打算发微信
xiawuwodasuanfaxiaoxi	下午我打算发消息
xiawuwodasuangongzuo	下午我打算工作
xiawuwodasuanheshui	下午我打算喝水
xiawuwodasuanhuijia	下午我打算回家
xiawuwodasuankaiche	下午我打算开车
xiawuwodasuankandianshi	下午我打算看电视
xiawuwodasuankandianying	下午我打算看电影
xiawuwodasuankanshipin	下午我打算看视频
xiawuwodasuankanshu	下午我打算看书
xiawuwodasuanliaotian	下午我打算聊天
xiawuwodasuanmaidongxi	下午我打算买东西
xiawuwodasuanquxuexiao	下午我打算去学校
xiawuwodasuanshangban	下午我打算上班
xiawuwodasuanshuijue	下午我打算睡觉
xiawuwodasuantingyinle	下午我打算听音乐
xiawuwodasuanwanyouxi	下午我打算玩游戏
xiawuwodasuanxiaban	下午我打算下班
xiawuwodasuanxiuxi	下午我打算休息
xiawuwodasuanxizao	下午我打算洗澡
xiawuwodasuanxuexi	下午我打算学习
xiawuwodasuanzuoche	下午我打算坐车
xiawuwodasuanzuofan	下午我打算做饭
xiawuwodasuanzuofeiji	下午我打算坐飞机
xiawuwodasuanzuohuoche	下午我打算坐火车
xiawuwodayouxi	下午我打游戏
xiawuwofaweixin	下午我发微信
xiawuwofaxiaoxi	下午我发消息
xiawuwogengxinruanjian	下午我更新软件
xiawuwogongzuo	下午我工作
xiawuwoguanbiruanjian	下午我关闭软件
xiawuwoheshui	下午我喝水
xiawuwohuijia	下午我回家
xiawuwokaiche	下午我开车
xiawuwokandianshi	下午我看电视
xiawuwokandianying	下午我看电影
xiawuwokanshipin	下午我看视频
xiawuwokanshu	下午我看书
xiawuwokeyichifan	下午我可以吃饭
xiawuwokeyichumen	下午我可以出门
xiawuwokeyichuqu	下午我可以出去
xiawuwokeyidadianhua	下午我可以打电话
xiawuwokeyidayouxi	下午我可以打游戏
xiawuwokeyifaweixin	下午我可以发微信
xiawuwokeyifaxiaoxi	下午我可以发消息
xiawuwokeyigongzuo	下午我可以工作
xiawuwokeyiheshui	下午我可以喝水
xiawuwokeyihuijia	下午我可以回家
xiawuwokeyikaiche	下午我可以开车
xiawuwokeyikandianshi	下午我可以看电视
xiawuwokeyikandianying	下午我可以看电影
xiawuwokeyikanshipin	下午我可以看视频
xiawuwokeyikanshu	下午我可以看书
xiawuwokeyiliaotian	下午我可以聊天
xiawuwokeyimaidongxi	下午我可以买东西
xiawuwokeyiquxuexiao	下午我可以去学校
xiawuwokeyishangban	下午我可以上班
xiawuwokeyishuijue	下午我可以睡觉
xiawuwokeyitingyinle	下午我可以听音乐
xiawuwokeyiwanyouxi	下午我可以玩游戏
xiawuwokeyixiaban	下午我可以下班
xiawuwokeyixiuxi	下午我可以休息
xiawuwokeyixizao	下午我可以洗澡
xiawuwokeyixuexi	下午我可以学习
xiawuwokeyizuoche	下午我可以坐车
xiawuwokeyizuofan	下午我可以做饭
xiawuwokeyizuofeiji	下午我可以坐飞机
xiawuwokeyizuohuoche	下午我可以坐火车
xiawuwolianjiewangluo	下午我连接网络
xiawuwoliaotian	下午我聊天
xiawuwomaidongxi	下午我买东西
xiawuwomenanzhuangruanjian	下午我们安装软件
xiawuwomenbuxiangchifan	下午我们不想吃饭
xiawuwomenbuxiangchumen	下午我们不想出门
xiawuwomenbuxiangchuqu	下午我们不想出去
xiawuwomenbuxiangdadianhua	下午我们不想打电话
xiawuwomenbuxiangdayouxi	下午我们不想打游戏
xiawuwomenbuxiangfaweixin	下午我们不想发微信
xiawuwomenbuxiangfaxiaoxi	下午我们不想发消息
xiawuwomenbuxianggongzuo	下午我们不想工作
xiawuwomenbuxiangheshui	下午我们不想喝水
xiawuwomenbuxianghuijia	下午我们不想回家
xiawuwomenbuxiangkaiche	下午我们不想开车
xiawuwomenbuxiangkandianshi	下午我们不想看电视
xiawuwomenbuxiangkandianying	下午我们不想看电影
xiawuwomenbuxiangkanshipin	下午我们不想看视频
xiawuwomenbuxiangkanshu	下午我们不想看书
xiawuwomenbuxiangliaotian	下午我们不想聊天
xiawuwomenbuxiangmaidongxi	下午我们不想买东西
xiawuwomenbuxiangquxuexiao	下午我们不想去学校
xiawuwomenbuxiangshangban	下午我们不想上班
xiawuwomenbuxiangshuijue	下午我们不想睡觉
xiawuwomenbuxiangtingyinle	下午我们不想听音乐
xiawuwomenbuxiangwanyouxi	下午我们不想玩游戏
xiawuwomenbuxiangxiaban	下午我们不想下班
xiawuwomenbuxiangxiuxi	下午我们不想休息
xiawuwomenbuxiangxizao	下午我们不想洗澡
xiawuwomenbuxiangxuexi	下午我们不想学习
xiawuwomenbuxiangzuoche	下午我们不想坐车
xiawuwomenbuxiangzuofan	下午我们不想做饭
xiawuwomenbuxiangzuofeiji	下午我们不想坐飞机
xiawuwomenbuxiangzuohuoche	下午我们不想坐火车
xiawuwomenbuyaochifan	下午我们不要吃饭
xiawuwomenbuyaochumen	下午我们不要出门
xiawuwomenbuyaochuqu	下午我们不要出去
xiawuwomenbuyaodadianhua	下午我们不要打电话
xiawuwomenbuyaodayouxi	下午我们不要打游戏
xiawuwomenbuyaofaweixin	下午我们不要发微信
xiawuwomenbuyaofaxiaoxi	下午我们不要发消息
xiawuwomenbuyaogongzuo	下午我们不要工作
xiawuwomenbuyaoheshui	下午我们不要喝水
xiawuwomenbuyaohuijia	下午我们不要回家
xiawuwomenbuyaokaiche	下午我们不要开车
xiawuwomenbuyaokandianshi	下午我们不要看电视
xiawuwomenbuyaokandianying	下午我们不要看电影
xiawuwomenbuyaokanshipin	下午我们不要看视频
xiawuwomenbuyaokanshu	下午我们不要看书
xiawuwomenbuyaoliaotian	下午我们不要聊天
xiawuwomenbuyaomaidongxi	下午我们不要买东西
xiawuwomenbuyaoquxuexiao	下午我们不要去学校
xiawuwomenbuyaoshangban	下午我们不要上班
xiawuwomenbuyaoshuijue	下午我们不要睡觉
xiawuwomenbuyaotingyinle	下午我们不要听音乐
xiawuwomenbuyaowanyouxi	下午我们不要玩游戏
xiawuwomenbuyaoxiaban	下午我们不要下班
xiawuwomenbuyaoxiuxi	下午我们不要休息
xiawuwomenbuyaoxizao	下午我们不要洗澡
xiawuwomenbuyaoxuexi	下午我们不要学习
xiawuwomenbuyaozuoche	下午我们不要坐车
xiawuwomenbuyaozuofan	下午我们不要做饭
xiawuwomenbuyaozuofeiji	下午我们不要坐飞机
xiawuwomenbuyaozuohuoche	下午我们不要坐火车
xiawuwomenchifan	下午我们吃饭
xiawuwomenchumen	下午我们出门
xiawuwomenchuqu	下午我们出去
xiawuwomendadianhua	下午我们打电话
xiawuwomendakaidiannao	下午我们打开电脑
xiawuwomendakairuanjian	下午我们打开软件
xiawuwomendasuanchifan	下午我们打算吃饭
xiawuwomendasuanchumen	下午我们打算出门
xiawuwomendasuanchuqu	下午我们打算出去
xiawuwomendasuandadianhua	下午我们打算打电话
xiawuwomendasuandayouxi	下午我们打算打游戏
xiawuwomendasuanfaweixin	下午我们打算发微信
xiawuwomendasuanfaxiaoxi	下午我们打算发消息
xiawuwomendasuangongzuo	下午我们打算工作
xiawuwomendasuanheshui	下午我们打算喝水
xiawuwomendasuanhuijia	下午我们打算回家
xiawuwomendasuankaiche	下午我们打算开车
xiawuwomendasuankandianshi	下午我们打算看电视
xiawuwomendasuankandianying	下午我们打算看电影
xiawuwomendasuankanshipin	下午我们打算看视频
xiawuwomendasuankanshu	下午我们打算看书
xiawuwomendasuanliaotian	下午我们打算聊天
xiawuwomendasuanmaidongxi	下午我们打算买东西
xiawuwomendasuanquxuexiao	下午我们打算去学校
xiawuwomendasuanshangban	下午我们打算上班
xiawuwomendasuanshuijue	下午我们打算睡觉
xiawuwomendasuantingyinle	下午我们打算听音乐
xiawuwomendasuanwanyouxi	下午我们打算玩游戏
xiawuwomendasuanxiaban	下午我们打算下班
xiawuwomendasuanxiuxi	下午我们打算休息
xiawuwomendasuanxizao	下午我们打算洗澡
xiawuwomendasuanxuexi	下午我们打算学习
xiawuwomendasuanzuoche	下午我们打算坐车
xiawuwomendasuanzuofan	下午我们打算做饭
xiawuwomendasuanzuofeiji	下午我们打算坐飞机
xiawuwomendasuanzuohuoche	下午我们打算坐火车
xiawuwomendayouxi	下午我们打游戏
xiawuwomenfaweixin	下午我们发微信
xiawuwomenfaxiaoxi	下午我们发消息
xiawuwomengengxinruanjian	下午我们更新软件
xiawuwomengongzuo	下午我们工作
xiawuwomenguanbiruanjian	下午我们关闭软件
xiawuwomenheshui	下午我们喝水
xiawuwomenhuijia	下午我们回家
xiawuwomenkaiche	下午我们开车
xiawuwomenkandianshi	下午我们看电视
xiawuwomenkandianying	下午我们看电影
xiawuwomenkanshipin	下午我们看视频
xiawuwomenkanshu	下午我们看书
xiawuwomenkeyichifan	下午我们可以吃饭
xiawuwomenkeyichumen	下午我们可以出门
xiawuwomenkeyichuqu	下午我们可以出去
xiawuwomenkeyidadianhua	下午我们可以打电话
xiawuwomenkeyidayouxi	下午我们可以打游戏
xiawuwomenkeyifaweixin	下午我们可以发微信
xiawuwomenkeyifaxiaoxi	下午我们可以发消息
xiawuwomenkeyigongzuo	下午我们可以工作
xiawuwomenkeyiheshui	下午我们可以喝水
xiawuwomenkeyihuijia	下午我们可以回家
xiawuwomenkeyikaiche	下午我们可以开车
xiawuwomenkeyikandianshi	下午我们可以看电视
xiawuwomenkeyikandianying	下午我们可以看电影
xiawuwomenkeyikanshipin	下午我们可以看视频
xiawuwomenkeyikanshu	下午我们可以看书
xiawuwomenkeyiliaotian	下午我们可以聊天
xiawuwomenkeyimaidongxi	下午我们可以买东西
xiawuwomenkeyiquxuexiao	下午我们可以去学校
xiawuwomenkeyishangban	下午我们可以上班
xiawuwomenkeyishuijue	下午我们可以睡觉
xiawuwomenkeyitingyinle	下午我们可以听音乐
xiawuwomenkeyiwanyouxi	下午我们可以玩游戏
xiawuwomenkeyixiaban	下午我们可以下班
xiawuwomenkeyixiuxi	下午我们可以休息
xiawuwomenkeyixizao	下午我们可以洗澡
xiawuwomenkeyixuexi	下午我们可以学习
xiawuwomenkeyizuoche	下午我们可以坐车
xiawuwomenkeyizuofan	下午我们可以做饭
xiawuwomenkeyizuofeiji	下午我们可以坐飞机
xiawuwomenkeyizuohuoche	下午我们可以坐火车
xiawuwomenlianjiewangluo	下午我们连接网络
xiawuwomenliaotian	下午我们聊天
xiawuwomenmaidongxi	下午我们买东西
xiawuwomennengchifan	下午我们能吃饭
xiawuwomennengchumen	下午我们能出门
xiawuwomennengchuqu	下午我们能出去
xiawuwomennengdadianhua	下午我们能打电话
xiawuwomennengdayouxi	下午我们能打游戏
xiawuwomennengfaweixin	下午我们能发微信
xiawuwomennengfaxiaoxi	下午我们能发消息
xiawuwomennenggongzuo	下午我们能工作
xiawuwomennengheshui	下午我们能喝水
xiawuwomennenghuijia	下午我们能回家
xiawuwomennengkaiche	下午我们能开车
xiawuwomennengkandianshi	下午我们能看电视
xiawuwomennengkandianying	下午我们能看电影
xiawuwomennengkanshipin	下午我们能看视频
xiawuwomennengkanshu	下午我们能看书
xiawuwomennengliaotian	下午我们能聊天
xiawuwomennengmaidongxi	下午我们能买东西
xiawuwomennengquxuexiao	下午我们能去学校
xiawuwomennengshangban	下午我们能上班
xiawuwomennengshuijue	下午我们能睡觉
xiawuwomennengtingyinle	下午我们能听音乐
xiawuwomennengwanyouxi	下午我们能玩游戏
xiawuwomennengxiaban	下午我们能下班
xiawuwomennengxiuxi	下午我们能休息
xiawuwomennengxizao	下午我们能洗澡
xiawuwomennengxuexi	下午我们能学习
xiawuwomennengzuoche	下午我们能坐车
xiawuwomennengzuofan	下午我们能做饭
xiawuwomennengzuofeiji	下午我们能坐飞机
xiawuwomennengzuohuoche	下午我们能坐火车
xiawuwomenpaizhaopian	下午我们拍照片
xiawuwomenqubeijing	下午我们去北京
xiawuwomenquchaoshi	下午我们去超市
xiawuwomenqugongsi	下午我们去公司
xiawuwomenquguangzhou	下午我们去广州
xiawuwomenqushangchang	下午我们去商场
xiawuwomenqushanghai	下午我们去上海
xiawuwomenqushenzhen	下午我们去深圳
xiawuwomenquxuexiao	下午我们去学校
xiawuwomenquyiyuan	下午我们去医院
xiawuwomenshangban	下午我们上班
xiawuwomenshiyongdiannao	下午我们使用电脑
xiawuwomenshiyongshouji	下午我们使用手机
xiawuwomenshuijue	下午我们睡觉
xiawuwomentingyinle	下午我们听音乐
xiawuwomenwanyouxi	下午我们玩游戏
xiawuwomenxiaban	下午我们下班
xiawuwomenxiangchifan	下午我们想吃饭
xiawuwomenxiangchumen	下午我们想出门
xiawuwomenxiangchuqu	下午我们想出去
xiawuwomenxiangdadianhua	下午我们想打电话
xiawuwomenxiangdayouxi	下午我们想打游戏
xiawuwomenxiangfaweixin	下午我们想发微信
xiawuwomenxiangfaxiaoxi	下午我们想发消息
xiawuwomenxianggongzuo	下午我们想工作
xiawuwomenxiangheshui	下午我们想喝水
xiawuwomenxianghuijia	下午我们想回家
xiawuwomenxiangkaiche	下午我们想开车
xiawuwomenxiangkandianshi	下午我们想看电视
xiawuwomenxiangkandianying	下午我们想看电影
xiawuwomenxiangkanshipin	下午我们想看视频
xiawuwomenxiangkanshu	下午我们想看书
xiawuwomenxiangliaotian	下午我们想聊天
xiawuwomenxiangmaidongxi	下午我们想买东西
xiawuwomenxiangquxuexiao	下午我们想去学校
xiawuwomenxiangshangban	下午我们想上班
xiawuwomenxiangshuijue	下午我们想睡觉
xiawuwomenxiangtingyinle	下午我们想听音乐
xiawuwomenxiangwanyouxi	下午我们想玩游戏
xiawuwomenxiangxiaban	下午我们想下班
xiawuwomenxiangxiuxi	下午我们想休息
xiawuwomenxiangxizao	下午我们想洗澡
xiawuwomenxiangxuexi	下午我们想学习
xiawuwomenxiangyaochifan	下午我们想要吃饭
xiawuwomenxiangyaochumen	下午我们想要出门
xiawuwomenxiangyaochuqu	下午我们想要出去
xiawuwomenxiangyaodadianhua	下午我们想要打电话
xiawuwomenxiangyaodayouxi	下午我们想要打游戏
xiawuwomenxiangyaofaweixin	下午我们想要发微信
xiawuwomenxiangyaofaxiaoxi	下午我们想要发消息
xiawuwomenxiangyaogongzuo	下午我们想要工作
xiawuwomenxiangyaoheshui	下午我们想要喝水
xiawuwomenxiangyaohuijia	下午我们想要回家
xiawuwomenxiangyaokaiche	下午我们想要开车
xiawuwomenxiangyaokandianshi	下午我们想要看电视
xiawuwomenxiangyaokandianying	下午我们想要看电影
xiawuwomenxiangyaokanshipin	下午我们想要看视频
xiawuwomenxiangyaokanshu	下午我们想要看书
xiawuwomenxiangyaoliaotian	下午我们想要聊天
xiawuwomenxiangyaomaidongxi	下午我们想要买东西
xiawuwomenxiangyaoquxuexiao	下午我们想要去学校
xiawuwomenxiangyaoshangban	下午我们想要上班
xiawuwomenxiangyaoshuijue	下午我们想要睡觉
xiawuwomenxiangyaotingyinle	下午我们想要听音乐
xiawuwomenxiangyaowanyouxi	下午我们想要玩游戏
xiawuwomenxiangyaoxiaban	下午我们想要下班
xiawuwomenxiangyaoxiuxi	下午我们想要休息
xiawuwomenxiangyaoxizao	下午我们想要洗澡
xiawuwomenxiangyaoxuexi	下午我们想要学习
xiawuwomenxiangyaozuoche	下午我们想要坐车
xiawuwomenxiangyaozuofan	下午我们想要做饭
xiawuwomenxiangyaozuofeiji	下午我们想要坐飞机
xiawuwomenxiangyaozuohuoche	下午我们想要坐火车
xiawuwomenxiangzuoche	下午我们想坐车
xiawuwomenxiangzuofan	下午我们想做饭
xiawuwomenxiangzuofeiji	下午我们想坐飞机
xiawuwomenxiangzuohuoche	下午我们想坐火车
xiawuwomenxiugaishezhi	下午我们修改设置
xiawuwomenxiuxi	下午我们休息
xiawuwomenxizao	下午我们洗澡
xiawuwomenxuexi	下午我们学习
xiawuwomenxuyaochifan	下午我们需要吃饭
xiawuwomenxuyaochumen	下午我们需要出门
xiawuwomenxuyaochuqu	下午我们需要出去
xiawuwomenxuyaodadianhua	下午我们需要打电话
xiawuwomenxuyaodayouxi	下午我们需要打游戏
xiawuwomenxuyaofaweixin	下午我们需要发微信
xiawuwomenxuyaofaxiaoxi	下午我们需要发消息
xiawuwomenxuyaogongzuo	下午我们需要工作
xiawuwomenxuyaoheshui	下午我们需要喝水
xiawuwomenxuyaohuijia	下午我们需要回家
xiawuwomenxuyaokaiche	下午我们需要开车
xiawuwomenxuyaokandianshi	下午我们需要看电视
xiawuwomenxuyaokandianying	下午我们需要看电影
xiawuwomenxuyaokanshipin	下午我们需要看视频
xiawuwomenxuyaokanshu	下午我们需要看书
xiawuwomenxuyaoliaotian	下午我们需要聊天
xiawuwomenxuyaomaidongxi	下午我们需要买东西
xiawuwomenxuyaoquxuexiao	下午我们需要去学校
xiawuwomenxuyaoshangban	下午我们需要上班
xiawuwomenxuyaoshuijue	下午我们需要睡觉
xiawuwomenxuyaotingyinle	下午我们需要听音乐
xiawuwomenxuyaowanyouxi	下午我们需要玩游戏
xiawuwomenxuyaoxiaban	下午我们需要下班
xiawuwomenxuyaoxiuxi	下午我们需要休息
xiawuwomenxuyaoxizao	下午我们需要洗澡
xiawuwomenxuyaoxuexi	下午我们需要学习
xiawuwomenxuyaozuoche	下午我们需要坐车
xiawuwomenxuyaozuofan	下午我们需要做饭
xiawuwomenxuyaozuofeiji	下午我们需要坐飞机
xiawuwomenxuyaozuohuoche	下午我们需要坐火车
xiawuwomenyaochifan	下午我们要吃饭
xiawuwomenyaochumen	下午我们要出门
xiawuwomenyaochuqu	下午我们要出去
xiawuwomenyaodadianhua	下午我们要打电话
xiawuwomenyaodayouxi	下午我们要打游戏
xiawuwomenyaofaweixin	下午我们要发微信
xiawuwomenyaofaxiaoxi	下午我们要发消息
xiawuwomenyaogongzuo	下午我们要工作
xiawuwomenyaoheshui	下午我们要喝水
xiawuwomenyaohuijia	下午我们要回家
xiawuwomenyaokaiche	下午我们要开车
xiawuwomenyaokandianshi	下午我们要看电视
xiawuwomenyaokandianying	下午我们要看电影
xiawuwomenyaokanshipin	下午我们要看视频
xiawuwomenyaokanshu	下午我们要看书
xiawuwomenyaoliaotian	下午我们要聊天
xiawuwomenyaomaidongxi	下午我们要买东西
xiawuwomenyaoquxuexiao	下午我们要去学校
xiawuwomenyaoshangban	下午我们要上班
xiawuwomenyaoshuijue	下午我们要睡觉
xiawuwomenyaotingyinle	下午我们要听音乐
xiawuwomenyaowanyouxi	下午我们要玩游戏
xiawuwomenyaoxiaban	下午我们要下班
xiawuwomenyaoxiuxi	下午我们要休息
xiawuwomenyaoxizao	下午我们要洗澡
xiawuwomenyaoxuexi	下午我们要学习
xiawuwomenyaozuoche	下午我们要坐车
xiawuwomenyaozuofan	下午我们要做饭
xiawuwomenyaozuofeiji	下午我们要坐飞机
xiawuwomenyaozuohuoche	下午我们要坐火车
xiawuwomenzhunbeichifan	下午我们准备吃饭
xiawuwomenzhunbeichumen	下午我们准备出门
xiawuwomenzhunbeichuqu	下午我们准备出去
xiawuwomenzhunbeidadianhua	下午我们准备打电话
xiawuwomenzhunbeidayouxi	下午我们准备打游戏
xiawuwomenzhunbeifaweixin	下午我们准备发微信
xiawuwomenzhunbeifaxiaoxi	下午我们准备发消息
xiawuwomenzhunbeigongzuo	下午我们准备工作
xiawuwomenzhunbeiheshui	下午我们准备喝水
xiawuwomenzhunbeihuijia	下午我们准备回家
xiawuwomenzhunbeikaiche	下午我们准备开车
xiawuwomenzhunbeikandianshi	下午我们准备看电视
xiawuwomenzhunbeikandianying	下午我们准备看电影
xiawuwomenzhunbeikanshipin	下午我们准备看视频
xiawuwomenzhunbeikanshu	下午我们准备看书
xiawuwomenzhunbeiliaotian	下午我们准备聊天
xiawuwomenzhunbeimaidongxi	下午我们准备买东西
xiawuwomenzhunbeiquxuexiao	下午我们准备去学校
xiawuwomenzhunbeishangban	下午我们准备上班
xiawuwomenzhunbeishuijue	下午我们准备睡觉
xiawuwomenzhunbeitingyinle	下午我们准备听音乐
xiawuwomenzhunbeiwanyouxi	下午我们准备玩游戏
xiawuwomenzhunbeixiaban	下午我们准备下班
xiawuwomenzhunbeixiuxi	下午我们准备休息
xiawuwomenzhunbeixizao	下午我们准备洗澡
xiawuwomenzhunbeixuexi	下午我们准备学习
xiawuwomenzhunbeizuoche	下午我们准备坐车
xiawuwomenzhunbeizuofan	下午我们准备做饭
xiawuwomenzhunbeizuofeiji	下午我们准备坐飞机
xiawuwomenzhunbeizuohuoche	下午我们准备坐火车
xiawuwomenzuoche	下午我们坐车
xiawuwomenzuofan	下午我们做饭
xiawuwomenzuofeiji	下午我们坐飞机
xiawuwomenzuohuoche	下午我们坐火车
xiawuwonengchifan	下午我能吃饭
xiawuwonengchumen	下午我能出门
xiawuwonengchuqu	下午我能出去
xiawuwonengdadianhua	下午我能打电话
xiawuwonengdayouxi	下午我能打游戏
xiawuwonengfaweixin	下午我能发微信
xiawuwonengfaxiaoxi	下午我能发消息
xiawuwonenggongzuo	下午我能工作
xiawuwonengheshui	下午我能喝水
xiawuwonenghuijia	下午我能回家
xiawuwonengkaiche	下午我能开车
xiawuwonengkandianshi	下午我能看电视
xiawuwonengkandianying	下午我能看电影
xiawuwonengkanshipin	下午我能看视频
xiawuwonengkanshu	下午我能看书
xiawuwonengliaotian	下午我能聊天
xiawuwonengmaidongxi	下午我能买东西
xiawuwonengquxuexiao	下午我能去学校
xiawuwonengshangban	下午我能上班
xiawuwonengshuijue	下午我能睡觉
xiawuwonengtingyinle	下午我能听音乐
xiawuwonengwanyouxi	下午我能玩游戏
xiawuwonengxiaban	下午我能下班
xiawuwonengxiuxi	下午我能休息
xiawuwonengxizao	下午我能洗澡
xiawuwonengxuexi	下午我能学习
xiawuwonengzuoche	下午我能坐车
xiawuwonengzuofan	下午我能做饭
xiawuwonengzuofeiji	下午我能坐飞机
xiawuwonengzuohuoche	下午我能坐火车
xiawuwopaizhaopian	下午我拍照片
xiawuwoqubeijing	下午我去北京
xiawuwoquchaoshi	下午我去超市
xiawuwoqugongsi	下午我去公司
xiawuwoquguangzhou	下午我去广州
xiawuwoqushangchang	下午我去商场
xiawuwoqushanghai	下午我去上海
xiawuwoqushenzhen	下午我去深圳
xiawuwoquxuexiao	下午我去学校
xiawuwoquyiyuan	下午我去医院
xiawuwoshangban	下午我上班
xiawuwoshiyongdiannao	下午我使用电脑
xiawuwoshiyongshouji	下午我使用手机
xiawuwoshuijue	下午我睡觉
xiawuwotingyinle	下午我听音乐
xiawuwowanyouxi	下午我玩游戏
xiawuwoxiaban	下午我下班
xiawuwoxiangchifan	下午我想吃饭
xiawuwoxiangchumen	下午我想出门
xiawuwoxiangchuqu	下午我想出去
xiawuwoxiangdadianhua	下午我想打电话
xiawuwoxiangdayouxi	下午我想打游戏
xiawuwoxiangfaweixin	下午我想发微信
xiawuwoxiangfaxiaoxi	下午我想发消息
xiawuwoxianggongzuo	下午我想工作
xiawuwoxiangheshui	下午我想喝水
xiawuwoxianghuijia	下午我想回家
xiawuwoxiangkaiche	下午我想开车
xiawuwoxiangkandianshi	下午我想看电视
xiawuwoxiangkandianying	下午我想看电影
xiawuwoxiangkanshipin	下午我想看视频
xiawuwoxiangkanshu	下午我想看书
xiawuwoxiangliaotian	下午我想聊天
xiawuwoxiangmaidongxi	下午我想买东西
xiawuwoxiangquxuexiao	下午我想去学校
xiawuwoxiangshangban	下午我想上班
xiawuwoxiangshuijue	下午我想睡觉
xiawuwoxiangtingyinle	下午我想听音乐
xiawuwoxiangwanyouxi	下午我想玩游戏
xiawuwoxiangxiaban	下午我想下班
xiawuwoxiangxiuxi	下午我想休息
xiawuwoxiangxizao	下午我想洗澡
xiawuwoxiangxuexi	下午我想学习
xiawuwoxiangyaochifan	下午我想要吃饭
xiawuwoxiangyaochumen	下午我想要出门
xiawuwoxiangyaochuqu	下午我想要出去
xiawuwoxiangyaodadianhua	下午我想要打电话
xiawuwoxiangyaodayouxi	下午我想要打游戏
xiawuwoxiangyaofaweixin	下午我想要发微信
xiawuwoxiangyaofaxiaoxi	下午我想要发消息
xiawuwoxiangyaogongzuo	下午我想要工作
xiawuwoxiangyaoheshui	下午我想要喝水
xiawuwoxiangyaohuijia	下午我想要回家
xiawuwoxiangyaokaiche	下午我想要开车
xiawuwoxiangyaokandianshi	下午我想要看电视
xiawuwoxiangyaokandianying	下午我想要看电影
xiawuwoxiangyaokanshipin	下午我想要看视频
xiawuwoxiangyaokanshu	下午我想要看书
xiawuwoxiangyaoliaotian	下午我想要聊天
xiawuwoxiangyaomaidongxi	下午我想要买东西
xiawuwoxiangyaoquxuexiao	下午我想要去学校
xiawuwoxiangyaoshangban	下午我想要上班
xiawuwoxiangyaoshuijue	下午我想要睡觉
xiawuwoxiangyaotingyinle	下午我想要听音乐
xiawuwoxiangyaowanyouxi	下午我想要玩游戏
xiawuwoxiangyaoxiaban	下午我想要下班
xiawuwoxiangyaoxiuxi	下午我想要休息
xiawuwoxiangyaoxizao	下午我想要洗澡
xiawuwoxiangyaoxuexi	下午我想要学习
xiawuwoxiangyaozuoche	下午我想要坐车
xiawuwoxiangyaozuofan	下午我想要做饭
xiawuwoxiangyaozuofeiji	下午我想要坐飞机
xiawuwoxiangyaozuohuoche	下午我想要坐火车
xiawuwoxiangzuoche	下午我想坐车
xiawuwoxiangzuofan	下午我想做饭
xiawuwoxiangzuofeiji	下午我想坐飞机
xiawuwoxiangzuohuoche	下午我想坐火车
xiawuwoxiugaishezhi	下午我修改设置
xiawuwoxiuxi	下午我休息
xiawuwoxizao	下午我洗澡
xiawuwoxuexi	下午我学习
xiawuwoxuyaochifan	下午我需要吃饭
xiawuwoxuyaochumen	下午我需要出门
xiawuwoxuyaochuqu	下午我需要出去
xiawuwoxuyaodadianhua	下午我需要打电话
xiawuwoxuyaodayouxi	下午我需要打游戏
xiawuwoxuyaofaweixin	下午我需要发微信
xiawuwoxuyaofaxiaoxi	下午我需要发消息
xiawuwoxuyaogongzuo	下午我需要工作
xiawuwoxuyaoheshui	下午我需要喝水
xiawuwoxuyaohuijia	下午我需要回家
xiawuwoxuyaokaiche	下午我需要开车
xiawuwoxuyaokandianshi	下午我需要看电视
xiawuwoxuyaokandianying	下午我需要看电影
xiawuwoxuyaokanshipin	下午我需要看视频
xiawuwoxuyaokanshu	下午我需要看书
xiawuwoxuyaoliaotian	下午我需要聊天
xiawuwoxuyaomaidongxi	下午我需要买东西
xiawuwoxuyaoquxuexiao	下午我需要去学校
xiawuwoxuyaoshangban	下午我需要上班
xiawuwoxuyaoshuijue	下午我需要睡觉
xiawuwoxuyaotingyinle	下午我需要听音乐
xiawuwoxuyaowanyouxi	下午我需要玩游戏
xiawuwoxuyaoxiaban	下午我需要下班
xiawuwoxuyaoxiuxi	下午我需要休息
xiawuwoxuyaoxizao	下午我需要洗澡
xiawuwoxuyaoxuexi	下午我需要学习
xiawuwoxuyaozuoche	下午我需要坐车
xiawuwoxuyaozuofan	下午我需要做饭
xiawuwoxuyaozuofeiji	下午我需要坐飞机
xiawuwoxuyaozuohuoche	下午我需要坐火车
xiawuwoyaochifan	下午我要吃饭
xiawuwoyaochumen	下午我要出门
xiawuwoyaochuqu	下午我要出去
xiawuwoyaodadianhua	下午我要打电话
xiawuwoyaodayouxi	下午我要打游戏
xiawuwoyaofaweixin	下午我要发微信
xiawuwoyaofaxiaoxi	下午我要发消息
xiawuwoyaogongzuo	下午我要工作
xiawuwoyaoheshui	下午我要喝水
xiawuwoyaohuijia	下午我要回家
xiawuwoyaokaiche	下午我要开车
xiawuwoyaokandianshi	下午我要看电视
xiawuwoyaokandianying	下午我要看电影
xiawuwoyaokanshipin	下午我要看视频
xiawuwoyaokanshu	下午我要看书
xiawuwoyaoliaotian	下午我要聊天
xiawuwoyaomaidongxi	下午我要买东西
xiawuwoyaoquxuexiao	下午我要去学校
xiawuwoyaoshangban	下午我要上班
xiawuwoyaoshuijue	下午我要睡觉
xiawuwoyaotingyinle	下午我要听音乐
xiawuwoyaowanyouxi	下午我要玩游戏
xiawuwoyaoxiaban	下午我要下班
xiawuwoyaoxiuxi	下午我要休息
xiawuwoyaoxizao	下午我要洗澡
xiawuwoyaoxuexi	下午我要学习
xiawuwoyaozuoche	下午我要坐车
xiawuwoyaozuofan	下午我要做饭
xiawuwoyaozuofeiji	下午我要坐飞机
xiawuwoyaozuohuoche	下午我要坐火车
xiawuwozhunbeichifan	下午我准备吃饭
xiawuwozhunbeichumen	下午我准备出门
xiawuwozhunbeichuqu	下午我准备出去
xiawuwozhunbeidadianhua	下午我准备打电话
xiawuwozhunbeidayouxi	下午我准备打游戏
xiawuwozhunbeifaweixin	下午我准备发微信
xiawuwozhunbeifaxiaoxi	下午我准备发消息
xiawuwozhunbeigongzuo	下午我准备工作
xiawuwozhunbeiheshui	下午我准备喝水
xiawuwozhunbeihuijia	下午我准备回家
xiawuwozhunbeikaiche	下午我准备开车
xiawuwozhunbeikandianshi	下午我准备看电视
xiawuwozhunbeikandianying	下午我准备看电影
xiawuwozhunbeikanshipin	下午我准备看视频
xiawuwozhunbeikanshu	下午我准备看书
xiawuwozhunbeiliaotian	下午我准备聊天
xiawuwozhunbeimaidongxi	下午我准备买东西
xiawuwozhunbeiquxuexiao	下午我准备去学校
xiawuwozhunbeishangban	下午我准备上班
xiawuwozhunbeishuijue	下午我准备睡觉
xiawuwozhunbeitingyinle	下午我准备听音乐
xiawuwozhunbeiwanyouxi	下午我准备玩游戏
xiawuwozhunbeixiaban	下午我准备下班
xiawuwozhunbeixiuxi	下午我准备休息
xiawuwozhunbeixizao	下午我准备洗澡
xiawuwozhunbeixuexi	下午我准备学习
xiawuwozhunbeizuoche	下午我准备坐车
xiawuwozhunbeizuofan	下午我准备做饭
xiawuwozhunbeizuofeiji	下午我准备坐飞机
xiawuwozhunbeizuohuoche	下午我准备坐火车
xiawuwozuoche	下午我坐车
xiawuwozuofan	下午我做饭
xiawuwozuofeiji	下午我坐飞机
xiawuwozuohuoche	下午我坐火车
xiaxue	下雪
xiayici	下一词
xiayiciyuce	下一词预测
xiayu	下雨
xiazai	下载
xiazaishibai	下载失败
xiazaiwenjian	下载文件
xie	些	亵	偕	写	勰	协	卸	屑	廨	懈	挟	携	撷	斜	械	楔
xiedaima	写代码
xiexie	谢谢
xiexieni	谢谢你
xiezai	卸载
xiezairuanjian	卸载软件
xiezi	写字
xigua	西瓜
xihuan	喜欢
xin	新	心	信	囟	忄	忻	昕	欣	歆	芯	薪	衅	辛	鑫	锌	馨
xing	行	性	兴	刑	型	姓	幸	形	悻	惺	擤	星	杏	猩	硎	腥
xingneng	性能
xingqier	星期二
xingqiliu	星期六
xingqiri	星期日
xingqisan	星期三
xingqisi	星期四
xingqiwu	星期五
xingqiyi	星期一
xinkule	辛苦了
xiong	兄	凶	匈	汹	熊	胸	芎	雄
xitong	系统
xiu	休	修	咻	嗅	岫	庥	朽	溴	秀	绣	羞	袖	貅	锈	馐	髹
xiufu	修复
xiugai	修改
xiugaishezhi	修改设置
xiugaiwenjian	修改文件
xiuxi	休息
xizao	洗澡
xu	许	勖	叙	吁	嘘	墟	婿	序	徐	恤	戌	旭	栩	洫	溆	煦
xuan	儇	喧	宣	悬	揎	旋	暄	楦	泫	渲	漩	炫	煊	玄	璇	痃
xuanxiang	选项
xue	学	削	噱	泶	穴	薛	血	谑	踅	雪	靴	鳕
xuesheng	学生
xuexi	学习
xuexiao	学校
xun	勋	埙	寻	峋	巡	巽	徇	循	恂	旬	曛	殉	汛	洵	浔	熏
xuyao	需要
ya	丫	亚	伢	压	呀	哑	垭	娅	岈	崖	押	揠	桠	氩	涯	牙
yan	严	俨	偃	兖	厌	厣	咽	唁	堰	奄	妍	嫣	宴	岩	崦	延
yang	样	仰	佯	养	央	徉	怏	恙	扬	杨	殃	氧	泱	洋	漾	炀
yanse	颜色
yao	要	吆	咬	夭	妖	姚	尧	崾	幺	徭	摇	曜	杳	爻	珧	瑶
yaobuyao	要不要
yaobuyaochifan	要不要吃饭
yaobuyaochumen	要不要出门
yaobuyaochuqu	要不要出去
yaobuyaodadianhua	要不要打电话
yaobuyaodayouxi	要不要打游戏
yaobuyaofaweixin	要不要发微信
yaobuyaofaxiaoxi	要不要发消息
yaobuyaogongzuo	要不要工作
yaobuyaoheshui	要不要喝水
yaobuyaohuijia	要不要回家
yaobuyaokaiche	要不要开车
yaobuyaokandianshi	要不要看电视
yaobuyaokandianying	要不要看电影
yaobuyaokanshipin	要不要看视频
yaobuyaokanshu	要不要看书
yaobuyaoliaotian	要不要聊天
yaobuyaomaidongxi	要不要买东西
yaobuyaoqubeijing	要不要去北京
yaobuyaoquchaoshi	要不要去超市
yaobuyaoqugongsi	要不要去公司
yaobuyaoqushangchang	要不要去商场
yaobuyaoqushanghai	要不要去上海
yaobuyaoquxuexiao	要不要去学校
yaobuyaoquyiyuan	要不要去医院
yaobuyaoshangban	要不要上班
yaobuyaoshuijue	要不要睡觉
yaobuyaotingyinle	要不要听音乐
yaobuyaowanyouxi	要不要玩游戏
yaobuyaoxiaban	要不要下班
yaobuyaoxiuxi	要不要休息
yaobuyaoxizao	要不要洗澡
yaobuyaoxuexi	要不要学习
yaobuyaozuoche	要不要坐车
yaobuyaozuofan	要不要做饭
yaobuyaozuofeiji	要不要坐飞机
yaobuyaozuohuoche	要不要坐火车
ye	也	业	冶	叶	噎	夜	掖	揶	晔	曳	椰	液	烨	爷	耶	腋
yemian	页面
yexiao	夜宵
yeye	爷爷
yi	一	以	已	意	义	乙	亦	亿	仪	伊	佚	佾	依	倚	刈	劓
yichang	异常
yihuier	一会儿
yihuierjian	一会儿见
yin	印	吟	吲	喑	因	垠	堙	夤	姻	寅	尹	廴	引	殷	氤	洇
ying	应	嘤	婴	媵	嬴	影	撄	映	楹	樱	滢	潆	瀛	瑛	璎	瘿
yinggai	应该
yingguo	英国
yingwen	英文
yingyong	应用
yingyu	英语
yinle	音乐
yintian	阴天
yinxiao	音效
yinying	阴影
yisheng	医生
yiyuan	医院
yo	哟	唷
yong	用	佣	俑	勇	咏	喁	墉	壅	庸	恿	慵	拥	永	泳	涌	甬
yonghu	用户
yonghuciku	用户词库
you	有	又	优	佑	侑	卣	友	右	呦	囿	宥	尤	幼	幽	忧	悠
youbian	右边
youmeiyou	有没有
yu	于	与	予	伛	余	俞	俣	喻	圄	圉	域	妤	妪	娱	宇	寓
yuan	远	元	冤	原	员	园	圆	垣	垸	塬	媛	怨	愿	掾	援	橼
yuanjiao	圆角
yuanyin	原因
yuce	预测
yue	月	刖	岳	悦	曰	樾	瀹	粤	约	越	跃	钺	阅	龠
yun	云	允	匀	孕	恽	愠	昀	晕	殒	氲	熨	狁	筠	纭	耘	芸
yunduan	云端
yuyanbao	语言包
yuyanmoxing	语言模型
yuyinshuru	语音输入
za	匝	咂	咋	拶	杂	砸
zai	在	再	哉	宰	崽	栽	灾	甾	载
zaijian	再见
zainali	在哪里
zan	咱	攒	昝	暂	瓒	簪	糌	赞	趱	錾
zang	奘	脏	臧	葬	赃	驵
zanting	暂停
zao	早	凿	唣	噪	枣	澡	灶	燥	皂	糟	藻	蚤	躁	造	遭
zaocan	早餐
zaoshang	早上
zaoshanghao	早上好
zaoshangnianzhuangruanjian	早上你安装软件
zaoshangnibuxiangchifan	早上你不想吃饭
zaoshangnibuxiangchumen	早上你不想出门
zaoshangnibuxiangchuqu	早上你不想出去
zaoshangnibuxiangdadianhua	早上你不想打电话
zaoshangnibuxiangdayouxi	早上你不想打游戏
zaoshangnibuxiangfaweixin	早上你不想发微信
zaoshangnibuxiangfaxiaoxi	早上你不想发消息
zaoshangnibuxianggongzuo	早上你不想工作
zaoshangnibuxiangheshui	早上你不想喝水
zaoshangnibuxianghuijia	早上你不想回家
zaoshangnibuxiangkaiche	早上你不想开车
zaoshangnibuxiangkandianshi	早上你不想看电视
zaoshangnibuxiangkandianying	早上你不想看电影
zaoshangnibuxiangkanshipin	早上你不想看视频
zaoshangnibuxiangkanshu	早上你不想看书
zaoshangnibuxiangliaotian	早上你不想聊天
zaoshangnibuxiangmaidongxi	早上你不想买东西
zaoshangnibuxiangquxuexiao	早上你不想去学校
zaoshangnibuxiangshangban	早上你不想上班
zaoshangnibuxiangshuijue	早上你不想睡觉
zaoshangnibuxiangtingyinle	早上你不想听音乐
zaoshangnibuxiangwanyouxi	早上你不想玩游戏
zaoshangnibuxiangxiaban	早上你不想下班
zaoshangnibuxiangxiuxi	早上你不想休息
zaoshangnibuxiangxizao	早上你不想洗澡
zaoshangnibuxiangxuexi	早上你不想学习
zaoshangnibuxiangzuoche	早上你不想坐车
zaoshangnibuxiangzuofan	早上你不想做饭
zaoshangnibuxiangzuofeiji	早上你不想坐飞机
zaoshangnibuxiangzuohuoche	早上你不想坐火车
zaoshangnibuyaochifan	早上你不要吃饭
zaoshangnibuyaochumen	早上你不要出门
zaoshangnibuyaochuqu	早上你不要出去
zaoshangnibuyaodadianhua	早上你不要打电话
zaoshangnibuyaodayouxi	早上你不要打游戏
zaoshangnibuyaofaweixin	早上你不要发微信
zaoshangnibuyaofaxiaoxi	早上你不要发消息
zaoshangnibuyaogongzuo	早上你不要工作
zaoshangnibuyaoheshui	早上你不要喝水
zaoshangnibuyaohuijia	早上你不要回家
zaoshangnibuyaokaiche	早上你不要开车
zaoshangnibuyaokandianshi	早上你不要看电视
zaoshangnibuyaokandianying	早上你不要看电影
zaoshangnibuyaokanshipin	早上你不要看视频
zaoshangnibuyaokanshu	早上你不要看书
zaoshangnibuyaoliaotian	早上你不要聊天
zaoshangnibuyaomaidongxi	早上你不要买东西
zaoshangnibuyaoquxuexiao	早上你不要去学校
zaoshangnibuyaoshangban	早上你不要上班
zaoshangnibuyaoshuijue	早上你不要睡觉
zaoshangnibuyaotingyinle	早上你不要听音乐
zaoshangnibuyaowanyouxi	早上你不要玩游戏
zaoshangnibuyaoxiaban	早上你不要下班
zaoshangnibuyaoxiuxi	早上你不要休息
zaoshangnibuyaoxizao	早上你不要洗澡
zaoshangnibuyaoxuexi	早上你不要学习
zaoshangnibuyaozuoche	早上你不要坐车
zaoshangnibuyaozuofan	早上你不要做饭
zaoshangnibuyaozuofeiji	早上你不要坐飞机
zaoshangnibuyaozuohuoche	早上你不要坐火车
zaoshangnichifan	早上你吃饭
zaoshangnichumen	早上你出门
zaoshangnichuqu	早上你出去
zaoshangnidadianhua	早上你打电话
zaoshangnidakaidiannao	早上你打开电脑
zaoshangnidakairuanjian	早上你打开软件
zaoshangnidasuanchifan	早上你打算吃饭
zaoshangnidasuanchumen	早上你打算出门
zaoshangnidasuanchuqu	早上你打算出去
zaoshangnidasuandadianhua	早上你打算打电话
zaoshangnidasuandayouxi	早上你打算打游戏
zaoshangnidasuanfaweixin	早上你打算发微信
zaoshangnidasuanfaxiaoxi	早上你打算发消息
zaoshangnidasuangongzuo	早上你打算工作
zaoshangnidasuanheshui	早上你打算喝水
zaoshangnidasuanhuijia	早上你打算回家
zaoshangnidasuankaiche	早上你打算开车
zaoshangnidasuankandianshi	早上你打算看电视
zaoshangnidasuankandianying	早上你打算看电影
zaoshangnidasuankanshipin	早上你打算看视频
zaoshangnidasuankanshu	早上你打算看书
zaoshangnidasuanliaotian	早上你打算聊天
zaoshangnidasuanmaidongxi	早上你打算买东西
zaoshangnidasuanquxuexiao	早上你打算去学校
zaoshangnidasuanshangban	早上你打算上班
zaoshangnidasuanshuijue	早上你打算睡觉
zaoshangnidasuantingyinle	早上你打算听音乐
zaoshangnidasuanwanyouxi	早上你打算玩游戏
zaoshangnidasuanxiaban	早上你打算下班
zaoshangnidasuanxiuxi	早上你打算休息
zaoshangnidasuanxizao	早上你打算洗澡
zaoshangnidasuanxuexi	早上你打算学习
zaoshangnidasuanzuoche	早上你打算坐车
zaoshangnidasuanzuofan	早上你打算做饭
zaoshangnidasuanzuofeiji	早上你打算坐飞机
zaoshangnidasuanzuohuoche	早上你打算坐火车
zaoshangnidayouxi	早上你打游戏
zaoshangnifaweixin	早上你发微信
zaoshangnifaxiaoxi	早上你发消息
zaoshangnigengxinruanjian	早上你更新软件
zaoshangnigongzuo	早上你工作
zaoshangniguanbiruanjian	早上你关闭软件
zaoshangniheshui	早上你喝水
zaoshangnihuijia	早上你回家
zaoshangnikaiche	早上你开车
zaoshangnikandianshi	早上你看电视
zaoshangnikandianying	早上你看电影
zaoshangnikanshipin	早上你看视频
zaoshangnikanshu	早上你看书
zaoshangnikeyichifan	早上你可以吃饭
zaoshangnikeyichumen	早上你可以出门
zaoshangnikeyichuqu	早上你可以出去
zaoshangnikeyidadianhua	早上你可以打电话
zaoshangnikeyidayouxi	早上你可以打游戏
zaoshangnikeyifaweixin	早上你可以发微信
zaoshangnikeyifaxiaoxi	早上你可以发消息
zaoshangnikeyigongzuo	早上你可以工作
zaoshangnikeyiheshui	早上你可以喝水
zaoshangnikeyihuijia	早上你可以回家
zaoshangnikeyikaiche	早上你可以开车
zaoshangnikeyikandianshi	早上你可以看电视
zaoshangnikeyikandianying	早上你可以看电影
zaoshangnikeyikanshipin	早上你可以看视频
zaoshangnikeyikanshu	早上你可以看书
zaoshangnikeyiliaotian	早上你可以聊天
zaoshangnikeyimaidongxi	早上你可以买东西
zaoshangnikeyiquxuexiao	早上你可以去学校
zaoshangnikeyishangban	早上你可以上班
zaoshangnikeyishuijue	早上你可以睡觉
zaoshangnikeyitingyinle	早上你可以听音乐
zaoshangnikeyiwanyouxi	早上你可以玩游戏
zaoshangnikeyixiaban	早上你可以下班
zaoshangnikeyixiuxi	早上你可以休息
zaoshangnikeyixizao	早上你可以洗澡
zaoshangnikeyixuexi	早上你可以学习
zaoshangnikeyizuoche	早上你可以坐车
zaoshangnikeyizuofan	早上你可以做饭
zaoshangnikeyizuofeiji	早上你可以坐飞机
zaoshangnikeyizuohuoche	早上你可以坐火车
zaoshangnilianjiewangluo	早上你连接网络
zaoshangniliaotian	早上你聊天
zaoshangnimaidongxi	早上你买东西
zaoshangninengchifan	早上你能吃饭
zaoshangninengchumen	早上你能出门
zaoshangninengchuqu	早上你能出去
zaoshangninengdadianhua	早上你能打电话
zaoshangninengdayouxi	早上你能打游戏
zaoshangninengfaweixin	早上你能发微信
zaoshangninengfaxiaoxi	早上你能发消息
zaoshangninenggongzuo	早上你能工作
zaoshangninengheshui	早上你能喝水
zaoshangninenghuijia	早上你能回家
zaoshangninengkaiche	早上你能开车
zaoshangninengkandianshi	早上你能看电视
zaoshangninengkandianying	早上你能看电影
zaoshangninengkanshipin	早上你能看视频
zaoshangninengkanshu	早上你能看书
zaoshangninengliaotian	早上你能聊天
zaoshangninengmaidongxi	早上你能买东西
zaoshangninengquxuexiao	早上你能去学校
zaoshangninengshangban	早上你能上班
zaoshangninengshuijue	早上你能睡觉
zaoshangninengtingyinle	早上你能听音乐
zaoshangninengwanyouxi	早上你能玩游戏
zaoshangninengxiaban	早上你能下班
zaoshangninengxiuxi	早上你能休息
zaoshangninengxizao	早上你能洗澡
zaoshangninengxuexi	早上你能学习
zaoshangninengzuoche	早上你能坐车
zaoshangninengzuofan	早上你能做饭
zaoshangninengzuofeiji	早上你能坐飞机
zaoshangninengzuohuoche	早上你能坐火车
zaoshangnipaizhaopian	早上你拍照片
zaoshangniqubeijing	早上你去北京
zaoshangniquchaoshi	早上你去超市
zaoshangniqugongsi	早上你去公司
zaoshangniquguangzhou	早上你去广州
zaoshangniqushangchang	早上你去商场
zaoshangniqushanghai	早上你去上海
zaoshangniqushenzhen	早上你去深圳
zaoshangniquxuexiao	早上你去学校
zaoshangniquyiyuan	早上你去医院
zaoshangnishangban	早上你上班
zaoshangnishiyongdiannao	早上你使用电脑
zaoshangnishiyongshouji	早上你使用手机
zaoshangnishuijue	早上你睡觉
zaoshangnitingyinle	早上你听音乐
zaoshangniwanyouxi	早上你玩游戏
zaoshangnixiaban	早上你下班
zaoshangnixiangchifan	早上你想吃饭
zaoshangnixiangchumen	早上你想出门
zaoshangnixiangchuqu	早上你想出去
zaoshangnixiangdadianhua	早上你想打电话
zaoshangnixiangdayouxi	早上你想打游戏
zaoshangnixiangfaweixin	早上你想发微信
zaoshangnixiangfaxiaoxi	早上你想发消息
zaoshangnixianggongzuo	早上你想工作
zaoshangnixiangheshui	早上你想喝水
zaoshangnixianghuijia	早上你想回家
zaoshangnixiangkaiche	早上你想开车
zaoshangnixiangkandianshi	早上你想看电视
zaoshangnixiangkandianying	早上你想看电影
zaoshangnixiangkanshipin	早上你想看视频
zaoshangnixiangkanshu	早上你想看书
zaoshangnixiangliaotian	早上你想聊天
zaoshangnixiangmaidongxi	早上你想买东西
zaoshangnixiangquxuexiao	早上你想去学校
zaoshangnixiangshangban	早上你想上班
zaoshangnixiangshuijue	早上你想睡觉
zaoshangnixiangtingyinle	早上你想听音乐
zaoshangnixiangwanyouxi	早上你想玩游戏
zaoshangnixiangxiaban	早上你想下班
zaoshangnixiangxiuxi	早上你想休息
zaoshangnixiangxizao	早上你想洗澡
zaoshangnixiangxuexi	早上你想学习
zaoshangnixiangyaochifan	早上你想要吃饭
zaoshangnixiangyaochumen	早上你想要出门
zaoshangnixiangyaochuqu	早上你想要出去
zaoshangnixiangyaodadianhua	早上你想要打电话
zaoshangnixiangyaodayouxi	早上你想要打游戏
zaoshangnixiangyaofaweixin	早上你想要发微信
zaoshangnixiangyaofaxiaoxi	早上你想要发消息
zaoshangnixiangyaogongzuo	早上你想要工作
zaoshangnixiangyaoheshui	早上你想要喝水
zaoshangnixiangyaohuijia	早上你想要回家
zaoshangnixiangyaokaiche	早上你想要开车
zaoshangnixiangyaokandianshi	早上你想要看电视
zaoshangnixiangyaokandianying	早上你想要看电影
zaoshangnixiangyaokanshipin	早上你想要看视频
zaoshangnixiangyaokanshu	早上你想要看书
zaoshangnixiangyaoliaotian	早上你想要聊天
zaoshangnixiangyaomaidongxi	早上你想要买东西
zaoshangnixiangyaoquxuexiao	早上你想要去学校
zaoshangnixiangyaoshangban	早上你想要上班
zaoshangnixiangyaoshuijue	早上你想要睡觉
zaoshangnixiangyaotingyinle	早上你想要听音乐
zaoshangnixiangyaowanyouxi	早上你想要玩游戏
zaoshangnixiangyaoxiaban	早上你想要下班
zaoshangnixiangyaoxiuxi	早上你想要休息
zaoshangnixiangyaoxizao	早上你想要洗澡
zaoshangnixiangyaoxuexi	早上你想要学习
zaoshangnixiangyaozuoche	早上你想要坐车
zaoshangnixiangyaozuofan	早上你想要做饭
zaoshangnixiangyaozuofeiji	早上你想要坐飞机
zaoshangnixiangyaozuohuoche	早上你想要坐火车
zaoshangnixiangzuoche	早上你想坐车
zaoshangnixiangzuofan	早上你想做饭
zaoshangnixiangzuofeiji	早上你想坐飞机
zaoshangnixiangzuohuoche	早上你想坐火车
zaoshangnixiugaishezhi	早上你修改设置
zaoshangnixiuxi	早上你休息
zaoshangnixizao	早上你洗澡
zaoshangnixuexi	早上你学习
zaoshangnixuyaochifan	早上你需要吃饭
zaoshangnixuyaochumen	早上你需要出门
zaoshangnixuyaochuqu	早上你需要出去
zaoshangnixuyaodadianhua	早上你需要打电话
zaoshangnixuyaodayouxi	早上你需要打游戏
zaoshangnixuyaofaweixin	早上你需要发微信
zaoshangnixuyaofaxiaoxi	早上你需要发消息
zaoshangnixuyaogongzuo	早上你需要工作
zaoshangnixuyaoheshui	早上你需要喝水
zaoshangnixuyaohuijia	早上你需要回家
zaoshangnixuyaokaiche	早上你需要开车
zaoshangnixuyaokandianshi	早上你需要看电视
zaoshangnixuyaokandianying	早上你需要看电影
zaoshangnixuyaokanshipin	早上你需要看视频
zaoshangnixuyaokanshu	早上你需要看书
zaoshangnixuyaoliaotian	早上你需要聊天
zaoshangnixuyaomaidongxi	早上你需要买东西
zaoshangnixuyaoquxuexiao	早上你需要去学校
zaoshangnixuyaoshangban	早上你需要上班
zaoshangnixuyaoshuijue	早上你需要睡觉
zaoshangnixuyaotingyinle	早上你需要听音乐
zaoshangnixuyaowanyouxi	早上你需要玩游戏
zaoshangnixuyaoxiaban	早上你需要下班
zaoshangnixuyaoxiuxi	早上你需要休息
zaoshangnixuyaoxizao	早上你需要洗澡
zaoshangnixuyaoxuexi	早上你需要学习
zaoshangnixuyaozuoche	早上你需要坐车
zaoshangnixuyaozuofan	早上你需要做饭
zaoshangnixuyaozuofeiji	早上你需要坐飞机
zaoshangnixuyaozuohuoche	早上你需要坐火车
zaoshangniyaochifan	早上你要吃饭
zaoshangniyaochumen	早上你要出门
zaoshangniyaochuqu	早上你要出去
zaoshangniyaodadianhua	早上你要打电话
zaoshangniyaodayouxi	早上你要打游戏
zaoshangniyaofaweixin	早上你要发微信
zaoshangniyaofaxiaoxi	早上你要发消息
zaoshangniyaogongzuo	早上你要工作
zaoshangniyaoheshui	早上你要喝水
zaoshangniyaohuijia	早上你要回家
zaoshangniyaokaiche	早上你要开车
zaoshangniyaokandianshi	早上你要看电视
zaoshangniyaokandianying	早上你要看电影
zaoshangniyaokanshipin	早上你要看视频
zaoshangniyaokanshu	早上你要看书
zaoshangniyaoliaotian	早上你要聊天
zaoshangniyaomaidongxi	早上你要买东西
zaoshangniyaoquxuexiao	早上你要去学校
zaoshangniyaoshangban	早上你要上班
zaoshangniyaoshuijue	早上你要睡觉
zaoshangniyaotingyinle	早上你要听音乐
zaoshangniyaowanyouxi	早上你要玩游戏
zaoshangniyaoxiaban	早上你要下班
zaoshangniyaoxiuxi	早上你要休息
zaoshangniyaoxizao	早上你要洗澡
zaoshangniyaoxuexi	早上你要学习
zaoshangniyaozuoche	早上你要坐车
zaoshangniyaozuofan	早上你要做饭
zaoshangniyaozuofeiji	早上你要坐飞机
zaoshangniyaozuohuoche	早上你要坐火车
zaoshangnizhunbeichifan	早上你准备吃饭
zaoshangnizhunbeichumen	早上你准备出门
zaoshangnizhunbeichuqu	早上你准备出去
zaoshangnizhunbeidadianhua	早上你准备打电话
zaoshangnizhunbeidayouxi	早上你准备打游戏
zaoshangnizhunbeifaweixin	早上你准备发微信
zaoshangnizhunbeifaxiaoxi	早上你准备发消息
zaoshangnizhunbeigongzuo	早上你准备工作
zaoshangnizhunbeiheshui	早上你准备喝水
zaoshangnizhunbeihuijia	早上你准备回家
zaoshangnizhunbeikaiche	早上你准备开车
zaoshangnizhunbeikandianshi	早上你准备看电视
zaoshangnizhunbeikandianying	早上你准备看电影
zaoshangnizhunbeikanshipin	早上你准备看视频
zaoshangnizhunbeikanshu	早上你准备看书
zaoshangnizhunbeiliaotian	早上你准备聊天
zaoshangnizhunbeimaidongxi	早上你准备买东西
zaoshangnizhunbeiquxuexiao	早上你准备去学校
zaoshangnizhunbeishangban	早上你准备上班
zaoshangnizhunbeishuijue	早上你准备睡觉
zaoshangnizhunbeitingyinle	早上你准备听音乐
zaoshangnizhunbeiwanyouxi	早上你准备玩游戏
zaoshangnizhunbeixiaban	早上你准备下班
zaoshangnizhunbeixiuxi	早上你准备休息
zaoshangnizhunbeixizao	早上你准备洗澡
zaoshangnizhunbeixuexi	早上你准备学习
zaoshangnizhunbeizuoche	早上你准备坐车
zaoshangnizhunbeizuofan	早上你准备做饭
zaoshangnizhunbeizuofeiji	早上你准备坐飞机
zaoshangnizhunbeizuohuoche	早上你准备坐火车
zaoshangnizuoche	早上你坐车
zaoshangnizuofan	早上你做饭
zaoshangnizuofeiji	早上你坐飞机
zaoshangnizuohuoche	早上你坐火车
zaoshangtaanzhuangruanjian	早上他安装软件
zaoshangtabuxiangchifan	早上他不想吃饭
zaoshangtabuxiangchumen	早上他不想出门
zaoshangtabuxiangchuqu	早上他不想出去
zaoshangtabuxiangdadianhua	早上他不想打电话
zaoshangtabuxiangdayouxi	早上他不想打游戏
zaoshangtabuxiangfaweixin	早上他不想发微信
zaoshangtabuxiangfaxiaoxi	早上他不想发消息
zaoshangtabuxianggongzuo	早上他不想工作
zaoshangtabuxiangheshui	早上他不想喝水
zaoshangtabuxianghuijia	早上他不想回家
zaoshangtabuxiangkaiche	早上他不想开车
zaoshangtabuxiangkandianshi	早上他不想看电视
zaoshangtabuxiangkandianying	早上他不想看电影
zaoshangtabuxiangkanshipin	早上他不想看视频
zaoshangtabuxiangkanshu	早上他不想看书
zaoshangtabuxiangliaotian	早上他不想聊天
zaoshangtabuxiangmaidongxi	早上他不想买东西
zaoshangtabuxiangquxuexiao	早上他不想去学校
zaoshangtabuxiangshangban	早上他不想上班
zaoshangtabuxiangshuijue	早上他不想睡觉
zaoshangtabuxiangtingyinle	早上他不想听音乐
zaoshangtabuxiangwanyouxi	早上他不想玩游戏
zaoshangtabuxiangxiaban	早上他不想下班
zaoshangtabuxiangxiuxi	早上他不想休息
zaoshangtabuxiangxizao	早上他不想洗澡
zaoshangtabuxiangxuexi	早上他不想学习
zaoshangtabuxiangzuoche	早上他不想坐车
zaoshangtabuxiangzuofan	早上他不想做饭
zaoshangtabuxiangzuofeiji	早上他不想坐飞机
zaoshangtabuxiangzuohuoche	早上他不想坐火车
zaoshangtabuyaochifan	早上他不要吃饭
zaoshangtabuyaochumen	早上他不要出门
zaoshangtabuyaochuqu	早上他不要出去
zaoshangtabuyaodadianhua	早上他不要打电话
zaoshangtabuyaodayouxi	早上他不要打游戏
zaoshangtabuyaofaweixin	早上他不要发微信
zaoshangtabuyaofaxiaoxi	早上他不要发消息
zaoshangtabuyaogongzuo	早上他不要工作
zaoshangtabuyaoheshui	早上他不要喝水
zaoshangtabuyaohuijia	早上他不要回家
zaoshangtabuyaokaiche	早上他不要开车
zaoshangtabuyaokandianshi	早上他不要看电视
zaoshangtabuyaokandianying	早上他不要看电影
zaoshangtabuyaokanshipin	早上他不要看视频
zaoshangtabuyaokanshu	早上他不要看书
zaoshangtabuyaoliaotian	早上他不要聊天
zaoshangtabuyaomaidongxi	早上他不要买东西
zaoshangtabuyaoquxuexiao	早上他不要去学校
zaoshangtabuyaoshangban	早上他不要上班
zaoshangtabuyaoshuijue	早上他不要睡觉
zaoshangtabuyaotingyinle	早上他不要听音乐
zaoshangtabuyaowanyouxi	早上他不要玩游戏
zaoshangtabuyaoxiaban	早上他不要下班
zaoshangtabuyaoxiuxi	早上他不要休息
zaoshangtabuyaoxizao	早上他不要洗澡
zaoshangtabuyaoxuexi	早上他不要学习
zaoshangtabuyaozuoche	早上他不要坐车
zaoshangtabuyaozuofan	早上他不要做饭
zaoshangtabuyaozuofeiji	早上他不要坐飞机
zaoshangtabuyaozuohuoche	早上他不要坐火车
zaoshangtachifan	早上他吃饭
zaoshangtachumen	早上他出门
zaoshangtachuqu	早上他出去
zaoshangtadadianhua	早上他打电话
zaoshangtadakaidiannao	早上他打开电脑
zaoshangtadakairuanjian	早上他打开软件
zaoshangtadasuanchifan	早上他打算吃饭
zaoshangtadasuanchumen	早上他打算出门
zaoshangtadasuanchuqu	早上他打算出去
zaoshangtadasuandadianhua	早上他打算打电话
zaoshangtadasuandayouxi	早上他打算打游戏
zaoshangtadasuanfaweixin	早上他打算发微信
zaoshangtadasuanfaxiaoxi	早上他打算发消息
zaoshangtadasuangongzuo	早上他打算工作
zaoshangtadasuanheshui	早上他打算喝水
zaoshangtadasuanhuijia	早上他打算回家
zaoshangtadasuankaiche	早上他打算开车
zaoshangtadasuankandianshi	早上他打算看电视
zaoshangtadasuankandianying	早上他打算看电影
zaoshangtadasuankanshipin	早上他打算看视频
zaoshangtadasuankanshu	早上他打算看书
zaoshangtadasuanliaotian	早上他打算聊天
zaoshangtadasuanmaidongxi	早上他打算买东西
zaoshangtadasuanquxuexiao	早上他打算去学校
zaoshangtadasuanshangban	早上他打算上班
zaoshangtadasuanshuijue	早上他打算睡觉
zaoshangtadasuantingyinle	早上他打算听音乐
zaoshangtadasuanwanyouxi	早上他打算玩游戏
zaoshangtadasuanxiaban	早上他打算下班
zaoshangtadasuanxiuxi	早上他打算休息
zaoshangtadasuanxizao	早上他打算洗澡
zaoshangtadasuanxuexi	早上他打算学习
zaoshangtadasuanzuoche	早上他打算坐车
zaoshangtadasuanzuofan	早上他打算做饭
zaoshangtadasuanzuofeiji	早上他打算坐飞机
zaoshangtadasuanzuohuoche	早上他打算坐火车
zaoshangtadayouxi	早上他打游戏
zaoshangtafaweixin	早上他发微信
zaoshangtafaxiaoxi	早上他发消息
zaoshangtagengxinruanjian	早上他更新软件
zaoshangtagongzuo	早上他工作
zaoshangtaguanbiruanjian	早上他关闭软件
zaoshangtaheshui	早上他喝水
zaoshangtahuijia	早上他回家
zaoshangtakaiche	早上他开车
zaoshangtakandianshi	早上他看电视
zaoshangtakandianying	早上他看电影
zaoshangtakanshipin	早上他看视频
zaoshangtakanshu	早上他看书
zaoshangtakeyichifan	早上他可以吃饭
zaoshangtakeyichumen	早上他可以出门
zaoshangtakeyichuqu	早上他可以出去
zaoshangtakeyidadianhua	早上他可以打电话
zaoshangtakeyidayouxi	早上他可以打游戏
zaoshangtakeyifaweixin	早上他可以发微信
zaoshangtakeyifaxiaoxi	早上他可以发消息
zaoshangtakeyigongzuo	早上他可以工作
zaoshangtakeyiheshui	早上他可以喝水
zaoshangtakeyihuijia	早上他可以回家
zaoshangtakeyikaiche	早上他可以开车
zaoshangtakeyikandianshi	早上他可以看电视
zaoshangtakeyikandianying	早上他可以看电影
zaoshangtakeyikanshipin	早上他可以看视频
zaoshangtakeyikanshu	早上他可以看书
zaoshangtakeyiliaotian	早上他可以聊天
zaoshangtakeyimaidongxi	早上他可以买东西
zaoshangtakeyiquxuexiao	早上他可以去学校
zaoshangtakeyishangban	早上他可以上班
zaoshangtakeyishuijue	早上他可以睡觉
zaoshangtakeyitingyinle	早上他可以听音乐
zaoshangtakeyiwanyouxi	早上他可以玩游戏
zaoshangtakeyixiaban	早上他可以下班
zaoshangtakeyixiuxi	早上他可以休息
zaoshangtakeyixizao	早上他可以洗澡
zaoshangtakeyixuexi	早上他可以学习
zaoshangtakeyizuoche	早上他可以坐车
zaoshangtakeyizuofan	早上他可以做饭
zaoshangtakeyizuofeiji	早上他可以坐飞机
zaoshangtakeyizuohuoche	早上他可以坐火车
zaoshangtalianjiewangluo	早上他连接网络
zaoshangtaliaotian	早上他聊天
zaoshangtamaidongxi	早上他买东西
zaoshangtanengchifan	早上他能吃饭
zaoshangtanengchumen	早上他能出门
zaoshangtanengchuqu	早上他能出去
zaoshangtanengdadianhua	早上他能打电话
zaoshangtanengdayouxi	早上他能打游戏
zaoshangtanengfaweixin	早上他能发微信
zaoshangtanengfaxiaoxi	早上他能发消息
zaoshangtanenggongzuo	早上他能工作
zaoshangtanengheshui	早上他能喝水
zaoshangtanenghuijia	早上他能回家
zaoshangtanengkaiche	早上他能开车
zaoshangtanengkandianshi	早上他能看电视
zaoshangtanengkandianying	早上他能看电影
zaoshangtanengkanshipin	早上他能看视频
zaoshangtanengkanshu	早上他能看书
zaoshangtanengliaotian	早上他能聊天
zaoshangtanengmaidongxi	早上他能买东西
zaoshangtanengquxuexiao	早上他能去学校
zaoshangtanengshangban	早上他能上班
zaoshangtanengshuijue	早上他能睡觉
zaoshangtanengtingyinle	早上他能听音乐
zaoshangtanengwanyouxi	早上他能玩游戏
zaoshangtanengxiaban	早上他能下班
zaoshangtanengxiuxi	早上他能休息
zaoshangtanengxizao	早上他能洗澡
zaoshangtanengxuexi	早上他能学习
zaoshangtanengzuoche	早上他能坐车
zaoshangtanengzuofan	早上他能做饭
zaoshangtanengzuofeiji	早上他能坐飞机
zaoshangtanengzuohuoche	早上他能坐火车
zaoshangtapaizhaopian	早上他拍照片
zaoshangtaqubeijing	早上他去北京
zaoshangtaquchaoshi	早上他去超市
zaoshangtaqugongsi	早上他去公司
zaoshangtaquguangzhou	早上他去广州
zaoshangtaqushangchang	早上他去商场
zaoshangtaqushanghai	早上他去上海
zaoshangtaqushenzhen	早上他去深圳
zaoshangtaquxuexiao	早上他去学校
zaoshangtaquyiyuan	早上他去医院
zaoshangtashangban	早上他上班
zaoshangtashiyongdiannao	早上他使用电脑
zaoshangtashiyongshouji	早上他使用手机
zaoshangtashuijue	早上他睡觉
zaoshangtatingyinle	早上他听音乐
zaoshangtawanyouxi	早上他玩游戏
zaoshangtaxiaban	早上他下班
zaoshangtaxiangchifan	早上他想吃饭
zaoshangtaxiangchumen	早上他想出门
zaoshangtaxiangchuqu	早上他想出去
zaoshangtaxiangdadianhua	早上他想打电话
zaoshangtaxiangdayouxi	早上他想打游戏
zaoshangtaxiangfaweixin	早上他想发微信
zaoshangtaxiangfaxiaoxi	早上他想发消息
zaoshangtaxianggongzuo	早上他想工作
zaoshangtaxiangheshui	早上他想喝水
zaoshangtaxianghuijia	早上他想回家
zaoshangtaxiangkaiche	早上他想开车
zaoshangtaxiangkandianshi	早上他想看电视
zaoshangtaxiangkandianying	早上他想看电影
zaoshangtaxiangkanshipin	早上他想看视频
zaoshangtaxiangkanshu	早上他想看书
zaoshangtaxiangliaotian	早上他想聊天
zaoshangtaxiangmaidongxi	早上他想买东西
zaoshangtaxiangquxuexiao	早上他想去学校
zaoshangtaxiangshangban	早上他想上班
zaoshangtaxiangshuijue	早上他想睡觉
zaoshangtaxiangtingyinle	早上他想听音乐
zaoshangtaxiangwanyouxi	早上他想玩游戏
zaoshangtaxiangxiaban	早上他想下班
zaoshangtaxiangxiuxi	早上他想休息
zaoshangtaxiangxizao	早上他想洗澡
zaoshangtaxiangxuexi	早上他想学习
zaoshangtaxiangyaochifan	早上他想要吃饭
zaoshangtaxiangyaochumen	早上他想要出门
zaoshangtaxiangyaochuqu	早上他想要出去
zaoshangtaxiangyaodadianhua	早上他想要打电话
zaoshangtaxiangyaodayouxi	早上他想要打游戏
zaoshangtaxiangyaofaweixin	早上他想要发微信
zaoshangtaxiangyaofaxiaoxi	早上他想要发消息
zaoshangtaxiangyaogongzuo	早上他想要工作
zaoshangtaxiangyaoheshui	早上他想要喝水
zaoshangtaxiangyaohuijia	早上他想要回家
zaoshangtaxiangyaokaiche	早上他想要开车
zaoshangtaxiangyaokandianshi	早上他想要看电视
zaoshangtaxiangyaokandianying	早上他想要看电影
zaoshangtaxiangyaokanshipin	早上他想要看视频
zaoshangtaxiangyaokanshu	早上他想要看书
zaoshangtaxiangyaoliaotian	早上他想要聊天
zaoshangtaxiangyaomaidongxi	早上他想要买东西
zaoshangtaxiangyaoquxuexiao	早上他想要去学校
zaoshangtaxiangyaoshangban	早上他想要上班
zaoshangtaxiangyaoshuijue	早上他想要睡觉
zaoshangtaxiangyaotingyinle	早上他想要听音乐
zaoshangtaxiangyaowanyouxi	早上他想要玩游戏
zaoshangtaxiangyaoxiaban	早上他想要下班
zaoshangtaxiangyaoxiuxi	早上他想要休息
zaoshangtaxiangyaoxizao	早上他想要洗澡
zaoshangtaxiangyaoxuexi	早上他想要学习
zaoshangtaxiangyaozuoche	早上他想要坐车
zaoshangtaxiangyaozuofan	早上他想要做饭
zaoshangtaxiangyaozuofeiji	早上他想要坐飞机
zaoshangtaxiangyaozuohuoche	早上他想要坐火车
zaoshangtaxiangzuoche	早上他想坐车
zaoshangtaxiangzuofan	早上他想做饭
zaoshangtaxiangzuofeiji	早上他想坐飞机
zaoshangtaxiangzuohuoche	早上他想坐火车
zaoshangtaxiugaishezhi	早上他修改设置
zaoshangtaxiuxi	早上他休息
zaoshangtaxizao	早上他洗澡
zaoshangtaxuexi	早上他学习
zaoshangtaxuyaochifan	早上他需要吃饭
zaoshangtaxuyaochumen	早上他需要出门
zaoshangtaxuyaochuqu	早上他需要出去
zaoshangtaxuyaodadianhua	早上他需要打电话
zaoshangtaxuyaodayouxi	早上他需要打游戏
zaoshangtaxuyaofaweixin	早上他需要发微信
zaoshangtaxuyaofaxiaoxi	早上他需要发消息
zaoshangtaxuyaogongzuo	早上他需要工作
zaoshangtaxuyaoheshui	早上他需要喝水
zaoshangtaxuyaohuijia	早上他需要回家
zaoshangtaxuyaokaiche	早上他需要开车
zaoshangtaxuyaokandianshi	早上他需要看电视
zaoshangtaxuyaokandianying	早上他需要看电影
zaoshangtaxuyaokanshipin	早上他需要看视频
zaoshangtaxuyaokanshu	早上他需要看书
zaoshangtaxuyaoliaotian	早上他需要聊天
zaoshangtaxuyaomaidongxi	早上他需要买东西
zaoshangtaxuyaoquxuexiao	早上他需要去学校
zaoshangtaxuyaoshangban	早上他需要上班
zaoshangtaxuyaoshuijue	早上他需要睡觉
zaoshangtaxuyaotingyinle	早上他需要听音乐
zaoshangtaxuyaowanyouxi	早上他需要玩游戏
zaoshangtaxuyaoxiaban	早上他需要下班
zaoshangtaxuyaoxiuxi	早上他需要休息
zaoshangtaxuyaoxizao	早上他需要洗澡
zaoshangtaxuyaoxuexi	早上他需要学习
zaoshangtaxuyaozuoche	早上他需要坐车
zaoshangtaxuyaozuofan	早上他需要做饭
zaoshangtaxuyaozuofeiji	早上他需要坐飞机
zaoshangtaxuyaozuohuoche	早上他需要坐火车
zaoshangtayaochifan	早上他要吃饭
zaoshangtayaochumen	早上他要出门
zaoshangtayaochuqu	早上他要出去
zaoshangtayaodadianhua	早上他要打电话
zaoshangtayaodayouxi	早上他要打游戏
zaoshangtayaofaweixin	早上他要发微信
zaoshangtayaofaxiaoxi	早上他要发消息
zaoshangtayaogongzuo	早上他要工作
zaoshangtayaoheshui	早上他要喝水
zaoshangtayaohuijia	早上他要回家
zaoshangtayaokaiche	早上他要开车
zaoshangtayaokandianshi	早上他要看电视
zaoshangtayaokandianying	早上他要看电影
zaoshangtayaokanshipin	早上他要看视频
zaoshangtayaokanshu	早上他要看书
zaoshangtayaoliaotian	早上他要聊天
zaoshangtayaomaidongxi	早上他要买东西
zaoshangtayaoquxuexiao	早上他要去学校
zaoshangtayaoshangban	早上他要上班
zaoshangtayaoshuijue	早上他要睡觉
zaoshangtayaotingyinle	早上他要听音乐
zaoshangtayaowanyouxi	早上他要玩游戏
zaoshangtayaoxiaban	早上他要下班
zaoshangtayaoxiuxi	早上他要休息
zaoshangtayaoxizao	早上他要洗澡
zaoshangtayaoxuexi	早上他要学习
zaoshangtayaozuoche	早上他要坐车
zaoshangtayaozuofan	早上他要做饭
zaoshangtayaozuofeiji	早上他要坐飞机
zaoshangtayaozuohuoche	早上他要坐火车
zaoshangtazhunbeichifan	早上他准备吃饭
zaoshangtazhunbeichumen	早上他准备出门
zaoshangtazhunbeichuqu	早上他准备出去
zaoshangtazhunbeidadianhua	早上他准备打电话
zaoshangtazhunbeidayouxi	早上他准备打游戏
zaoshangtazhunbeifaweixin	早上他准备发微信
zaoshangtazhunbeifaxiaoxi	早上他准备发消息
zaoshangtazhunbeigongzuo	早上他准备工作
zaoshangtazhunbeiheshui	早上他准备喝水
zaoshangtazhunbeihuijia	早上他准备回家
zaoshangtazhunbeikaiche	早上他准备开车
zaoshangtazhunbeikandianshi	早上他准备看电视
zaoshangtazhunbeikandianying	早上他准备看电影
zaoshangtazhunbeikanshipin	早上他准备看视频
zaoshangtazhunbeikanshu	早上他准备看书
zaoshangtazhunbeiliaotian	早上他准备聊天
zaoshangtazhunbeimaidongxi	早上他准备买东西
zaoshangtazhunbeiquxuexiao	早上他准备去学校
zaoshangtazhunbeishangban	早上他准备上班
zaoshangtazhunbeishuijue	早上他准备睡觉
zaoshangtazhunbeitingyinle	早上他准备听音乐
zaoshangtazhunbeiwanyouxi	早上他准备玩游戏
zaoshangtazhunbeixiaban	早上他准备下班
zaoshangtazhunbeixiuxi	早上他准备休息
zaoshangtazhunbeixizao	早上他准备洗澡
zaoshangtazhunbeixuexi	早上他准备学习
zaoshangtazhunbeizuoche	早上他准备坐车
zaoshangtazhunbeizuofan	早上他准备做饭
zaoshangtazhunbeizuofeiji	早上他准备坐飞机
zaoshangtazhunbeizuohuoche	早上他准备坐火车
zaoshangtazuoche	早上他坐车
zaoshangtazuofan	早上他做饭
zaoshangtazuofeiji	早上他坐飞机
zaoshangtazuohuoche	早上他坐火车
zaoshangwoanzhuangruanjian	早上我安装软件
zaoshangwobuxiangchifan	早上我不想吃饭
zaoshangwobuxiangchumen	早上我不想出门
zaoshangwobuxiangchuqu	早上我不想出去
zaoshangwobuxiangdadianhua	早上我不想打电话
zaoshangwobuxiangdayouxi	早上我不想打游戏
zaoshangwobuxiangfaweixin	早上我不想发微信
zaoshangwobuxiangfaxiaoxi	早上我不想发消息
zaoshangwobuxianggongzuo	早上我不想工作
zaoshangwobuxiangheshui	早上我不想喝水
zaoshangwobuxianghuijia	早上我不想回家
zaoshangwobuxiangkaiche	早上我不想开车
zaoshangwobuxiangkandianshi	早上我不想看电视
zaoshangwobuxiangkandianying	早上我不想看电影
zaoshangwobuxiangkanshipin	早上我不想看视频
zaoshangwobuxiangkanshu	早上我不想看书
zaoshangwobuxiangliaotian	早上我不想聊天
zaoshangwobuxiangmaidongxi	早上我不想买东西
zaoshangwobuxiangquxuexiao	早上我不想去学校
zaoshangwobuxiangshangban	早上我不想上班
zaoshangwobuxiangshuijue	早上我不想睡觉
zaoshangwobuxiangtingyinle	早上我不想听音乐
zaoshangwobuxiangwanyouxi	早上我不想玩游戏
zaoshangwobuxiangxiaban	早上我不想下班
zaoshangwobuxiangxiuxi	早上我不想休息
zaoshangwobuxiangxizao	早上我不想洗澡
zaoshangwobuxiangxuexi	早上我不想学习
zaoshangwobuxiangzuoche	早上我不想坐车
zaoshangwobuxiangzuofan	早上我不想做饭
zaoshangwobuxiangzuofeiji	早上我不想坐飞机
zaoshangwobuxiangzuohuoche	早上我不想坐火车
zaoshangwobuyaochifan	早上我不要吃饭
zaoshangwobuyaochumen	早上我不要出门
zaoshangwobuyaochuqu	早上我不要出去
zaoshangwobuyaodadianhua	早上我不要打电话
zaoshangwobuyaodayouxi	早上我不要打游戏
zaoshangwobuyaofaweixin	早上我不要发微信
zaoshangwobuyaofaxiaoxi	早上我不要发消息
zaoshangwobuyaogongzuo	早上我不要工作
zaoshangwobuyaoheshui	早上我不要喝水
zaoshangwobuyaohuijia	早上我不要回家
zaoshangwobuyaokaiche	早上我不要开车
zaoshangwobuyaokandianshi	早上我不要看电视
zaoshangwobuyaokandianying	早上我不要看电影
zaoshangwobuyaokanshipin	早上我不要看视频
zaoshangwobuyaokanshu	早上我不要看书
zaoshangwobuyaoliaotian	早上我不要聊天
zaoshangwobuyaomaidongxi	早上我不要买东西
zaoshangwobuyaoquxuexiao	早上我不要去学校
zaoshangwobuyaoshangban	早上我不要上班
zaoshangwobuyaoshuijue	早上我不要睡觉
zaoshangwobuyaotingyinle	早上我不要听音乐
zaoshangwobuyaowanyouxi	早上我不要玩游戏
zaoshangwobuyaoxiaban	早上我不要下班
zaoshangwobuyaoxiuxi	早上我不要休息
zaoshangwobuyaoxizao	早上我不要洗澡
zaoshangwobuyaoxuexi	早上我不要学习
zaoshangwobuyaozuoche	早上我不要坐车
zaoshangwobuyaozuofan	早上我不要做饭
zaoshangwobuyaozuofeiji	早上我不要坐飞机
zaoshangwobuyaozuohuoche	早上我不要坐火车
zaoshangwochifan	早上我吃饭
zaoshangwochumen	早上我出门
zaoshangwochuqu	早上我出去
zaoshangwodadianhua	早上我打电话
zaoshangwodakaidiannao	早上我打开电脑
zaoshangwodakairuanjian	早上我打开软件
zaoshangwodasuanchifan	早上我打算吃饭
zaoshangwodasuanchumen	早上我打算出门
zaoshangwodasuanchuqu	早上我打算出去
zaoshangwodasuandadianhua	早上我打算打电话
zaoshangwodasuandayouxi	早上我打算打游戏
zaoshangwodasuanfaweixin	早上我打算发微信
zaoshangwodasuanfaxiaoxi	早上我打算发消息
zaoshangwodasuangongzuo	早上我打算工作
zaoshangwodasuanheshui	早上我打算喝水
zaoshangwodasuanhuijia	早上我打算回家
zaoshangwodasuankaiche	早上我打算开车
zaoshangwodasuankandianshi	早上我打算看电视
zaoshangwodasuankandianying	早上我打算看电影
zaoshangwodasuankanshipin	早上我打算看视频
zaoshangwodasuankanshu	早上我打算看书
zaoshangwodasuanliaotian	早上我打算聊天
zaoshangwodasuanmaidongxi	早上我打算买东西
zaoshangwodasuanquxuexiao	早上我打算去学校
zaoshangwodasuanshangban	早上我打算上班
zaoshangwodasuanshuijue	早上我打算睡觉
zaoshangwodasuantingyinle	早上我打算听音乐
zaoshangwodasuanwanyouxi	早上我打算玩游戏
zaoshangwodasuanxiaban	早上我打算下班
zaoshangwodasuanxiuxi	早上我打算休息
zaoshangwodasuanxizao	早上我打算洗澡
zaoshangwodasuanxuexi	早上我打算学习
zaoshangwodasuanzuoche	早上我打算坐车
zaoshangwodasuanzuofan	早上我打算做饭
zaoshangwodasuanzuofeiji	早上我打算坐飞机
zaoshangwodasuanzuohuoche	早上我打算坐火车
zaoshangwodayouxi	早上我打游戏
zaoshangwofaweixin	早上我发微信
zaoshangwofaxiaoxi	早上我发消息
zaoshangwogengxinruanjian	早上我更新软件
zaoshangwogongzuo	早上我工作
zaoshangwoguanbiruanjian	早上我关闭软件
zaoshangwoheshui	早上我喝水
zaoshangwohuijia	早上我回家
zaoshangwokaiche	早上我开车
zaoshangwokandianshi	早上我看电视
zaoshangwokandianying	早上我看电影
zaoshangwokanshipin	早上我看视频
zaoshangwokanshu	早上我看书
zaoshangwokeyichifan	早上我可以吃饭
zaoshangwokeyichumen	早上我可以出门
zaoshangwokeyichuqu	早上我可以出去
zaoshangwokeyidadianhua	早上我可以打电话
zaoshangwokeyidayouxi	早上我可以打游戏
zaoshangwokeyifaweixin	早上我可以发微信
zaoshangwokeyifaxiaoxi	早上我可以发消息
zaoshangwokeyigongzuo	早上我可以工作
zaoshangwokeyiheshui	早上我可以喝水
zaoshangwokeyihuijia	早上我可以回家
zaoshangwokeyikaiche	早上我可以开车
zaoshangwokeyikandianshi	早上我可以看电视
zaoshangwokeyikandianying	早上我可以看电影
zaoshangwokeyikanshipin	早上我可以看视频
zaoshangwokeyikanshu	早上我可以看书
zaoshangwokeyiliaotian	早上我可以聊天
zaoshangwokeyimaidongxi	早上我可以买东西
zaoshangwokeyiquxuexiao	早上我可以去学校
zaoshangwokeyishangban	早上我可以上班
zaoshangwokeyishuijue	早上我可以睡觉
zaoshangwokeyitingyinle	早上我可以听音乐
zaoshangwokeyiwanyouxi	早上我可以玩游戏
zaoshangwokeyixiaban	早上我可以下班
zaoshangwokeyixiuxi	早上我可以休息
zaoshangwokeyixizao	早上我可以洗澡
zaoshangwokeyixuexi	早上我可以学习
zaoshangwokeyizuoche	早上我可以坐车
zaoshangwokeyizuofan	早上我可以做饭
zaoshangwokeyizuofeiji	早上我可以坐飞机
zaoshangwokeyizuohuoche	早上我可以坐火车
zaoshangwolianjiewangluo	早上我连接网络
zaoshangwoliaotian	早上我聊天
zaoshangwomaidongxi	早上我买东西
zaoshangwomenanzhuangruanjian	早上我们安装软件
zaoshangwomenbuxiangchifan	早上我们不想吃饭
zaoshangwomenbuxiangchumen	早上我们不想出门
zaoshangwomenbuxiangchuqu	早上我们不想出去
zaoshangwomenbuxiangdadianhua	早上我们不想打电话
zaoshangwomenbuxiangdayouxi	早上我们不想打游戏
zaoshangwomenbuxiangfaweixin	早上我们不想发微信
zaoshangwomenbuxiangfaxiaoxi	早上我们不想发消息
zaoshangwomenbuxianggongzuo	早上我们不想工作
zaoshangwomenbuxiangheshui	早上我们不想喝水
zaoshangwomenbuxianghuijia	早上我们不想回家
zaoshangwomenbuxiangkaiche	早上我们不想开车
zaoshangwomenbuxiangkandianshi	早上我们不想看电视
zaoshangwomenbuxiangkandianying	早上我们不想看电影
zaoshangwomenbuxiangkanshipin	早上我们不想看视频
zaoshangwomenbuxiangkanshu	早上我们不想看书
zaoshangwomenbuxiangliaotian	早上我们不想聊天
zaoshangwomenbuxiangmaidongxi	早上我们不想买东西
zaoshangwomenbuxiangquxuexiao	早上我们不想去学校
zaoshangwomenbuxiangshangban	早上我们不想上班
zaoshangwomenbuxiangshuijue	早上我们不想睡觉
zaoshangwomenbuxiangtingyinle	早上我们不想听音乐
zaoshangwomenbuxiangwanyouxi	早上我们不想玩游戏
zaoshangwomenbuxiangxiaban	早上我们不想下班
zaoshangwomenbuxiangxiuxi	早上我们不想休息
zaoshangwomenbuxiangxizao	早上我们不想洗澡
zaoshangwomenbuxiangxuexi	早上我们不想学习
zaoshangwomenbuxiangzuoche	早上我们不想坐车
zaoshangwomenbuxiangzuofan	早上我们不想做饭
zaoshangwomenbuxiangzuofeiji	早上我们不想坐飞机
zaoshangwomenbuxiangzuohuoche	早上我们不想坐火车
zaoshangwomenbuyaochifan	早上我们不要吃饭
zaoshangwomenbuyaochumen	早上我们不要出门
zaoshangwomenbuyaochuqu	早上我们不要出去
zaoshangwomenbuyaodadianhua	早上我们不要打电话
zaoshangwomenbuyaodayouxi	早上我们不要打游戏
zaoshangwomenbuyaofaweixin	早上我们不要发微信
zaoshangwomenbuyaofaxiaoxi	早上我们不要发消息
zaoshangwomenbuyaogongzuo	早上我们不要工作
zaoshangwomenbuyaoheshui	早上我们不要喝水
zaoshangwomenbuyaohuijia	早上我们不要回家
zaoshangwomenbuyaokaiche	早上我们不要开车
zaoshangwomenbuyaokandianshi	早上我们不要看电视
zaoshangwomenbuyaokandianying	早上我们不要看电影
zaoshangwomenbuyaokanshipin	早上我们不要看视频
zaoshangwomenbuyaokanshu	早上我们不要看书
zaoshangwomenbuyaoliaotian	早上我们不要聊天
zaoshangwomenbuyaomaidongxi	早上我们不要买东西
zaoshangwomenbuyaoquxuexiao	早上我们不要去学校
zaoshangwomenbuyaoshangban	早上我们不要上班
zaoshangwomenbuyaoshuijue	早上我们不要睡觉
zaoshangwomenbuyaotingyinle	早上我们不要听音乐
zaoshangwomenbuyaowanyouxi	早上我们不要玩游戏
zaoshangwomenbuyaoxiaban	早上我们不要下班
zaoshangwomenbuyaoxiuxi	早上我们不要休息
zaoshangwomenbuyaoxizao	早上我们不要洗澡
zaoshangwomenbuyaoxuexi	早上我们不要学习
zaoshangwomenbuyaozuoche	早上我们不要坐车
zaoshangwomenbuyaozuofan	早上我们不要做饭
zaoshangwomenbuyaozuofeiji	早上我们不要坐飞机
zaoshangwomenbuyaozuohuoche	早上我们不要坐火车
zaoshangwomenchifan	早上我们吃饭
zaoshangwomenchumen	早上我们出门
zaoshangwomenchuqu	早上我们出去
zaoshangwomendadianhua	早上我们打电话
zaoshangwomendakaidiannao	早上我们打开电脑
zaoshangwomendakairuanjian	早上我们打开软件
zaoshangwomendasuanchifan	早上我们打算吃饭
zaoshangwomendasuanchumen	早上我们打算出门
zaoshangwomendasuanchuqu	早上我们打算出去
zaoshangwomendasuandadianhua	早上我们打算打电话
zaoshangwomendasuandayouxi	早上我们打算打游戏
zaoshangwomendasuanfaweixin	早上我们打算发微信
zaoshangwomendasuanfaxiaoxi	早上我们打算发消息
zaoshangwomendasuangongzuo	早上我们打算工作
zaoshangwomendasuanheshui	早上我们打算喝水
zaoshangwomendasuanhuijia	早上我们打算回家
zaoshangwomendasuankaiche	早上我们打算开车
zaoshangwomendasuankandianshi	早上我们打算看电视
zaoshangwomendasuankandianying	早上我们打算看电影
zaoshangwomendasuankanshipin	早上我们打算看视频
zaoshangwomendasuankanshu	早上我们打算看书
zaoshangwomendasuanliaotian	早上我们打算聊天
zaoshangwomendasuanmaidongxi	早上我们打算买东西
zaoshangwomendasuanquxuexiao	早上我们打算去学校
zaoshangwomendasuanshangban	早上我们打算上班
zaoshangwomendasuanshuijue	早上我们打算睡觉
zaoshangwomendasuantingyinle	早上我们打算听音乐
zaoshangwomendasuanwanyouxi	早上我们打算玩游戏
zaoshangwomendasuanxiaban	早上我们打算下班
zaoshangwomendasuanxiuxi	早上我们打算休息
zaoshangwomendasuanxizao	早上我们打算洗澡
zaoshangwomendasuanxuexi	早上我们打算学习
zaoshangwomendasuanzuoche	早上我们打算坐车
zaoshangwomendasuanzuofan	早上我们打算做饭
zaoshangwomendasuanzuofeiji	早上我们打算坐飞机
zaoshangwomendasuanzuohuoche	早上我们打算坐火车
zaoshangwomendayouxi	早上我们打游戏
zaoshangwomenfaweixin	早上我们发微信
zaoshangwomenfaxiaoxi	早上我们发消息
zaoshangwomengengxinruanjian	早上我们更新软件
zaoshangwomengongzuo	早上我们工作
zaoshangwomenguanbiruanjian	早上我们关闭软件
zaoshangwomenheshui	早上我们喝水
zaoshangwomenhuijia	早上我们回家
zaoshangwomenkaiche	早上我们开车
zaoshangwomenkandianshi	早上我们看电视
zaoshangwomenkandianying	早上我们看电影
zaoshangwomenkanshipin	早上我们看视频
zaoshangwomenkanshu	早上我们看书
zaoshangwomenkeyichifan	早上我们可以吃饭
zaoshangwomenkeyichumen	早上我们可以出门
zaoshangwomenkeyichuqu	早上我们可以出去
zaoshangwomenkeyidadianhua	早上我们可以打电话
zaoshangwomenkeyidayouxi	早上我们可以打游戏
zaoshangwomenkeyifaweixin	早上我们可以发微信
zaoshangwomenkeyifaxiaoxi	早上我们可以发消息
zaoshangwomenkeyigongzuo	早上我们可以工作
zaoshangwomenkeyiheshui	早上我们可以喝水
zaoshangwomenkeyihuijia	早上我们可以回家
zaoshangwomenkeyikaiche	早上我们可以开车
zaoshangwomenkeyikandianshi	早上我们可以看电视
zaoshangwomenkeyikandianying	早上我们可以看电影
zaoshangwomenkeyikanshipin	早上我们可以看视频
zaoshangwomenkeyikanshu	早上我们可以看书
zaoshangwomenkeyiliaotian	早上我们可以聊天
zaoshangwomenkeyimaidongxi	早上我们可以买东西
zaoshangwomenkeyiquxuexiao	早上我们可以去学校
zaoshangwomenkeyishangban	早上我们可以上班
zaoshangwomenkeyishuijue	早上我们可以睡觉
zaoshangwomenkeyitingyinle	早上我们可以听音乐
zaoshangwomenkeyiwanyouxi	早上我们可以玩游戏
zaoshangwomenkeyixiaban	早上我们可以下班
zaoshangwomenkeyixiuxi	早上我们可以休息
zaoshangwomenkeyixizao	早上我们可以洗澡
zaoshangwomenkeyixuexi	早上我们可以学习
zaoshangwomenkeyizuoche	早上我们可以坐车
zaoshangwomenkeyizuofan	早上我们可以做饭
zaoshangwomenkeyizuofeiji	早上我们可以坐飞机
zaoshangwomenkeyizuohuoche	早上我们可以坐火车
zaoshangwomenlianjiewangluo	早上我们连接网络
zaoshangwomenliaotian	早上我们聊天
zaoshangwomenmaidongxi	早上我们买东西
zaoshangwomennengchifan	早上我们能吃饭
zaoshangwomennengchumen	早上我们能出门
zaoshangwomennengchuqu	早上我们能出去
zaoshangwomennengdadianhua	早上我们能打电话
zaoshangwomennengdayouxi	早上我们能打游戏
zaoshangwomennengfaweixin	早上我们能发微信
zaoshangwomennengfaxiaoxi	早上我们能发消息
zaoshangwomennenggongzuo	早上我们能工作
zaoshangwomennengheshui	早上我们能喝水
zaoshangwomennenghuijia	早上我们能回家
zaoshangwomennengkaiche	早上我们能开车
zaoshangwomennengkandianshi	早上我们能看电视
zaoshangwomennengkandianying	早上我们能看电影
zaoshangwomennengkanshipin	早上我们能看视频
zaoshangwomennengkanshu	早上我们能看书
zaoshangwomennengliaotian	早上我们能聊天
zaoshangwomennengmaidongxi	早上我们能买东西
zaoshangwomennengquxuexiao	早上我们能去学校
zaoshangwomennengshangban	早上我们能上班
zaoshangwomennengshuijue	早上我们能睡觉
zaoshangwomennengtingyinle	早上我们能听音乐
zaoshangwomennengwanyouxi	早上我们能玩游戏
zaoshangwomennengxiaban	早上我们能下班
zaoshangwomennengxiuxi	早上我们能休息
zaoshangwomennengxizao	早上我们能洗澡
zaoshangwomennengxuexi	早上我们能学习
zaoshangwomennengzuoche	早上我们能坐车
zaoshangwomennengzuofan	早上我们能做饭
zaoshangwomennengzuofeiji	早上我们能坐飞机
zaoshangwomennengzuohuoche	早上我们能坐火车
zaoshangwomenpaizhaopian	早上我们拍照片
zaoshangwomenqubeijing	早上我们去北京
zaoshangwomenquchaoshi	早上我们去超市
zaoshangwomenqugongsi	早上我们去公司
zaoshangwomenquguangzhou	早上我们去广州
zaoshangwomenqushangchang	早上我们去商场
zaoshangwomenqushanghai	早上我们去上海
zaoshangwomenqushenzhen	早上我们去深圳
zaoshangwomenquxuexiao	早上我们去学校
zaoshangwomenquyiyuan	早上我们去医院
zaoshangwomenshangban	早上我们上班
zaoshangwomenshiyongdiannao	早上我们使用电脑
zaoshangwomenshiyongshouji	早上我们使用手机
zaoshangwomenshuijue	早上我们睡觉
zaoshangwomentingyinle	早上我们听音乐
zaoshangwomenwanyouxi	早上我们玩游戏
zaoshangwomenxiaban	早上我们下班
zaoshangwomenxiangchifan	早上我们想吃饭
zaoshangwomenxiangchumen	早上我们想出门
zaoshangwomenxiangchuqu	早上我们想出去
zaoshangwomenxiangdadianhua	早上我们想打电话
zaoshangwomenxiangdayouxi	早上我们想打游戏
zaoshangwomenxiangfaweixin	早上我们想发微信
zaoshangwomenxiangfaxiaoxi	早上我们想发消息
zaoshangwomenxianggongzuo	早上我们想工作
zaoshangwomenxiangheshui	早上我们想喝水
zaoshangwomenxianghuijia	早上我们想回家
zaoshangwomenxiangkaiche	早上我们想开车
zaoshangwomenxiangkandianshi	早上我们想看电视
zaoshangwomenxiangkandianying	早上我们想看电影
zaoshangwomenxiangkanshipin	早上我们想看视频
zaoshangwomenxiangkanshu	早上我们想看书
zaoshangwomenxiangliaotian	早上我们想聊天
zaoshangwomenxiangmaidongxi	早上我们想买东西
zaoshangwomenxiangquxuexiao	早上我们想去学校
zaoshangwomenxiangshangban	早上我们想上班
zaoshangwomenxiangshuijue	早上我们想睡觉
zaoshangwomenxiangtingyinle	早上我们想听音乐
zaoshangwomenxiangwanyouxi	早上我们想玩游戏
zaoshangwomenxiangxiaban	早上我们想下班
zaoshangwomenxiangxiuxi	早上我们想休息
zaoshangwomenxiangxizao	早上我们想洗澡
zaoshangwomenxiangxuexi	早上我们想学习
zaoshangwomenxiangyaochifan	早上我们想要吃饭
zaoshangwomenxiangyaochumen	早上我们想要出门
zaoshangwomenxiangyaochuqu	早上我们想要出去
zaoshangwomenxiangyaodadianhua	早上我们想要打电话
zaoshangwomenxiangyaodayouxi	早上我们想要打游戏
zaoshangwomenxiangyaofaweixin	早上我们想要发微信
zaoshangwomenxiangyaofaxiaoxi	早上我们想要发消息
zaoshangwomenxiangyaogongzuo	早上我们想要工作
zaoshangwomenxiangyaoheshui	早上我们想要喝水
zaoshangwomenxiangyaohuijia	早上我们想要回家
zaoshangwomenxiangyaokaiche	早上我们想要开车
zaoshangwomenxiangyaokandianshi	早上我们想要看电视
zaoshangwomenxiangyaokandianying	早上我们想要看电影
zaoshangwomenxiangyaokanshipin	早上我们想要看视频
zaoshangwomenxiangyaokanshu	早上我们想要看书
zaoshangwomenxiangyaoliaotian	早上我们想要聊天
zaoshangwomenxiangyaomaidongxi	早上我们想要买东西
zaoshangwomenxiangyaoquxuexiao	早上我们想要去学校
zaoshangwomenxiangyaoshangban	早上我们想要上班
zaoshangwomenxiangyaoshuijue	早上我们想要睡觉
zaoshangwomenxiangyaotingyinle	早上我们想要听音乐
zaoshangwomenxiangyaowanyouxi	早上我们想要玩游戏
zaoshangwomenxiangyaoxiaban	早上我们想要下班
zaoshangwomenxiangyaoxiuxi	早上我们想要休息
zaoshangwomenxiangyaoxizao	早上我们想要洗澡
zaoshangwomenxiangyaoxuexi	早上我们想要学习
zaoshangwomenxiangyaozuoche	早上我们想要坐车
zaoshangwomenxiangyaozuofan	早上我们想要做饭
zaoshangwomenxiangyaozuofeiji	早上我们想要坐飞机
zaoshangwomenxiangyaozuohuoche	早上我们想要坐火车
zaoshangwomenxiangzuoche	早上我们想坐车
zaoshangwomenxiangzuofan	早上我们想做饭
zaoshangwomenxiangzuofeiji	早上我们想坐飞机
zaoshangwomenxiangzuohuoche	早上我们想坐火车
zaoshangwomenxiugaishezhi	早上我们修改设置
zaoshangwomenxiuxi	早上我们休息
zaoshangwomenxizao	早上我们洗澡
zaoshangwomenxuexi	早上我们学习
zaoshangwomenxuyaochifan	早上我们需要吃饭
zaoshangwomenxuyaochumen	早上我们需要出门
zaoshangwomenxuyaochuqu	早上我们需要出去
zaoshangwomenxuyaodadianhua	早上我们需要打电话
zaoshangwomenxuyaodayouxi	早上我们需要打游戏
zaoshangwomenxuyaofaweixin	早上我们需要发微信
zaoshangwomenxuyaofaxiaoxi	早上我们需要发消息
zaoshangwomenxuyaogongzuo	早上我们需要工作
zaoshangwomenxuyaoheshui	早上我们需要喝水
zaoshangwomenxuyaohuijia	早上我们需要回家
zaoshangwomenxuyaokaiche	早上我们需要开车
zaoshangwomenxuyaokandianshi	早上我们需要看电视
zaoshangwomenxuyaokandianying	早上我们需要看电影
zaoshangwomenxuyaokanshipin	早上我们需要看视频
zaoshangwomenxuyaokanshu	早上我们需要看书
zaoshangwomenxuyaoliaotian	早上我们需要聊天
zaoshangwomenxuyaomaidongxi	早上我们需要买东西
zaoshangwomenxuyaoquxuexiao	早上我们需要去学校
zaoshangwomenxuyaoshangban	早上我们需要上班
zaoshangwomenxuyaoshuijue	早上我们需要睡觉
zaoshangwomenxuyaotingyinle	早上我们需要听音乐
zaoshangwomenxuyaowanyouxi	早上我们需要玩游戏
zaoshangwomenxuyaoxiaban	早上我们需要下班
zaoshangwomenxuyaoxiuxi	早上我们需要休息
zaoshangwomenxuyaoxizao	早上我们需要洗澡
zaoshangwomenxuyaoxuexi	早上我们需要学习
zaoshangwomenxuyaozuoche	早上我们需要坐车
zaoshangwomenxuyaozuofan	早上我们需要做饭
zaoshangwomenxuyaozuofeiji	早上我们需要坐飞机
zaoshangwomenxuyaozuohuoche	早上我们需要坐火车
zaoshangwomenyaochifan	早上我们要吃饭
zaoshangwomenyaochumen	早上我们要出门
zaoshangwomenyaochuqu	早上我们要出去
zaoshangwomenyaodadianhua	早上我们要打电话
zaoshangwomenyaodayouxi	早上我们要打游戏
zaoshangwomenyaofaweixin	早上我们要发微信
zaoshangwomenyaofaxiaoxi	早上我们要发消息
zaoshangwomenyaogongzuo	早上我们要工作
zaoshangwomenyaoheshui	早上我们要喝水
zaoshangwomenyaohuijia	早上我们要回家
zaoshangwomenyaokaiche	早上我们要开车
zaoshangwomenyaokandianshi	早上我们要看电视
zaoshangwomenyaokandianying	早上我们要看电影
zaoshangwomenyaokanshipin	早上我们要看视频
zaoshangwomenyaokanshu	早上我们要看书
zaoshangwomenyaoliaotian	早上我们要聊天
zaoshangwomenyaomaidongxi	早上我们要买东西
zaoshangwomenyaoquxuexiao	早上我们要去学校
zaoshangwomenyaoshangban	早上我们要上班
zaoshangwomenyaoshuijue	早上我们要睡觉
zaoshangwomenyaotingyinle	早上我们要听音乐
zaoshangwomenyaowanyouxi	早上我们要玩游戏
zaoshangwomenyaoxiaban	早上我们要下班
zaoshangwomenyaoxiuxi	早上我们要休息
zaoshangwomenyaoxizao	早上我们要洗澡
zaoshangwomenyaoxuexi	早上我们要学习
zaoshangwomenyaozuoche	早上我们要坐车
zaoshangwomenyaozuofan	早上我们要做饭
zaoshangwomenyaozuofeiji	早上我们要坐飞机
zaoshangwomenyaozuohuoche	早上我们要坐火车
zaoshangwomenzhunbeichifan	早上我们准备吃饭
zaoshangwomenzhunbeichumen	早上我们准备出门
zaoshangwomenzhunbeichuqu	早上我们准备出去
zaoshangwomenzhunbeidadianhua	早上我们准备打电话
zaoshangwomenzhunbeidayouxi	早上我们准备打游戏
zaoshangwomenzhunbeifaweixin	早上我们准备发微信
zaoshangwomenzhunbeifaxiaoxi	早上我们准备发消息
zaoshangwomenzhunbeigongzuo	早上我们准备工作
zaoshangwomenzhunbeiheshui	早上我们准备喝水
zaoshangwomenzhunbeihuijia	早上我们准备回家
zaoshangwomenzhunbeikaiche	早上我们准备开车
zaoshangwomenzhunbeikandianshi	早上我们准备看电视
zaoshangwomenzhunbeikandianying	早上我们准备看电影
zaoshangwomenzhunbeikanshipin	早上我们准备看视频
zaoshangwomenzhunbeikanshu	早上我们准备看书
zaoshangwomenzhunbeiliaotian	早上我们准备聊天
zaoshangwomenzhunbeimaidongxi	早上我们准备买东西
zaoshangwomenzhunbeiquxuexiao	早上我们准备去学校
zaoshangwomenzhunbeishangban	早上我们准备上班
zaoshangwomenzhunbeishuijue	早上我们准备睡觉
zaoshangwomenzhunbeitingyinle	早上我们准备听音乐
zaoshangwomenzhunbeiwanyouxi	早上我们准备玩游戏
zaoshangwomenzhunbeixiaban	早上我们准备下班
zaoshangwomenzhunbeixiuxi	早上我们准备休息
zaoshangwomenzhunbeixizao	早上我们准备洗澡
zaoshangwomenzhunbeixuexi	早上我们准备学习
zaoshangwomenzhunbeizuoche	早上我们准备坐车
zaoshangwomenzhunbeizuofan	早上我们准备做饭
zaoshangwomenzhunbeizuofeiji	早上我们准备坐飞机
zaoshangwomenzhunbeizuohuoche	早上我们准备坐火车
zaoshangwomenzuoche	早上我们坐车
zaoshangwomenzuofan	早上我们做饭
zaoshangwomenzuofeiji	早上我们坐飞机
zaoshangwomenzuohuoche	早上我们坐火车
zaoshangwonengchifan	早上我能吃饭
zaoshangwonengchumen	早上我能出门
zaoshangwonengchuqu	早上我能出去
zaoshangwonengdadianhua	早上我能打电话
zaoshangwonengdayouxi	早上我能打游戏
zaoshangwonengfaweixin	早上我能发微信
zaoshangwonengfaxiaoxi	早上我能发消息
zaoshangwonenggongzuo	早上我能工作
zaoshangwonengheshui	早上我能喝水
zaoshangwonenghuijia	早上我能回家
zaoshangwonengkaiche	早上我能开车
zaoshangwonengkandianshi	早上我能看电视
zaoshangwonengkandianying	早上我能看电影
zaoshangwonengkanshipin	早上我能看视频
zaoshangwonengkanshu	早上我能看书
zaoshangwonengliaotian	早上我能聊天
zaoshangwonengmaidongxi	早上我能买东西
zaoshangwonengquxuexiao	早上我能去学校
zaoshangwonengshangban	早上我能上班
zaoshangwonengshuijue	早上我能睡觉
zaoshangwonengtingyinle	早上我能听音乐
zaoshangwonengwanyouxi	早上我能玩游戏
zaoshangwonengxiaban	早上我能下班
zaoshangwonengxiuxi	早上我能休息
zaoshangwonengxizao	早上我能洗澡
zaoshangwonengxuexi	早上我能学习
zaoshangwonengzuoche	早上我能坐车
zaoshangwonengzuofan	早上我能做饭
zaoshangwonengzuofeiji	早上我能坐飞机
zaoshangwonengzuohuoche	早上我能坐火车
zaoshangwopaizhaopian	早上我拍照片
zaoshangwoqubeijing	早上我去北京
zaoshangwoquchaoshi	早上我去超市
zaoshangwoqugongsi	早上我去公司
zaoshangwoquguangzhou	早上我去广州
zaoshangwoqushangchang	早上我去商场
zaoshangwoqushanghai	早上我去上海
zaoshangwoqushenzhen	早上我去深圳
zaoshangwoquxuexiao	早上我去学校
zaoshangwoquyiyuan	早上我去医院
zaoshangwoshangban	早上我上班
zaoshangwoshiyongdiannao	早上我使用电脑
zaoshangwoshiyongshouji	早上我使用手机
zaoshangwoshuijue	早上我睡觉
zaoshangwotingyinle	早上我听音乐
zaoshangwowanyouxi	早上我玩游戏
zaoshangwoxiaban	早上我下班
zaoshangwoxiangchifan	早上我想吃饭
zaoshangwoxiangchumen	早上我想出门
zaoshangwoxiangchuqu	早上我想出去
zaoshangwoxiangdadianhua	早上我想打电话
zaoshangwoxiangdayouxi	早上我想打游戏
zaoshangwoxiangfaweixin	早上我想发微信
zaoshangwoxiangfaxiaoxi	早上我想发消息
zaoshangwoxianggongzuo	早上我想工作
zaoshangwoxiangheshui	早上我想喝水
zaoshangwoxianghuijia	早上我想回家
zaoshangwoxiangkaiche	早上我想开车
zaoshangwoxiangkandianshi	早上我想看电视
zaoshangwoxiangkandianying	早上我想看电影
zaoshangwoxiangkanshipin	早上我想看视频
zaoshangwoxiangkanshu	早上我想看书
zaoshangwoxiangliaotian	早上我想聊天
zaoshangwoxiangmaidongxi	早上我想买东西
zaoshangwoxiangquxuexiao	早上我想去学校
zaoshangwoxiangshangban	早上我想上班
zaoshangwoxiangshuijue	早上我想睡觉
zaoshangwoxiangtingyinle	早上我想听音乐
zaoshangwoxiangwanyouxi	早上我想玩游戏
zaoshangwoxiangxiaban	早上我想下班
zaoshangwoxiangxiuxi	早上我想休息
zaoshangwoxiangxizao	早上我想洗澡
zaoshangwoxiangxuexi	早上我想学习
zaoshangwoxiangyaochifan	早上我想要吃饭
zaoshangwoxiangyaochumen	早上我想要出门
zaoshangwoxiangyaochuqu	早上我想要出去
zaoshangwoxiangyaodadianhua	早上我想要打电话
zaoshangwoxiangyaodayouxi	早上我想要打游戏
zaoshangwoxiangyaofaweixin	早上我想要发微信
zaoshangwoxiangyaofaxiaoxi	早上我想要发消息
zaoshangwoxiangyaogongzuo	早上我想要工作
zaoshangwoxiangyaoheshui	早上我想要喝水
zaoshangwoxiangyaohuijia	早上我想要回家
zaoshangwoxiangyaokaiche	早上我想要开车
zaoshangwoxiangyaokandianshi	早上我想要看电视
zaoshangwoxiangyaokandianying	早上我想要看电影
zaoshangwoxiangyaokanshipin	早上我想要看视频
zaoshangwoxiangyaokanshu	早上我想要看书
zaoshangwoxiangyaoliaotian	早上我想要聊天
zaoshangwoxiangyaomaidongxi	早上我想要买东西
zaoshangwoxiangyaoquxuexiao	早上我想要去学校
zaoshangwoxiangyaoshangban	早上我想要上班
zaoshangwoxiangyaoshuijue	早上我想要睡觉
zaoshangwoxiangyaotingyinle	早上我想要听音乐
zaoshangwoxiangyaowanyouxi	早上我想要玩游戏
zaoshangwoxiangyaoxiaban	早上我想要下班
zaoshangwoxiangyaoxiuxi	早上我想要休息
zaoshangwoxiangyaoxizao	早上我想要洗澡
zaoshangwoxiangyaoxuexi	早上我想要学习
zaoshangwoxiangyaozuoche	早上我想要坐车
zaoshangwoxiangyaozuofan	早上我想要做饭
zaoshangwoxiangyaozuofeiji	早上我想要坐飞机
zaoshangwoxiangyaozuohuoche	早上我想要坐火车
zaoshangwoxiangzuoche	早上我想坐车
zaoshangwoxiangzuofan	早上我想做饭
zaoshangwoxiangzuofeiji	早上我想坐飞机
zaoshangwoxiangzuohuoche	早上我想坐火车
zaoshangwoxiugaishezhi	早上我修改设置
zaoshangwoxiuxi	早上我休息
zaoshangwoxizao	早上我洗澡
zaoshangwoxuexi	早上我学习
zaoshangwoxuyaochifan	早上我需要吃饭
zaoshangwoxuyaochumen	早上我需要出门
zaoshangwoxuyaochuqu	早上我需要出去
zaoshangwoxuyaodadianhua	早上我需要打电话
zaoshangwoxuyaodayouxi	早上我需要打游戏
zaoshangwoxuyaofaweixin	早上我需要发微信
zaoshangwoxuyaofaxiaoxi	早上我需要发消息
zaoshangwoxuyaogongzuo	早上我需要工作
zaoshangwoxuyaoheshui	早上我需要喝水
zaoshangwoxuyaohuijia	早上我需要回家
zaoshangwoxuyaokaiche	早上我需要开车
zaoshangwoxuyaokandianshi	早上我需要看电视
zaoshangwoxuyaokandianying	早上我需要看电影
zaoshangwoxuyaokanshipin	早上我需要看视频
zaoshangwoxuyaokanshu	早上我需要看书
zaoshangwoxuyaoliaotian	早上我需要聊天
zaoshangwoxuyaomaidongxi	早上我需要买东西
zaoshangwoxuyaoquxuexiao	早上我需要去学校
zaoshangwoxuyaoshangban	早上我需要上班
zaoshangwoxuyaoshuijue	早上我需要睡觉
zaoshangwoxuyaotingyinle	早上我需要听音乐
zaoshangwoxuyaowanyouxi	早上我需要玩游戏
zaoshangwoxuyaoxiaban	早上我需要下班
zaoshangwoxuyaoxiuxi	早上我需要休息
zaoshangwoxuyaoxizao	早上我需要洗澡
zaoshangwoxuyaoxuexi	早上我需要学习
zaoshangwoxuyaozuoche	早上我需要坐车
zaoshangwoxuyaozuofan	早上我需要做饭
zaoshangwoxuyaozuofeiji	早上我需要坐飞机
zaoshangwoxuyaozuohuoche	早上我需要坐火车
zaoshangwoyaochifan	早上我要吃饭
zaoshangwoyaochumen	早上我要出门
zaoshangwoyaochuqu	早上我要出去
zaoshangwoyaodadianhua	早上我要打电话
zaoshangwoyaodayouxi	早上我要打游戏
zaoshangwoyaofaweixin	早上我要发微信
zaoshangwoyaofaxiaoxi	早上我要发消息
zaoshangwoyaogongzuo	早上我要工作
zaoshangwoyaoheshui	早上我要喝水
zaoshangwoyaohuijia	早上我要回家
zaoshangwoyaokaiche	早上我要开车
zaoshangwoyaokandianshi	早上我要看电视
zaoshangwoyaokandianying	早上我要看电影
zaoshangwoyaokanshipin	早上我要看视频
zaoshangwoyaokanshu	早上我要看书
zaoshangwoyaoliaotian	早上我要聊天
zaoshangwoyaomaidongxi	早上我要买东西
zaoshangwoyaoquxuexiao	早上我要去学校
zaoshangwoyaoshangban	早上我要上班
zaoshangwoyaoshuijue	早上我要睡觉
zaoshangwoyaotingyinle	早上我要听音乐
zaoshangwoyaowanyouxi	早上我要玩游戏
zaoshangwoyaoxiaban	早上我要下班
zaoshangwoyaoxiuxi	早上我要休息
zaoshangwoyaoxizao	早上我要洗澡
zaoshangwoyaoxuexi	早上我要学习
zaoshangwoyaozuoche	早上我要坐车
zaoshangwoyaozuofan	早上我要做饭
zaoshangwoyaozuofeiji	早上我要坐飞机
zaoshangwoyaozuohuoche	早上我要坐火车
zaoshangwozhunbeichifan	早上我准备吃饭
zaoshangwozhunbeichumen	早上我准备出门
zaoshangwozhunbeichuqu	早上我准备出去
zaoshangwozhunbeidadianhua	早上我准备打电话
zaoshangwozhunbeidayouxi	早上我准备打游戏
zaoshangwozhunbeifaweixin	早上我准备发微信
zaoshangwozhunbeifaxiaoxi	早上我准备发消息
zaoshangwozhunbeigongzuo	早上我准备工作
zaoshangwozhunbeiheshui	早上我准备喝水
zaoshangwozhunbeihuijia	早上我准备回家
zaoshangwozhunbeikaiche	早上我准备开车
zaoshangwozhunbeikandianshi	早上我准备看电视
zaoshangwozhunbeikandianying	早上我准备看电影
zaoshangwozhunbeikanshipin	早上我准备看视频
zaoshangwozhunbeikanshu	早上我准备看书
zaoshangwozhunbeiliaotian	早上我准备聊天
zaoshangwozhunbeimaidongxi	早上我准备买东西
zaoshangwozhunbeiquxuexiao	早上我准备去学校
zaoshangwozhunbeishangban	早上我准备上班
zaoshangwozhunbeishuijue	早上我准备睡觉
zaoshangwozhunbeitingyinle	早上我准备听音乐
zaoshangwozhunbeiwanyouxi	早上我准备玩游戏
zaoshangwozhunbeixiaban	早上我准备下班
zaoshangwozhunbeixiuxi	早上我准备休息
zaoshangwozhunbeixizao	早上我准备洗澡
zaoshangwozhunbeixuexi	早上我准备学习
zaoshangwozhunbeizuoche	早上我准备坐车
zaoshangwozhunbeizuofan	早上我准备做饭
zaoshangwozhunbeizuofeiji	早上我准备坐飞机
zaoshangwozhunbeizuohuoche	早上我准备坐火车
zaoshangwozuoche	早上我坐车
zaoshangwozuofan	早上我做饭
zaoshangwozuofeiji	早上我坐飞机
zaoshangwozuohuoche	早上我坐火车
ze	仄	则	啧	帻	择	昃	泽	笮	箦	舴	责	赜	迮
zei	贼
zen	怎	谮
zeng	增	憎	甑	缯	罾	赠	锃
zengqiangyuyanbao	增强语言包
zenmeban	怎么办
zenmehaishibuxing	怎么还是不行
zenmehuishi	怎么回事
zenmele	怎么了
zha	乍	吒	咤	哳	喳	扎	揸	札	柞	栅	楂	榨	渣	炸	痄	眨
zhai	债	宅	寨	摘	斋	瘵	砦	窄
zhan	占	展	崭	战	搌	斩	旃	栈	毡	沾	湛	盏	瞻	站	粘	绽
zhang	长	丈	仉	仗	嫜	嶂	帐	幛	张	彰	掌	杖	樟	涨	漳	獐
zhangfu	丈夫
zhanghao	账号
zhantie	粘贴
zhao	兆	召	啁	找	招	昭	棹	沼	照	爪	笊	罩	肇	诏	赵	钊
zhaopian	照片
zhe	这	着	者	哲	折	摺	柘	浙	磔	蔗	蛰	蜇	褶	谪	赭	辄
zhegeyue	这个月
zhegezenmenong	这个怎么弄
zhegezenmeshezhi	这个怎么设置
zhegezenmexiugai	这个怎么修改
zhegezenmeyong	这个怎么用
zheli	这里
zhen	真	侦	圳	帧	振	斟	朕	枕	桢	榛	浈	珍	甄	畛	疹	砧
zhendong	震动
zheng	正	争	峥	征	怔	拯	挣	政	整	狰	症	睁	筝	蒸	证	诤
zhengchang	正常
zheshizenmehuishi	这是怎么回事
zhi	之	只	知	侄	值	制	卮	吱	咫	址	埴	夂	峙	帙	帜	彘
zhinengshurulianggezi	只能输入两个字
zhong	中	重	仲	众	冢	忠	盅	种	终	肿	舯	螽	衷	踵	钟	锺
zhongguo	中国
zhongqi	重启
zhongwen	中文
zhongwenshuru	中文输入
zhongwenshurufa	中文输入法
zhongwenshuruyouwenti	中文输入有问题
zhongwenyuyanbao	中文语言包
zhongwenzengqiangbao	中文增强包
zhongwu	中午
zhongwuhao	中午好
zhongxinanzhuang	重新安装
zhongxinqidong	重新启动
zhongyao	重要
zhongzhishezhi	重置设置
zhou	周	咒	妯	宙	州	帚	昼	洲	皱	碡	籀	粥	纣	绉	肘	胄
zhouer	周二
zhouliu	周六
zhoumo	周末
zhoumonianzhuangruanjian	周末你安装软件
zhoumonibuxiangchifan	周末你不想吃饭
zhoumonibuxiangchumen	周末你不想出门
zhoumonibuxiangchuqu	周末你不想出去
zhoumonibuxiangdadianhua	周末你不想打电话
zhoumonibuxiangdayouxi	周末你不想打游戏
zhoumonibuxiangfaweixin	周末你不想发微信
zhoumonibuxiangfaxiaoxi	周末你不想发消息
zhoumonibuxianggongzuo	周末你不想工作
zhoumonibuxiangheshui	周末你不想喝水
zhoumonibuxianghuijia	周末你不想回家
zhoumonibuxiangkaiche	周末你不想开车
zhoumonibuxiangkandianshi	周末你不想看电视
zhoumonibuxiangkandianying	周末你不想看电影
zhoumonibuxiangkanshipin	周末你不想看视频
zhoumonibuxiangkanshu	周末你不想看书
zhoumonibuxiangliaotian	周末你不想聊天
zhoumonibuxiangmaidongxi	周末你不想买东西
zhoumonibuxiangquxuexiao	周末你不想去学校
zhoumonibuxiangshangban	周末你不想上班
zhoumonibuxiangshuijue	周末你不想睡觉
zhoumonibuxiangtingyinle	周末你不想听音乐
zhoumonibuxiangwanyouxi	周末你不想玩游戏
zhoumonibuxiangxiaban	周末你不想下班
zhoumonibuxiangxiuxi	周末你不想休息
zhoumonibuxiangxizao	周末你不想洗澡
zhoumonibuxiangxuexi	周末你不想学习
zhoumonibuxiangzuoche	周末你不想坐车
zhoumonibuxiangzuofan	周末你不想做饭
zhoumonibuxiangzuofeiji	周末你不想坐飞机
zhoumonibuxiangzuohuoche	周末你不想坐火车
zhoumonibuyaochifan	周末你不要吃饭
zhoumonibuyaochumen	周末你不要出门
zhoumonibuyaochuqu	周末你不要出去
zhoumonibuyaodadianhua	周末你不要打电话
zhoumonibuyaodayouxi	周末你不要打游戏
zhoumonibuyaofaweixin	周末你不要发微信
zhoumonibuyaofaxiaoxi	周末你不要发消息
zhoumonibuyaogongzuo	周末你不要工作
zhoumonibuyaoheshui	周末你不要喝水
zhoumonibuyaohuijia	周末你不要回家
zhoumonibuyaokaiche	周末你不要开车
zhoumonibuyaokandianshi	周末你不要看电视
zhoumonibuyaokandianying	周末你不要看电影
zhoumonibuyaokanshipin	周末你不要看视频
zhoumonibuyaokanshu	周末你不要看书
zhoumonibuyaoliaotian	周末你不要聊天
zhoumonibuyaomaidongxi	周末你不要买东西
zhoumonibuyaoquxuexiao	周末你不要去学校
zhoumonibuyaoshangban	周末你不要上班
zhoumonibuyaoshuijue	周末你不要睡觉
zhoumonibuyaotingyinle	周末你不要听音乐
zhoumonibuyaowanyouxi	周末你不要玩游戏
zhoumonibuyaoxiaban	周末你不要下班
zhoumonibuyaoxiuxi	周末你不要休息
zhoumonibuyaoxizao	周末你不要洗澡
zhoumonibuyaoxuexi	周末你不要学习
zhoumonibuyaozuoche	周末你不要坐车
zhoumonibuyaozuofan	周末你不要做饭
zhoumonibuyaozuofeiji	周末你不要坐飞机
zhoumonibuyaozuohuoche	周末你不要坐火车
zhoumonichifan	周末你吃饭
zhoumonichumen	周末你出门
zhoumonichuqu	周末你出去
zhoumonidadianhua	周末你打电话
zhoumonidakaidiannao	周末你打开电脑
zhoumonidakairuanjian	周末你打开软件
zhoumonidasuanchifan	周末你打算吃饭
zhoumonidasuanchumen	周末你打算出门
zhoumonidasuanchuqu	周末你打算出去
zhoumonidasuandadianhua	周末你打算打电话
zhoumonidasuandayouxi	周末你打算打游戏
zhoumonidasuanfaweixin	周末你打算发微信
zhoumonidasuanfaxiaoxi	周末你打算发消息
zhoumonidasuangongzuo	周末你打算工作
zhoumonidasuanheshui	周末你打算喝水
zhoumonidasuanhuijia	周末你打算回家
zhoumonidasuankaiche	周末你打算开车
zhoumonidasuankandianshi	周末你打算看电视
zhoumonidasuankandianying	周末你打算看电影
zhoumonidasuankanshipin	周末你打算看视频
zhoumonidasuankanshu	周末你打算看书
zhoumonidasuanliaotian	周末你打算聊天
zhoumonidasuanmaidongxi	周末你打算买东西
zhoumonidasuanquxuexiao	周末你打算去学校
zhoumonidasuanshangban	周末你打算上班
zhoumonidasuanshuijue	周末你打算睡觉
zhoumonidasuantingyinle	周末你打算听音乐
zhoumonidasuanwanyouxi	周末你打算玩游戏
zhoumonidasuanxiaban	周末你打算下班
zhoumonidasuanxiuxi	周末你打算休息
zhoumonidasuanxizao	周末你打算洗澡
zhoumonidasuanxuexi	周末你打算学习
zhoumonidasuanzuoche	周末你打算坐车
zhoumonidasuanzuofan	周末你打算做饭
zhoumonidasuanzuofeiji	周末你打算坐飞机
zhoumonidasuanzuohuoche	周末你打算坐火车
zhoumonidayouxi	周末你打游戏
zhoumonifaweixin	周末你发微信
zhoumonifaxiaoxi	周末你发消息
zhoumonigengxinruanjian	周末你更新软件
zhoumonigongzuo	周末你工作
zhoumoniguanbiruanjian	周末你关闭软件
zhoumoniheshui	周末你喝水
zhoumonihuijia	周末你回家
zhoumonikaiche	周末你开车
zhoumonikandianshi	周末你看电视
zhoumonikandianying	周末你看电影
zhoumonikanshipin	周末你看视频
zhoumonikanshu	周末你看书
zhoumonikeyichifan	周末你可以吃饭
zhoumonikeyichumen	周末你可以出门
zhoumonikeyichuqu	周末你可以出去
zhoumonikeyidadianhua	周末你可以打电话
zhoumonikeyidayouxi	周末你可以打游戏
zhoumonikeyifaweixin	周末你可以发微信
zhoumonikeyifaxiaoxi	周末你可以发消息
zhoumonikeyigongzuo	周末你可以工作
zhoumonikeyiheshui	周末你可以喝水
zhoumonikeyihuijia	周末你可以回家
zhoumonikeyikaiche	周末你可以开车
zhoumonikeyikandianshi	周末你可以看电视
zhoumonikeyikandianying	周末你可以看电影
zhoumonikeyikanshipin	周末你可以看视频
zhoumonikeyikanshu	周末你可以看书
zhoumonikeyiliaotian	周末你可以聊天
zhoumonikeyimaidongxi	周末你可以买东西
zhoumonikeyiquxuexiao	周末你可以去学校
zhoumonikeyishangban	周末你可以上班
zhoumonikeyishuijue	周末你可以睡觉
zhoumonikeyitingyinle	周末你可以听音乐
zhoumonikeyiwanyouxi	周末你可以玩游戏
zhoumonikeyixiaban	周末你可以下班
zhoumonikeyixiuxi	周末你可以休息
zhoumonikeyixizao	周末你可以洗澡
zhoumonikeyixuexi	周末你可以学习
zhoumonikeyizuoche	周末你可以坐车
zhoumonikeyizuofan	周末你可以做饭
zhoumonikeyizuofeiji	周末你可以坐飞机
zhoumonikeyizuohuoche	周末你可以坐火车
zhoumonilianjiewangluo	周末你连接网络
zhoumoniliaotian	周末你聊天
zhoumonimaidongxi	周末你买东西
zhoumoninengchifan	周末你能吃饭
zhoumoninengchumen	周末你能出门
zhoumoninengchuqu	周末你能出去
zhoumoninengdadianhua	周末你能打电话
zhoumoninengdayouxi	周末你能打游戏
zhoumoninengfaweixin	周末你能发微信
zhoumoninengfaxiaoxi	周末你能发消息
zhoumoninenggongzuo	周末你能工作
zhoumoninengheshui	周末你能喝水
zhoumoninenghuijia	周末你能回家
zhoumoninengkaiche	周末你能开车
zhoumoninengkandianshi	周末你能看电视
zhoumoninengkandianying	周末你能看电影
zhoumoninengkanshipin	周末你能看视频
zhoumoninengkanshu	周末你能看书
zhoumoninengliaotian	周末你能聊天
zhoumoninengmaidongxi	周末你能买东西
zhoumoninengquxuexiao	周末你能去学校
zhoumoninengshangban	周末你能上班
zhoumoninengshuijue	周末你能睡觉
zhoumoninengtingyinle	周末你能听音乐
zhoumoninengwanyouxi	周末你能玩游戏
zhoumoninengxiaban	周末你能下班
zhoumoninengxiuxi	周末你能休息
zhoumoninengxizao	周末你能洗澡
zhoumoninengxuexi	周末你能学习
zhoumoninengzuoche	周末你能坐车
zhoumoninengzuofan	周末你能做饭
zhoumoninengzuofeiji	周末你能坐飞机
zhoumoninengzuohuoche	周末你能坐火车
zhoumonipaizhaopian	周末你拍照片
zhoumoniqubeijing	周末你去北京
zhoumoniquchaoshi	周末你去超市
zhoumoniqugongsi	周末你去公司
zhoumoniquguangzhou	周末你去广州
zhoumoniqushangchang	周末你去商场
zhoumoniqushanghai	周末你去上海
zhoumoniqushenzhen	周末你去深圳
zhoumoniquxuexiao	周末你去学校
zhoumoniquyiyuan	周末你去医院
zhoumonishangban	周末你上班
zhoumonishiyongdiannao	周末你使用电脑
zhoumonishiyongshouji	周末你使用手机
zhoumonishuijue	周末你睡觉
zhoumonitingyinle	周末你听音乐
zhoumoniwanyouxi	周末你玩游戏
zhoumonixiaban	周末你下班
zhoumonixiangchifan	周末你想吃饭
zhoumonixiangchumen	周末你想出门
zhoumonixiangchuqu	周末你想出去
zhoumonixiangdadianhua	周末你想打电话
zhoumonixiangdayouxi	周末你想打游戏
zhoumonixiangfaweixin	周末你想发微信
zhoumonixiangfaxiaoxi	周末你想发消息
zhoumonixianggongzuo	周末你想工作
zhoumonixiangheshui	周末你想喝水
zhoumonixianghuijia	周末你想回家
zhoumonixiangkaiche	周末你想开车
zhoumonixiangkandianshi	周末你想看电视
zhoumonixiangkandianying	周末你想看电影
zhoumonixiangkanshipin	周末你想看视频
zhoumonixiangkanshu	周末你想看书
zhoumonixiangliaotian	周末你想聊天
zhoumonixiangmaidongxi	周末你想买东西
zhoumonixiangquxuexiao	周末你想去学校
zhoumonixiangshangban	周末你想上班
zhoumonixiangshuijue	周末你想睡觉
zhoumonixiangtingyinle	周末你想听音乐
zhoumonixiangwanyouxi	周末你想玩游戏
zhoumonixiangxiaban	周末你想下班
zhoumonixiangxiuxi	周末你想休息
zhoumonixiangxizao	周末你想洗澡
zhoumonixiangxuexi	周末你想学习
zhoumonixiangyaochifan	周末你想要吃饭
zhoumonixiangyaochumen	周末你想要出门
zhoumonixiangyaochuqu	周末你想要出去
zhoumonixiangyaodadianhua	周末你想要打电话
zhoumonixiangyaodayouxi	周末你想要打游戏
zhoumonixiangyaofaweixin	周末你想要发微信
zhoumonixiangyaofaxiaoxi	周末你想要发消息
zhoumonixiangyaogongzuo	周末你想要工作
zhoumonixiangyaoheshui	周末你想要喝水
zhoumonixiangyaohuijia	周末你想要回家
zhoumonixiangyaokaiche	周末你想要开车
zhoumonixiangyaokandianshi	周末你想要看电视
zhoumonixiangyaokandianying	周末你想要看电影
zhoumonixiangyaokanshipin	周末你想要看视频
zhoumonixiangyaokanshu	周末你想要看书
zhoumonixiangyaoliaotian	周末你想要聊天
zhoumonixiangyaomaidongxi	周末你想要买东西
zhoumonixiangyaoquxuexiao	周末你想要去学校
zhoumonixiangyaoshangban	周末你想要上班
zhoumonixiangyaoshuijue	周末你想要睡觉
zhoumonixiangyaotingyinle	周末你想要听音乐
zhoumonixiangyaowanyouxi	周末你想要玩游戏
zhoumonixiangyaoxiaban	周末你想要下班
zhoumonixiangyaoxiuxi	周末你想要休息
zhoumonixiangyaoxizao	周末你想要洗澡
zhoumonixiangyaoxuexi	周末你想要学习
zhoumonixiangyaozuoche	周末你想要坐车
zhoumonixiangyaozuofan	周末你想要做饭
zhoumonixiangyaozuofeiji	周末你想要坐飞机
zhoumonixiangyaozuohuoche	周末你想要坐火车
zhoumonixiangzuoche	周末你想坐车
zhoumonixiangzuofan	周末你想做饭
zhoumonixiangzuofeiji	周末你想坐飞机
zhoumonixiangzuohuoche	周末你想坐火车
zhoumonixiugaishezhi	周末你修改设置
zhoumonixiuxi	周末你休息
zhoumonixizao	周末你洗澡
zhoumonixuexi	周末你学习
zhoumonixuyaochifan	周末你需要吃饭
zhoumonixuyaochumen	周末你需要出门
zhoumonixuyaochuqu	周末你需要出去
zhoumonixuyaodadianhua	周末你需要打电话
zhoumonixuyaodayouxi	周末你需要打游戏
zhoumonixuyaofaweixin	周末你需要发微信
zhoumonixuyaofaxiaoxi	周末你需要发消息
zhoumonixuyaogongzuo	周末你需要工作
zhoumonixuyaoheshui	周末你需要喝水
zhoumonixuyaohuijia	周末你需要回家
zhoumonixuyaokaiche	周末你需要开车
zhoumonixuyaokandianshi	周末你需要看电视
zhoumonixuyaokandianying	周末你需要看电影
zhoumonixuyaokanshipin	周末你需要看视频
zhoumonixuyaokanshu	周末你需要看书
zhoumonixuyaoliaotian	周末你需要聊天
zhoumonixuyaomaidongxi	周末你需要买东西
zhoumonixuyaoquxuexiao	周末你需要去学校
zhoumonixuyaoshangban	周末你需要上班
zhoumonixuyaoshuijue	周末你需要睡觉
zhoumonixuyaotingyinle	周末你需要听音乐
zhoumonixuyaowanyouxi	周末你需要玩游戏
zhoumonixuyaoxiaban	周末你需要下班
zhoumonixuyaoxiuxi	周末你需要休息
zhoumonixuyaoxizao	周末你需要洗澡
zhoumonixuyaoxuexi	周末你需要学习
zhoumonixuyaozuoche	周末你需要坐车
zhoumonixuyaozuofan	周末你需要做饭
zhoumonixuyaozuofeiji	周末你需要坐飞机
zhoumonixuyaozuohuoche	周末你需要坐火车
zhoumoniyaochifan	周末你要吃饭
zhoumoniyaochumen	周末你要出门
zhoumoniyaochuqu	周末你要出去
zhoumoniyaodadianhua	周末你要打电话
zhoumoniyaodayouxi	周末你要打游戏
zhoumoniyaofaweixin	周末你要发微信
zhoumoniyaofaxiaoxi	周末你要发消息
zhoumoniyaogongzuo	周末你要工作
zhoumoniyaoheshui	周末你要喝水
zhoumoniyaohuijia	周末你要回家
zhoumoniyaokaiche	周末你要开车
zhoumoniyaokandianshi	周末你要看电视
zhoumoniyaokandianying	周末你要看电影
zhoumoniyaokanshipin	周末你要看视频
zhoumoniyaokanshu	周末你要看书
zhoumoniyaoliaotian	周末你要聊天
zhoumoniyaomaidongxi	周末你要买东西
zhoumoniyaoquxuexiao	周末你要去学校
zhoumoniyaoshangban	周末你要上班
zhoumoniyaoshuijue	周末你要睡觉
zhoumoniyaotingyinle	周末你要听音乐
zhoumoniyaowanyouxi	周末你要玩游戏
zhoumoniyaoxiaban	周末你要下班
zhoumoniyaoxiuxi	周末你要休息
zhoumoniyaoxizao	周末你要洗澡
zhoumoniyaoxuexi	周末你要学习
zhoumoniyaozuoche	周末你要坐车
zhoumoniyaozuofan	周末你要做饭
zhoumoniyaozuofeiji	周末你要坐飞机
zhoumoniyaozuohuoche	周末你要坐火车
zhoumonizhunbeichifan	周末你准备吃饭
zhoumonizhunbeichumen	周末你准备出门
zhoumonizhunbeichuqu	周末你准备出去
zhoumonizhunbeidadianhua	周末你准备打电话
zhoumonizhunbeidayouxi	周末你准备打游戏
zhoumonizhunbeifaweixin	周末你准备发微信
zhoumonizhunbeifaxiaoxi	周末你准备发消息
zhoumonizhunbeigongzuo	周末你准备工作
zhoumonizhunbeiheshui	周末你准备喝水
zhoumonizhunbeihuijia	周末你准备回家
zhoumonizhunbeikaiche	周末你准备开车
zhoumonizhunbeikandianshi	周末你准备看电视
zhoumonizhunbeikandianying	周末你准备看电影
zhoumonizhunbeikanshipin	周末你准备看视频
zhoumonizhunbeikanshu	周末你准备看书
zhoumonizhunbeiliaotian	周末你准备聊天
zhoumonizhunbeimaidongxi	周末你准备买东西
zhoumonizhunbeiquxuexiao	周末你准备去学校
zhoumonizhunbeishangban	周末你准备上班
zhoumonizhunbeishuijue	周末你准备睡觉
zhoumonizhunbeitingyinle	周末你准备听音乐
zhoumonizhunbeiwanyouxi	周末你准备玩游戏
zhoumonizhunbeixiaban	周末你准备下班
zhoumonizhunbeixiuxi	周末你准备休息
zhoumonizhunbeixizao	周末你准备洗澡
zhoumonizhunbeixuexi	周末你准备学习
zhoumonizhunbeizuoche	周末你准备坐车
zhoumonizhunbeizuofan	周末你准备做饭
zhoumonizhunbeizuofeiji	周末你准备坐飞机
zhoumonizhunbeizuohuoche	周末你准备坐火车
zhoumonizuoche	周末你坐车
zhoumonizuofan	周末你做饭
zhoumonizuofeiji	周末你坐飞机
zhoumonizuohuoche	周末你坐火车
zhoumotaanzhuangruanjian	周末他安装软件
zhoumotabuxiangchifan	周末他不想吃饭
zhoumotabuxiangchumen	周末他不想出门
zhoumotabuxiangchuqu	周末他不想出去
zhoumotabuxiangdadianhua	周末他不想打电话
zhoumotabuxiangdayouxi	周末他不想打游戏
zhoumotabuxiangfaweixin	周末他不想发微信
zhoumotabuxiangfaxiaoxi	周末他不想发消息
zhoumotabuxianggongzuo	周末他不想工作
zhoumotabuxiangheshui	周末他不想喝水
zhoumotabuxianghuijia	周末他不想回家
zhoumotabuxiangkaiche	周末他不想开车
zhoumotabuxiangkandianshi	周末他不想看电视
zhoumotabuxiangkandianying	周末他不想看电影
zhoumotabuxiangkanshipin	周末他不想看视频
zhoumotabuxiangkanshu	周末他不想看书
zhoumotabuxiangliaotian	周末他不想聊天
zhoumotabuxiangmaidongxi	周末他不想买东西
zhoumotabuxiangquxuexiao	周末他不想去学校
zhoumotabuxiangshangban	周末他不想上班
zhoumotabuxiangshuijue	周末他不想睡觉
zhoumotabuxiangtingyinle	周末他不想听音乐
zhoumotabuxiangwanyouxi	周末他不想玩游戏
zhoumotabuxiangxiaban	周末他不想下班
zhoumotabuxiangxiuxi	周末他不想休息
zhoumotabuxiangxizao	周末他不想洗澡
zhoumotabuxiangxuexi	周末他不想学习
zhoumotabuxiangzuoche	周末他不想坐车
zhoumotabuxiangzuofan	周末他不想做饭
zhoumotabuxiangzuofeiji	周末他不想坐飞机
zhoumotabuxiangzuohuoche	周末他不想坐火车
zhoumotabuyaochifan	周末他不要吃饭
zhoumotabuyaochumen	周末他不要出门
zhoumotabuyaochuqu	周末他不要出去
zhoumotabuyaodadianhua	周末他不要打电话
zhoumotabuyaodayouxi	周末他不要打游戏
zhoumotabuyaofaweixin	周末他不要发微信
zhoumotabuyaofaxiaoxi	周末他不要发消息
zhoumotabuyaogongzuo	周末他不要工作
zhoumotabuyaoheshui	周末他不要喝水
zhoumotabuyaohuijia	周末他不要回家
zhoumotabuyaokaiche	周末他不要开车
zhoumotabuyaokandianshi	周末他不要看电视
zhoumotabuyaokandianying	周末他不要看电影
zhoumotabuyaokanshipin	周末他不要看视频
zhoumotabuyaokanshu	周末他不要看书
zhoumotabuyaoliaotian	周末他不要聊天
zhoumotabuyaomaidongxi	周末他不要买东西
zhoumotabuyaoquxuexiao	周末他不要去学校
zhoumotabuyaoshangban	周末他不要上班
zhoumotabuyaoshuijue	周末他不要睡觉
zhoumotabuyaotingyinle	周末他不要听音乐
zhoumotabuyaowanyouxi	周末他不要玩游戏
zhoumotabuyaoxiaban	周末他不要下班
zhoumotabuyaoxiuxi	周末他不要休息
zhoumotabuyaoxizao	周末他不要洗澡
zhoumotabuyaoxuexi	周末他不要学习
zhoumotabuyaozuoche	周末他不要坐车
zhoumotabuyaozuofan	周末他不要做饭
zhoumotabuyaozuofeiji	周末他不要坐飞机
zhoumotabuyaozuohuoche	周末他不要坐火车
zhoumotachifan	周末他吃饭
zhoumotachumen	周末他出门
zhoumotachuqu	周末他出去
zhoumotadadianhua	周末他打电话
zhoumotadakaidiannao	周末他打开电脑
zhoumotadakairuanjian	周末他打开软件
zhoumotadasuanchifan	周末他打算吃饭
zhoumotadasuanchumen	周末他打算出门
zhoumotadasuanchuqu	周末他打算出去
zhoumotadasuandadianhua	周末他打算打电话
zhoumotadasuandayouxi	周末他打算打游戏
zhoumotadasuanfaweixin	周末他打算发微信
zhoumotadasuanfaxiaoxi	周末他打算发消息
zhoumotadasuangongzuo	周末他打算工作
zhoumotadasuanheshui	周末他打算喝水
zhoumotadasuanhuijia	周末他打算回家
zhoumotadasuankaiche	周末他打算开车
zhoumotadasuankandianshi	周末他打算看电视
zhoumotadasuankandianying	周末他打算看电影
zhoumotadasuankanshipin	周末他打算看视频
zhoumotadasuankanshu	周末他打算看书
zhoumotadasuanliaotian	周末他打算聊天
zhoumotadasuanmaidongxi	周末他打算买东西
zhoumotadasuanquxuexiao	周末他打算去学校
zhoumotadasuanshangban	周末他打算上班
zhoumotadasuanshuijue	周末他打算睡觉
zhoumotadasuantingyinle	周末他打算听音乐
zhoumotadasuanwanyouxi	周末他打算玩游戏
zhoumotadasuanxiaban	周末他打算下班
zhoumotadasuanxiuxi	周末他打算休息
zhoumotadasuanxizao	周末他打算洗澡
zhoumotadasuanxuexi	周末他打算学习
zhoumotadasuanzuoche	周末他打算坐车
zhoumotadasuanzuofan	周末他打算做饭
zhoumotadasuanzuofeiji	周末他打算坐飞机
zhoumotadasuanzuohuoche	周末他打算坐火车
zhoumotadayouxi	周末他打游戏
zhoumotafaweixin	周末他发微信
zhoumotafaxiaoxi	周末他发消息
zhoumotagengxinruanjian	周末他更新软件
zhoumotagongzuo	周末他工作
zhoumotaguanbiruanjian	周末他关闭软件
zhoumotaheshui	周末他喝水
zhoumotahuijia	周末他回家
zhoumotakaiche	周末他开车
zhoumotakandianshi	周末他看电视
zhoumotakandianying	周末他看电影
zhoumotakanshipin	周末他看视频
zhoumotakanshu	周末他看书
zhoumotakeyichifan	周末他可以吃饭
zhoumotakeyichumen	周末他可以出门
zhoumotakeyichuqu	周末他可以出去
zhoumotakeyidadianhua	周末他可以打电话
zhoumotakeyidayouxi	周末他可以打游戏
zhoumotakeyifaweixin	周末他可以发微信
zhoumotakeyifaxiaoxi	周末他可以发消息
zhoumotakeyigongzuo	周末他可以工作
zhoumotakeyiheshui	周末他可以喝水
zhoumotakeyihuijia	周末他可以回家
zhoumotakeyikaiche	周末他可以开车
zhoumotakeyikandianshi	周末他可以看电视
zhoumotakeyikandianying	周末他可以看电影
zhoumotakeyikanshipin	周末他可以看视频
zhoumotakeyikanshu	周末他可以看书
zhoumotakeyiliaotian	周末他可以聊天
zhoumotakeyimaidongxi	周末他可以买东西
zhoumotakeyiquxuexiao	周末他可以去学校
zhoumotakeyishangban	周末他可以上班
zhoumotakeyishuijue	周末他可以睡觉
zhoumotakeyitingyinle	周末他可以听音乐
zhoumotakeyiwanyouxi	周末他可以玩游戏
zhoumotakeyixiaban	周末他可以下班
zhoumotakeyixiuxi	周末他可以休息
zhoumotakeyixizao	周末他可以洗澡
zhoumotakeyixuexi	周末他可以学习
zhoumotakeyizuoche	周末他可以坐车
zhoumotakeyizuofan	周末他可以做饭
zhoumotakeyizuofeiji	周末他可以坐飞机
zhoumotakeyizuohuoche	周末他可以坐火车
zhoumotalianjiewangluo	周末他连接网络
zhoumotaliaotian	周末他聊天
zhoumotamaidongxi	周末他买东西
zhoumotanengchifan	周末他能吃饭
zhoumotanengchumen	周末他能出门
zhoumotanengchuqu	周末他能出去
zhoumotanengdadianhua	周末他能打电话
zhoumotanengdayouxi	周末他能打游戏
zhoumotanengfaweixin	周末他能发微信
zhoumotanengfaxiaoxi	周末他能发消息
zhoumotanenggongzuo	周末他能工作
zhoumotanengheshui	周末他能喝水
zhoumotanenghuijia	周末他能回家
zhoumotanengkaiche	周末他能开车
zhoumotanengkandianshi	周末他能看电视
zhoumotanengkandianying	周末他能看电影
zhoumotanengkanshipin	周末他能看视频
zhoumotanengkanshu	周末他能看书
zhoumotanengliaotian	周末他能聊天
zhoumotanengmaidongxi	周末他能买东西
zhoumotanengquxuexiao	周末他能去学校
zhoumotanengshangban	周末他能上班
zhoumotanengshuijue	周末他能睡觉
zhoumotanengtingyinle	周末他能听音乐
zhoumotanengwanyouxi	周末他能玩游戏
zhoumotanengxiaban	周末他能下班
zhoumotanengxiuxi	周末他能休息
zhoumotanengxizao	周末他能洗澡
zhoumotanengxuexi	周末他能学习
zhoumotanengzuoche	周末他能坐车
zhoumotanengzuofan	周末他能做饭
zhoumotanengzuofeiji	周末他能坐飞机
zhoumotanengzuohuoche	周末他能坐火车
zhoumotapaizhaopian	周末他拍照片
zhoumotaqubeijing	周末他去北京
zhoumotaquchaoshi	周末他去超市
zhoumotaqugongsi	周末他去公司
zhoumotaquguangzhou	周末他去广州
zhoumotaqushangchang	周末他去商场
zhoumotaqushanghai	周末他去上海
zhoumotaqushenzhen	周末他去深圳
zhoumotaquxuexiao	周末他去学校
zhoumotaquyiyuan	周末他去医院
zhoumotashangban	周末他上班
zhoumotashiyongdiannao	周末他使用电脑
zhoumotashiyongshouji	周末他使用手机
zhoumotashuijue	周末他睡觉
zhoumotatingyinle	周末他听音乐
zhoumotawanyouxi	周末他玩游戏
zhoumotaxiaban	周末他下班
zhoumotaxiangchifan	周末他想吃饭
zhoumotaxiangchumen	周末他想出门
zhoumotaxiangchuqu	周末他想出去
zhoumotaxiangdadianhua	周末他想打电话
zhoumotaxiangdayouxi	周末他想打游戏
zhoumotaxiangfaweixin	周末他想发微信
zhoumotaxiangfaxiaoxi	周末他想发消息
zhoumotaxianggongzuo	周末他想工作
zhoumotaxiangheshui	周末他想喝水
zhoumotaxianghuijia	周末他想回家
zhoumotaxiangkaiche	周末他想开车
zhoumotaxiangkandianshi	周末他想看电视
zhoumotaxiangkandianying	周末他想看电影
zhoumotaxiangkanshipin	周末他想看视频
zhoumotaxiangkanshu	周末他想看书
zhoumotaxiangliaotian	周末他想聊天
zhoumotaxiangmaidongxi	周末他想买东西
zhoumotaxiangquxuexiao	周末他想去学校
zhoumotaxiangshangban	周末他想上班
zhoumotaxiangshuijue	周末他想睡觉
zhoumotaxiangtingyinle	周末他想听音乐
zhoumotaxiangwanyouxi	周末他想玩游戏
zhoumotaxiangxiaban	周末他想下班
zhoumotaxiangxiuxi	周末他想休息
zhoumotaxiangxizao	周末他想洗澡
zhoumotaxiangxuexi	周末他想学习
zhoumotaxiangyaochifan	周末他想要吃饭
zhoumotaxiangyaochumen	周末他想要出门
zhoumotaxiangyaochuqu	周末他想要出去
zhoumotaxiangyaodadianhua	周末他想要打电话
zhoumotaxiangyaodayouxi	周末他想要打游戏
zhoumotaxiangyaofaweixin	周末他想要发微信
zhoumotaxiangyaofaxiaoxi	周末他想要发消息
zhoumotaxiangyaogongzuo	周末他想要工作
zhoumotaxiangyaoheshui	周末他想要喝水
zhoumotaxiangyaohuijia	周末他想要回家
zhoumotaxiangyaokaiche	周末他想要开车
zhoumotaxiangyaokandianshi	周末他想要看电视
zhoumotaxiangyaokandianying	周末他想要看电影
zhoumotaxiangyaokanshipin	周末他想要看视频
zhoumotaxiangyaokanshu	周末他想要看书
zhoumotaxiangyaoliaotian	周末他想要聊天
zhoumotaxiangyaomaidongxi	周末他想要买东西
zhoumotaxiangyaoquxuexiao	周末他想要去学校
zhoumotaxiangyaoshangban	周末他想要上班
zhoumotaxiangyaoshuijue	周末他想要睡觉
zhoumotaxiangyaotingyinle	周末他想要听音乐
zhoumotaxiangyaowanyouxi	周末他想要玩游戏
zhoumotaxiangyaoxiaban	周末他想要下班
zhoumotaxiangyaoxiuxi	周末他想要休息
zhoumotaxiangyaoxizao	周末他想要洗澡
zhoumotaxiangyaoxuexi	周末他想要学习
zhoumotaxiangyaozuoche	周末他想要坐车
zhoumotaxiangyaozuofan	周末他想要做饭
zhoumotaxiangyaozuofeiji	周末他想要坐飞机
zhoumotaxiangyaozuohuoche	周末他想要坐火车
zhoumotaxiangzuoche	周末他想坐车
zhoumotaxiangzuofan	周末他想做饭
zhoumotaxiangzuofeiji	周末他想坐飞机
zhoumotaxiangzuohuoche	周末他想坐火车
zhoumotaxiugaishezhi	周末他修改设置
zhoumotaxiuxi	周末他休息
zhoumotaxizao	周末他洗澡
zhoumotaxuexi	周末他学习
zhoumotaxuyaochifan	周末他需要吃饭
zhoumotaxuyaochumen	周末他需要出门
zhoumotaxuyaochuqu	周末他需要出去
zhoumotaxuyaodadianhua	周末他需要打电话
zhoumotaxuyaodayouxi	周末他需要打游戏
zhoumotaxuyaofaweixin	周末他需要发微信
zhoumotaxuyaofaxiaoxi	周末他需要发消息
zhoumotaxuyaogongzuo	周末他需要工作
zhoumotaxuyaoheshui	周末他需要喝水
zhoumotaxuyaohuijia	周末他需要回家
zhoumotaxuyaokaiche	周末他需要开车
zhoumotaxuyaokandianshi	周末他需要看电视
zhoumotaxuyaokandianying	周末他需要看电影
zhoumotaxuyaokanshipin	周末他需要看视频
zhoumotaxuyaokanshu	周末他需要看书
zhoumotaxuyaoliaotian	周末他需要聊天
zhoumotaxuyaomaidongxi	周末他需要买东西
zhoumotaxuyaoquxuexiao	周末他需要去学校
zhoumotaxuyaoshangban	周末他需要上班
zhoumotaxuyaoshuijue	周末他需要睡觉
zhoumotaxuyaotingyinle	周末他需要听音乐
zhoumotaxuyaowanyouxi	周末他需要玩游戏
zhoumotaxuyaoxiaban	周末他需要下班
zhoumotaxuyaoxiuxi	周末他需要休息
zhoumotaxuyaoxizao	周末他需要洗澡
zhoumotaxuyaoxuexi	周末他需要学习
zhoumotaxuyaozuoche	周末他需要坐车
zhoumotaxuyaozuofan	周末他需要做饭
zhoumotaxuyaozuofeiji	周末他需要坐飞机
zhoumotaxuyaozuohuoche	周末他需要坐火车
zhoumotayaochifan	周末他要吃饭
zhoumotayaochumen	周末他要出门
zhoumotayaochuqu	周末他要出去
zhoumotayaodadianhua	周末他要打电话
zhoumotayaodayouxi	周末他要打游戏
zhoumotayaofaweixin	周末他要发微信
zhoumotayaofaxiaoxi	周末他要发消息
zhoumotayaogongzuo	周末他要工作
zhoumotayaoheshui	周末他要喝水
zhoumotayaohuijia	周末他要回家
zhoumotayaokaiche	周末他要开车
zhoumotayaokandianshi	周末他要看电视
zhoumotayaokandianying	周末他要看电影
zhoumotayaokanshipin	周末他要看视频
zhoumotayaokanshu	周末他要看书
zhoumotayaoliaotian	周末他要聊天
zhoumotayaomaidongxi	周末他要买东西
zhoumotayaoquxuexiao	周末他要去学校
zhoumotayaoshangban	周末他要上班
zhoumotayaoshuijue	周末他要睡觉
zhoumotayaotingyinle	周末他要听音乐
zhoumotayaowanyouxi	周末他要玩游戏
zhoumotayaoxiaban	周末他要下班
zhoumotayaoxiuxi	周末他要休息
zhoumotayaoxizao	周末他要洗澡
zhoumotayaoxuexi	周末他要学习
zhoumotayaozuoche	周末他要坐车
zhoumotayaozuofan	周末他要做饭
zhoumotayaozuofeiji	周末他要坐飞机
zhoumotayaozuohuoche	周末他要坐火车
zhoumotazhunbeichifan	周末他准备吃饭
zhoumotazhunbeichumen	周末他准备出门
zhoumotazhunbeichuqu	周末他准备出去
zhoumotazhunbeidadianhua	周末他准备打电话
zhoumotazhunbeidayouxi	周末他准备打游戏
zhoumotazhunbeifaweixin	周末他准备发微信
zhoumotazhunbeifaxiaoxi	周末他准备发消息
zhoumotazhunbeigongzuo	周末他准备工作
zhoumotazhunbeiheshui	周末他准备喝水
zhoumotazhunbeihuijia	周末他准备回家
zhoumotazhunbeikaiche	周末他准备开车
zhoumotazhunbeikandianshi	周末他准备看电视
zhoumotazhunbeikandianying	周末他准备看电影
zhoumotazhunbeikanshipin	周末他准备看视频
zhoumotazhunbeikanshu	周末他准备看书
zhoumotazhunbeiliaotian	周末他准备聊天
zhoumotazhunbeimaidongxi	周末他准备买东西
zhoumotazhunbeiquxuexiao	周末他准备去学校
zhoumotazhunbeishangban	周末他准备上班
zhoumotazhunbeishuijue	周末他准备睡觉
zhoumotazhunbeitingyinle	周末他准备听音乐
zhoumotazhunbeiwanyouxi	周末他准备玩游戏
zhoumotazhunbeixiaban	周末他准备下班
zhoumotazhunbeixiuxi	周末他准备休息
zhoumotazhunbeixizao	周末他准备洗澡
zhoumotazhunbeixuexi	周末他准备学习
zhoumotazhunbeizuoche	周末他准备坐车
zhoumotazhunbeizuofan	周末他准备做饭
zhoumotazhunbeizuofeiji	周末他准备坐飞机
zhoumotazhunbeizuohuoche	周末他准备坐火车
zhoumotazuoche	周末他坐车
zhoumotazuofan	周末他做饭
zhoumotazuofeiji	周末他坐飞机
zhoumotazuohuoche	周末他坐火车
zhoumowoanzhuangruanjian	周末我安装软件
zhoumowobuxiangchifan	周末我不想吃饭
zhoumowobuxiangchumen	周末我不想出门
zhoumowobuxiangchuqu	周末我不想出去
zhoumowobuxiangdadianhua	周末我不想打电话
zhoumowobuxiangdayouxi	周末我不想打游戏
zhoumowobuxiangfaweixin	周末我不想发微信
zhoumowobuxiangfaxiaoxi	周末我不想发消息
zhoumowobuxianggongzuo	周末我不想工作
zhoumowobuxiangheshui	周末我不想喝水
zhoumowobuxianghuijia	周末我不想回家
zhoumowobuxiangkaiche	周末我不想开车
zhoumowobuxiangkandianshi	周末我不想看电视
zhoumowobuxiangkandianying	周末我不想看电影
zhoumowobuxiangkanshipin	周末我不想看视频
zhoumowobuxiangkanshu	周末我不想看书
zhoumowobuxiangliaotian	周末我不想聊天
zhoumowobuxiangmaidongxi	周末我不想买东西
zhoumowobuxiangquxuexiao	周末我不想去学校
zhoumowobuxiangshangban	周末我不想上班
zhoumowobuxiangshuijue	周末我不想睡觉
zhoumowobuxiangtingyinle	周末我不想听音乐
zhoumowobuxiangwanyouxi	周末我不想玩游戏
zhoumowobuxiangxiaban	周末我不想下班
zhoumowobuxiangxiuxi	周末我不想休息
zhoumowobuxiangxizao	周末我不想洗澡
zhoumowobuxiangxuexi	周末我不想学习
zhoumowobuxiangzuoche	周末我不想坐车
zhoumowobuxiangzuofan	周末我不想做饭
zhoumowobuxiangzuofeiji	周末我不想坐飞机
zhoumowobuxiangzuohuoche	周末我不想坐火车
zhoumowobuyaochifan	周末我不要吃饭
zhoumowobuyaochumen	周末我不要出门
zhoumowobuyaochuqu	周末我不要出去
zhoumowobuyaodadianhua	周末我不要打电话
zhoumowobuyaodayouxi	周末我不要打游戏
zhoumowobuyaofaweixin	周末我不要发微信
zhoumowobuyaofaxiaoxi	周末我不要发消息
zhoumowobuyaogongzuo	周末我不要工作
zhoumowobuyaoheshui	周末我不要喝水
zhoumowobuyaohuijia	周末我不要回家
zhoumowobuyaokaiche	周末我不要开车
zhoumowobuyaokandianshi	周末我不要看电视
zhoumowobuyaokandianying	周末我不要看电影
zhoumowobuyaokanshipin	周末我不要看视频
zhoumowobuyaokanshu	周末我不要看书
zhoumowobuyaoliaotian	周末我不要聊天
zhoumowobuyaomaidongxi	周末我不要买东西
zhoumowobuyaoquxuexiao	周末我不要去学校
zhoumowobuyaoshangban	周末我不要上班
zhoumowobuyaoshuijue	周末我不要睡觉
zhoumowobuyaotingyinle	周末我不要听音乐
zhoumowobuyaowanyouxi	周末我不要玩游戏
zhoumowobuyaoxiaban	周末我不要下班
zhoumowobuyaoxiuxi	周末我不要休息
zhoumowobuyaoxizao	周末我不要洗澡
zhoumowobuyaoxuexi	周末我不要学习
zhoumowobuyaozuoche	周末我不要坐车
zhoumowobuyaozuofan	周末我不要做饭
zhoumowobuyaozuofeiji	周末我不要坐飞机
zhoumowobuyaozuohuoche	周末我不要坐火车
zhoumowochifan	周末我吃饭
zhoumowochumen	周末我出门
zhoumowochuqu	周末我出去
zhoumowodadianhua	周末我打电话
zhoumowodakaidiannao	周末我打开电脑
zhoumowodakairuanjian	周末我打开软件
zhoumowodasuanchifan	周末我打算吃饭
zhoumowodasuanchumen	周末我打算出门
zhoumowodasuanchuqu	周末我打算出去
zhoumowodasuandadianhua	周末我打算打电话
zhoumowodasuandayouxi	周末我打算打游戏
zhoumowodasuanfaweixin	周末我打算发微信
zhoumowodasuanfaxiaoxi	周末我打算发消息
zhoumowodasuangongzuo	周末我打算工作
zhoumowodasuanheshui	周末我打算喝水
zhoumowodasuanhuijia	周末我打算回家
zhoumowodasuankaiche	周末我打算开车
zhoumowodasuankandianshi	周末我打算看电视
zhoumowodasuankandianying	周末我打算看电影
zhoumowodasuankanshipin	周末我打算看视频
zhoumowodasuankanshu	周末我打算看书
zhoumowodasuanliaotian	周末我打算聊天
zhoumowodasuanmaidongxi	周末我打算买东西
zhoumowodasuanquxuexiao	周末我打算去学校
zhoumowodasuanshangban	周末我打算上班
zhoumowodasuanshuijue	周末我打算睡觉
zhoumowodasuantingyinle	周末我打算听音乐
zhoumowodasuanwanyouxi	周末我打算玩游戏
zhoumowodasuanxiaban	周末我打算下班
zhoumowodasuanxiuxi	周末我打算休息
zhoumowodasuanxizao	周末我打算洗澡
zhoumowodasuanxuexi	周末我打算学习
zhoumowodasuanzuoche	周末我打算坐车
zhoumowodasuanzuofan	周末我打算做饭
zhoumowodasuanzuofeiji	周末我打算坐飞机
zhoumowodasuanzuohuoche	周末我打算坐火车
zhoumowodayouxi	周末我打游戏
zhoumowofaweixin	周末我发微信
zhoumowofaxiaoxi	周末我发消息
zhoumowogengxinruanjian	周末我更新软件
zhoumowogongzuo	周末我工作
zhoumowoguanbiruanjian	周末我关闭软件
zhoumowoheshui	周末我喝水
zhoumowohuijia	周末我回家
zhoumowokaiche	周末我开车
zhoumowokandianshi	周末我看电视
zhoumowokandianying	周末我看电影
zhoumowokanshipin	周末我看视频
zhoumowokanshu	周末我看书
zhoumowokeyichifan	周末我可以吃饭
zhoumowokeyichumen	周末我可以出门
zhoumowokeyichuqu	周末我可以出去
zhoumowokeyidadianhua	周末我可以打电话
zhoumowokeyidayouxi	周末我可以打游戏
zhoumowokeyifaweixin	周末我可以发微信
zhoumowokeyifaxiaoxi	周末我可以发消息
zhoumowokeyigongzuo	周末我可以工作
zhoumowokeyiheshui	周末我可以喝水
zhoumowokeyihuijia	周末我可以回家
zhoumowokeyikaiche	周末我可以开车
zhoumowokeyikandianshi	周末我可以看电视
zhoumowokeyikandianying	周末我可以看电影
zhoumowokeyikanshipin	周末我可以看视频
zhoumowokeyikanshu	周末我可以看书
zhoumowokeyiliaotian	周末我可以聊天
zhoumowokeyimaidongxi	周末我可以买东西
zhoumowokeyiquxuexiao	周末我可以去学校
zhoumowokeyishangban	周末我可以上班
zhoumowokeyishuijue	周末我可以睡觉
zhoumowokeyitingyinle	周末我可以听音乐
zhoumowokeyiwanyouxi	周末我可以玩游戏
zhoumowokeyixiaban	周末我可以下班
zhoumowokeyixiuxi	周末我可以休息
zhoumowokeyixizao	周末我可以洗澡
zhoumowokeyixuexi	周末我可以学习
zhoumowokeyizuoche	周末我可以坐车
zhoumowokeyizuofan	周末我可以做饭
zhoumowokeyizuofeiji	周末我可以坐飞机
zhoumowokeyizuohuoche	周末我可以坐火车
zhoumowolianjiewangluo	周末我连接网络
zhoumowoliaotian	周末我聊天
zhoumowomaidongxi	周末我买东西
zhoumowomenanzhuangruanjian	周末我们安装软件
zhoumowomenbuxiangchifan	周末我们不想吃饭
zhoumowomenbuxiangchumen	周末我们不想出门
zhoumowomenbuxiangchuqu	周末我们不想出去
zhoumowomenbuxiangdadianhua	周末我们不想打电话
zhoumowomenbuxiangdayouxi	周末我们不想打游戏
zhoumowomenbuxiangfaweixin	周末我们不想发微信
zhoumowomenbuxiangfaxiaoxi	周末我们不想发消息
zhoumowomenbuxianggongzuo	周末我们不想工作
zhoumowomenbuxiangheshui	周末我们不想喝水
zhoumowomenbuxianghuijia	周末我们不想回家
zhoumowomenbuxiangkaiche	周末我们不想开车
zhoumowomenbuxiangkandianshi	周末我们不想看电视
zhoumowomenbuxiangkandianying	周末我们不想看电影
zhoumowomenbuxiangkanshipin	周末我们不想看视频
zhoumowomenbuxiangkanshu	周末我们不想看书
zhoumowomenbuxiangliaotian	周末我们不想聊天
zhoumowomenbuxiangmaidongxi	周末我们不想买东西
zhoumowomenbuxiangquxuexiao	周末我们不想去学校
zhoumowomenbuxiangshangban	周末我们不想上班
zhoumowomenbuxiangshuijue	周末我们不想睡觉
zhoumowomenbuxiangtingyinle	周末我们不想听音乐
zhoumowomenbuxiangwanyouxi	周末我们不想玩游戏
zhoumowomenbuxiangxiaban	周末我们不想下班
zhoumowomenbuxiangxiuxi	周末我们不想休息
zhoumowomenbuxiangxizao	周末我们不想洗澡
zhoumowomenbuxiangxuexi	周末我们不想学习
zhoumowomenbuxiangzuoche	周末我们不想坐车
zhoumowomenbuxiangzuofan	周末我们不想做饭
zhoumowomenbuxiangzuofeiji	周末我们不想坐飞机
zhoumowomenbuxiangzuohuoche	周末我们不想坐火车
zhoumowomenbuyaochifan	周末我们不要吃饭
zhoumowomenbuyaochumen	周末我们不要出门
zhoumowomenbuyaochuqu	周末我们不要出去
zhoumowomenbuyaodadianhua	周末我们不要打电话
zhoumowomenbuyaodayouxi	周末我们不要打游戏
zhoumowomenbuyaofaweixin	周末我们不要发微信
zhoumowomenbuyaofaxiaoxi	周末我们不要发消息
zhoumowomenbuyaogongzuo	周末我们不要工作
zhoumowomenbuyaoheshui	周末我们不要喝水
zhoumowomenbuyaohuijia	周末我们不要回家
zhoumowomenbuyaokaiche	周末我们不要开车
zhoumowomenbuyaokandianshi	周末我们不要看电视
zhoumowomenbuyaokandianying	周末我们不要看电影
zhoumowomenbuyaokanshipin	周末我们不要看视频
zhoumowomenbuyaokanshu	周末我们不要看书
zhoumowomenbuyaoliaotian	周末我们不要聊天
zhoumowomenbuyaomaidongxi	周末我们不要买东西
zhoumowomenbuyaoquxuexiao	周末我们不要去学校
zhoumowomenbuyaoshangban	周末我们不要上班
zhoumowomenbuyaoshuijue	周末我们不要睡觉
zhoumowomenbuyaotingyinle	周末我们不要听音乐
zhoumowomenbuyaowanyouxi	周末我们不要玩游戏
zhoumowomenbuyaoxiaban	周末我们不要下班
zhoumowomenbuyaoxiuxi	周末我们不要休息
zhoumowomenbuyaoxizao	周末我们不要洗澡
zhoumowomenbuyaoxuexi	周末我们不要学习
zhoumowomenbuyaozuoche	周末我们不要坐车
zhoumowomenbuyaozuofan	周末我们不要做饭
zhoumowomenbuyaozuofeiji	周末我们不要坐飞机
zhoumowomenbuyaozuohuoche	周末我们不要坐火车
zhoumowomenchifan	周末我们吃饭
zhoumowomenchumen	周末我们出门
zhoumowomenchuqu	周末我们出去
zhoumowomendadianhua	周末我们打电话
zhoumowomendakaidiannao	周末我们打开电脑
zhoumowomendakairuanjian	周末我们打开软件
zhoumowomendasuanchifan	周末我们打算吃饭
zhoumowomendasuanchumen	周末我们打算出门
zhoumowomendasuanchuqu	周末我们打算出去
zhoumowomendasuandadianhua	周末我们打算打电话
zhoumowomendasuandayouxi	周末我们打算打游戏
zhoumowomendasuanfaweixin	周末我们打算发微信
zhoumowomendasuanfaxiaoxi	周末我们打算发消息
zhoumowomendasuangongzuo	周末我们打算工作
zhoumowomendasuanheshui	周末我们打算喝水
zhoumowomendasuanhuijia	周末我们打算回家
zhoumowomendasuankaiche	周末我们打算开车
zhoumowomendasuankandianshi	周末我们打算看电视
zhoumowomendasuankandianying	周末我们打算看电影
zhoumowomendasuankanshipin	周末我们打算看视频
zhoumowomendasuankanshu	周末我们打算看书
zhoumowomendasuanliaotian	周末我们打算聊天
zhoumowomendasuanmaidongxi	周末我们打算买东西
zhoumowomendasuanquxuexiao	周末我们打算去学校
zhoumowomendasuanshangban	周末我们打算上班
zhoumowomendasuanshuijue	周末我们打算睡觉
zhoumowomendasuantingyinle	周末我们打算听音乐
zhoumowomendasuanwanyouxi	周末我们打算玩游戏
zhoumowomendasuanxiaban	周末我们打算下班
zhoumowomendasuanxiuxi	周末我们打算休息
zhoumowomendasuanxizao	周末我们打算洗澡
zhoumowomendasuanxuexi	周末我们打算学习
zhoumowomendasuanzuoche	周末我们打算坐车
zhoumowomendasuanzuofan	周末我们打算做饭
zhoumowomendasuanzuofeiji	周末我们打算坐飞机
zhoumowomendasuanzuohuoche	周末我们打算坐火车
zhoumowomendayouxi	周末我们打游戏
zhoumowomenfaweixin	周末我们发微信
zhoumowomenfaxiaoxi	周末我们发消息
zhoumowomengengxinruanjian	周末我们更新软件
zhoumowomengongzuo	周末我们工作
zhoumowomenguanbiruanjian	周末我们关闭软件
zhoumowomenheshui	周末我们喝水
zhoumowomenhuijia	周末我们回家
zhoumowomenkaiche	周末我们开车
zhoumowomenkandianshi	周末我们看电视
zhoumowomenkandianying	周末我们看电影
zhoumowomenkanshipin	周末我们看视频
zhoumowomenkanshu	周末我们看书
zhoumowomenkeyichifan	周末我们可以吃饭
zhoumowomenkeyichumen	周末我们可以出门
zhoumowomenkeyichuqu	周末我们可以出去
zhoumowomenkeyidadianhua	周末我们可以打电话
zhoumowomenkeyidayouxi	周末我们可以打游戏
zhoumowomenkeyifaweixin	周末我们可以发微信
zhoumowomenkeyifaxiaoxi	周末我们可以发消息
zhoumowomenkeyigongzuo	周末我们可以工作
zhoumowomenkeyiheshui	周末我们可以喝水
zhoumowomenkeyihuijia	周末我们可以回家
zhoumowomenkeyikaiche	周末我们可以开车
zhoumowomenkeyikandianshi	周末我们可以看电视
zhoumowomenkeyikandianying	周末我们可以看电影
zhoumowomenkeyikanshipin	周末我们可以看视频
zhoumowomenkeyikanshu	周末我们可以看书
zhoumowomenkeyiliaotian	周末我们可以聊天
zhoumowomenkeyimaidongxi	周末我们可以买东西
zhoumowomenkeyiquxuexiao	周末我们可以去学校
zhoumowomenkeyishangban	周末我们可以上班
zhoumowomenkeyishuijue	周末我们可以睡觉
zhoumowomenkeyitingyinle	周末我们可以听音乐
zhoumowomenkeyiwanyouxi	周末我们可以玩游戏
zhoumowomenkeyixiaban	周末我们可以下班
zhoumowomenkeyixiuxi	周末我们可以休息
zhoumowomenkeyixizao	周末我们可以洗澡
zhoumowomenkeyixuexi	周末我们可以学习
zhoumowomenkeyizuoche	周末我们可以坐车
zhoumowomenkeyizuofan	周末我们可以做饭
zhoumowomenkeyizuofeiji	周末我们可以坐飞机
zhoumowomenkeyizuohuoche	周末我们可以坐火车
zhoumowomenlianjiewangluo	周末我们连接网络
zhoumowomenliaotian	周末我们聊天
zhoumowomenmaidongxi	周末我们买东西
zhoumowomennengchifan	周末我们能吃饭
zhoumowomennengchumen	周末我们能出门
zhoumowomennengchuqu	周末我们能出去
zhoumowomennengdadianhua	周末我们能打电话
zhoumowomennengdayouxi	周末我们能打游戏
zhoumowomennengfaweixin	周末我们能发微信
zhoumowomennengfaxiaoxi	周末我们能发消息
zhoumowomennenggongzuo	周末我们能工作
zhoumowomennengheshui	周末我们能喝水
zhoumowomennenghuijia	周末我们能回家
zhoumowomennengkaiche	周末我们能开车
zhoumowomennengkandianshi	周末我们能看电视
zhoumowomennengkandianying	周末我们能看电影
zhoumowomennengkanshipin	周末我们能看视频
zhoumowomennengkanshu	周末我们能看书
zhoumowomennengliaotian	周末我们能聊天
zhoumowomennengmaidongxi	周末我们能买东西
zhoumowomennengquxuexiao	周末我们能去学校
zhoumowomennengshangban	周末我们能上班
zhoumowomennengshuijue	周末我们能睡觉
zhoumowomennengtingyinle	周末我们能听音乐
zhoumowomennengwanyouxi	周末我们能玩游戏
zhoumowomennengxiaban	周末我们能下班
zhoumowomennengxiuxi	周末我们能休息
zhoumowomennengxizao	周末我们能洗澡
zhoumowomennengxuexi	周末我们能学习
zhoumowomennengzuoche	周末我们能坐车
zhoumowomennengzuofan	周末我们能做饭
zhoumowomennengzuofeiji	周末我们能坐飞机
zhoumowomennengzuohuoche	周末我们能坐火车
zhoumowomenpaizhaopian	周末我们拍照片
zhoumowomenqubeijing	周末我们去北京
zhoumowomenquchaoshi	周末我们去超市
zhoumowomenqugongsi	周末我们去公司
zhoumowomenquguangzhou	周末我们去广州
zhoumowomenqushangchang	周末我们去商场
zhoumowomenqushanghai	周末我们去上海
zhoumowomenqushenzhen	周末我们去深圳
zhoumowomenquxuexiao	周末我们去学校
zhoumowomenquyiyuan	周末我们去医院
zhoumowomenshangban	周末我们上班
zhoumowomenshiyongdiannao	周末我们使用电脑
zhoumowomenshiyongshouji	周末我们使用手机
zhoumowomenshuijue	周末我们睡觉
zhoumowomentingyinle	周末我们听音乐
zhoumowomenwanyouxi	周末我们玩游戏
zhoumowomenxiaban	周末我们下班
zhoumowomenxiangchifan	周末我们想吃饭
zhoumowomenxiangchumen	周末我们想出门
zhoumowomenxiangchuqu	周末我们想出去
zhoumowomenxiangdadianhua	周末我们想打电话
zhoumowomenxiangdayouxi	周末我们想打游戏
zhoumowomenxiangfaweixin	周末我们想发微信
zhoumowomenxiangfaxiaoxi	周末我们想发消息
zhoumowomenxianggongzuo	周末我们想工作
zhoumowomenxiangheshui	周末我们想喝水
zhoumowomenxianghuijia	周末我们想回家
zhoumowomenxiangkaiche	周末我们想开车
zhoumowomenxiangkandianshi	周末我们想看电视
zhoumowomenxiangkandianying	周末我们想看电影
zhoumowomenxiangkanshipin	周末我们想看视频
zhoumowomenxiangkanshu	周末我们想看书
zhoumowomenxiangliaotian	周末我们想聊天
zhoumowomenxiangmaidongxi	周末我们想买东西
zhoumowomenxiangquxuexiao	周末我们想去学校
zhoumowomenxiangshangban	周末我们想上班
zhoumowomenxiangshuijue	周末我们想睡觉
zhoumowomenxiangtingyinle	周末我们想听音乐
zhoumowomenxiangwanyouxi	周末我们想玩游戏
zhoumowomenxiangxiaban	周末我们想下班
zhoumowomenxiangxiuxi	周末我们想休息
zhoumowomenxiangxizao	周末我们想洗澡
zhoumowomenxiangxuexi	周末我们想学习
zhoumowomenxiangyaochifan	周末我们想要吃饭
zhoumowomenxiangyaochumen	周末我们想要出门
zhoumowomenxiangyaochuqu	周末我们想要出去
zhoumowomenxiangyaodadianhua	周末我们想要打电话
zhoumowomenxiangyaodayouxi	周末我们想要打游戏
zhoumowomenxiangyaofaweixin	周末我们想要发微信
zhoumowomenxiangyaofaxiaoxi	周末我们想要发消息
zhoumowomenxiangyaogongzuo	周末我们想要工作
zhoumowomenxiangyaoheshui	周末我们想要喝水
zhoumowomenxiangyaohuijia	周末我们想要回家
zhoumowomenxiangyaokaiche	周末我们想要开车
zhoumowomenxiangyaokandianshi	周末我们想要看电视
zhoumowomenxiangyaokandianying	周末我们想要看电影
zhoumowomenxiangyaokanshipin	周末我们想要看视频
zhoumowomenxiangyaokanshu	周末我们想要看书
zhoumowomenxiangyaoliaotian	周末我们想要聊天
zhoumowomenxiangyaomaidongxi	周末我们想要买东西
zhoumowomenxiangyaoquxuexiao	周末我们想要去学校
zhoumowomenxiangyaoshangban	周末我们想要上班
zhoumowomenxiangyaoshuijue	周末我们想要睡觉
zhoumowomenxiangyaotingyinle	周末我们想要听音乐
zhoumowomenxiangyaowanyouxi	周末我们想要玩游戏
zhoumowomenxiangyaoxiaban	周末我们想要下班
zhoumowomenxiangyaoxiuxi	周末我们想要休息
zhoumowomenxiangyaoxizao	周末我们想要洗澡
zhoumowomenxiangyaoxuexi	周末我们想要学习
zhoumowomenxiangyaozuoche	周末我们想要坐车
zhoumowomenxiangyaozuofan	周末我们想要做饭
zhoumowomenxiangyaozuofeiji	周末我们想要坐飞机
zhoumowomenxiangyaozuohuoche	周末我们想要坐火车
zhoumowomenxiangzuoche	周末我们想坐车
zhoumowomenxiangzuofan	周末我们想做饭
zhoumowomenxiangzuofeiji	周末我们想坐飞机
zhoumowomenxiangzuohuoche	周末我们想坐火车
zhoumowomenxiugaishezhi	周末我们修改设置
zhoumowomenxiuxi	周末我们休息
zhoumowomenxizao	周末我们洗澡
zhoumowomenxuexi	周末我们学习
zhoumowomenxuyaochifan	周末我们需要吃饭
zhoumowomenxuyaochumen	周末我们需要出门
zhoumowomenxuyaochuqu	周末我们需要出去
zhoumowomenxuyaodadianhua	周末我们需要打电话
zhoumowomenxuyaodayouxi	周末我们需要打游戏
zhoumowomenxuyaofaweixin	周末我们需要发微信
zhoumowomenxuyaofaxiaoxi	周末我们需要发消息
zhoumowomenxuyaogongzuo	周末我们需要工作
zhoumowomenxuyaoheshui	周末我们需要喝水
zhoumowomenxuyaohuijia	周末我们需要回家
zhoumowomenxuyaokaiche	周末我们需要开车
zhoumowomenxuyaokandianshi	周末我们需要看电视
zhoumowomenxuyaokandianying	周末我们需要看电影
zhoumowomenxuyaokanshipin	周末我们需要看视频
zhoumowomenxuyaokanshu	周末我们需要看书
zhoumowomenxuyaoliaotian	周末我们需要聊天
zhoumowomenxuyaomaidongxi	周末我们需要买东西
zhoumowomenxuyaoquxuexiao	周末我们需要去学校
zhoumowomenxuyaoshangban	周末我们需要上班
zhoumowomenxuyaoshuijue	周末我们需要睡觉
zhoumowomenxuyaotingyinle	周末我们需要听音乐
zhoumowomenxuyaowanyouxi	周末我们需要玩游戏
zhoumowomenxuyaoxiaban	周末我们需要下班
zhoumowomenxuyaoxiuxi	周末我们需要休息
zhoumowomenxuyaoxizao	周末我们需要洗澡
zhoumowomenxuyaoxuexi	周末我们需要学习
zhoumowomenxuyaozuoche	周末我们需要坐车
zhoumowomenxuyaozuofan	周末我们需要做饭
zhoumowomenxuyaozuofeiji	周末我们需要坐飞机
zhoumowomenxuyaozuohuoche	周末我们需要坐火车
zhoumowomenyaochifan	周末我们要吃饭
zhoumowomenyaochumen	周末我们要出门
zhoumowomenyaochuqu	周末我们要出去
zhoumowomenyaodadianhua	周末我们要打电话
zhoumowomenyaodayouxi	周末我们要打游戏
zhoumowomenyaofaweixin	周末我们要发微信
zhoumowomenyaofaxiaoxi	周末我们要发消息
zhoumowomenyaogongzuo	周末我们要工作
zhoumowomenyaoheshui	周末我们要喝水
zhoumowomenyaohuijia	周末我们要回家
zhoumowomenyaokaiche	周末我们要开车
zhoumowomenyaokandianshi	周末我们要看电视
zhoumowomenyaokandianying	周末我们要看电影
zhoumowomenyaokanshipin	周末我们要看视频
zhoumowomenyaokanshu	周末我们要看书
zhoumowomenyaoliaotian	周末我们要聊天
zhoumowomenyaomaidongxi	周末我们要买东西
zhoumowomenyaoquxuexiao	周末我们要去学校
zhoumowomenyaoshangban	周末我们要上班
zhoumowomenyaoshuijue	周末我们要睡觉
zhoumowomenyaotingyinle	周末我们要听音乐
zhoumowomenyaowanyouxi	周末我们要玩游戏
zhoumowomenyaoxiaban	周末我们要下班
zhoumowomenyaoxiuxi	周末我们要休息
zhoumowomenyaoxizao	周末我们要洗澡
zhoumowomenyaoxuexi	周末我们要学习
zhoumowomenyaozuoche	周末我们要坐车
zhoumowomenyaozuofan	周末我们要做饭
zhoumowomenyaozuofeiji	周末我们要坐飞机
zhoumowomenyaozuohuoche	周末我们要坐火车
zhoumowomenzhunbeichifan	周末我们准备吃饭
zhoumowomenzhunbeichumen	周末我们准备出门
zhoumowomenzhunbeichuqu	周末我们准备出去
zhoumowomenzhunbeidadianhua	周末我们准备打电话
zhoumowomenzhunbeidayouxi	周末我们准备打游戏
zhoumowomenzhunbeifaweixin	周末我们准备发微信
zhoumowomenzhunbeifaxiaoxi	周末我们准备发消息
zhoumowomenzhunbeigongzuo	周末我们准备工作
zhoumowomenzhunbeiheshui	周末我们准备喝水
zhoumowomenzhunbeihuijia	周末我们准备回家
zhoumowomenzhunbeikaiche	周末我们准备开车
zhoumowomenzhunbeikandianshi	周末我们准备看电视
zhoumowomenzhunbeikandianying	周末我们准备看电影
zhoumowomenzhunbeikanshipin	周末我们准备看视频
zhoumowomenzhunbeikanshu	周末我们准备看书
zhoumowomenzhunbeiliaotian	周末我们准备聊天
zhoumowomenzhunbeimaidongxi	周末我们准备买东西
zhoumowomenzhunbeiquxuexiao	周末我们准备去学校
zhoumowomenzhunbeishangban	周末我们准备上班
zhoumowomenzhunbeishuijue	周末我们准备睡觉
zhoumowomenzhunbeitingyinle	周末我们准备听音乐
zhoumowomenzhunbeiwanyouxi	周末我们准备玩游戏
zhoumowomenzhunbeixiaban	周末我们准备下班
zhoumowomenzhunbeixiuxi	周末我们准备休息
zhoumowomenzhunbeixizao	周末我们准备洗澡
zhoumowomenzhunbeixuexi	周末我们准备学习
zhoumowomenzhunbeizuoche	周末我们准备坐车
zhoumowomenzhunbeizuofan	周末我们准备做饭
zhoumowomenzhunbeizuofeiji	周末我们准备坐飞机
zhoumowomenzhunbeizuohuoche	周末我们准备坐火车
zhoumowomenzuoche	周末我们坐车
zhoumowomenzuofan	周末我们做饭
zhoumowomenzuofeiji	周末我们坐飞机
zhoumowomenzuohuoche	周末我们坐火车
zhoumowonengchifan	周末我能吃饭
zhoumowonengchumen	周末我能出门
zhoumowonengchuqu	周末我能出去
zhoumowonengdadianhua	周末我能打电话
zhoumowonengdayouxi	周末我能打游戏
zhoumowonengfaweixin	周末我能发微信
zhoumowonengfaxiaoxi	周末我能发消息
zhoumowonenggongzuo	周末我能工作
zhoumowonengheshui	周末我能喝水
zhoumowonenghuijia	周末我能回家
zhoumowonengkaiche	周末我能开车
zhoumowonengkandianshi	周末我能看电视
zhoumowonengkandianying	周末我能看电影
zhoumowonengkanshipin	周末我能看视频
zhoumowonengkanshu	周末我能看书
zhoumowonengliaotian	周末我能聊天
zhoumowonengmaidongxi	周末我能买东西
zhoumowonengquxuexiao	周末我能去学校
zhoumowonengshangban	周末我能上班
zhoumowonengshuijue	周末我能睡觉
zhoumowonengtingyinle	周末我能听音乐
zhoumowonengwanyouxi	周末我能玩游戏
zhoumowonengxiaban	周末我能下班
zhoumowonengxiuxi	周末我能休息
zhoumowonengxizao	周末我能洗澡
zhoumowonengxuexi	周末我能学习
zhoumowonengzuoche	周末我能坐车
zhoumowonengzuofan	周末我能做饭
zhoumowonengzuofeiji	周末我能坐飞机
zhoumowonengzuohuoche	周末我能坐火车
zhoumowopaizhaopian	周末我拍照片
zhoumowoqubeijing	周末我去北京
zhoumowoquchaoshi	周末我去超市
zhoumowoqugongsi	周末我去公司
zhoumowoquguangzhou	周末我去广州
zhoumowoqushangchang	周末我去商场
zhoumowoqushanghai	周末我去上海
zhoumowoqushenzhen	周末我去深圳
zhoumowoquxuexiao	周末我去学校
zhoumowoquyiyuan	周末我去医院
zhoumowoshangban	周末我上班
zhoumowoshiyongdiannao	周末我使用电脑
zhoumowoshiyongshouji	周末我使用手机
zhoumowoshuijue	周末我睡觉
zhoumowotingyinle	周末我听音乐
zhoumowowanyouxi	周末我玩游戏
zhoumowoxiaban	周末我下班
zhoumowoxiangchifan	周末我想吃饭
zhoumowoxiangchumen	周末我想出门
zhoumowoxiangchuqu	周末我想出去
zhoumowoxiangdadianhua	周末我想打电话
zhoumowoxiangdayouxi	周末我想打游戏
zhoumowoxiangfaweixin	周末我想发微信
zhoumowoxiangfaxiaoxi	周末我想发消息
zhoumowoxianggongzuo	周末我想工作
zhoumowoxiangheshui	周末我想喝水
zhoumowoxianghuijia	周末我想回家
zhoumowoxiangkaiche	周末我想开车
zhoumowoxiangkandianshi	周末我想看电视
zhoumowoxiangkandianying	周末我想看电影
zhoumowoxiangkanshipin	周末我想看视频
zhoumowoxiangkanshu	周末我想看书
zhoumowoxiangliaotian	周末我想聊天
zhoumowoxiangmaidongxi	周末我想买东西
zhoumowoxiangquxuexiao	周末我想去学校
zhoumowoxiangshangban	周末我想上班
zhoumowoxiangshuijue	周末我想睡觉
zhoumowoxiangtingyinle	周末我想听音乐
zhoumowoxiangwanyouxi	周末我想玩游戏
zhoumowoxiangxiaban	周末我想下班
zhoumowoxiangxiuxi	周末我想休息
zhoumowoxiangxizao	周末我想洗澡
zhoumowoxiangxuexi	周末我想学习
zhoumowoxiangyaochifan	周末我想要吃饭
zhoumowoxiangyaochumen	周末我想要出门
zhoumowoxiangyaochuqu	周末我想要出去
zhoumowoxiangyaodadianhua	周末我想要打电话
zhoumowoxiangyaodayouxi	周末我想要打游戏
zhoumowoxiangyaofaweixin	周末我想要发微信
zhoumowoxiangyaofaxiaoxi	周末我想要发消息
zhoumowoxiangyaogongzuo	周末我想要工作
zhoumowoxiangyaoheshui	周末我想要喝水
zhoumowoxiangyaohuijia	周末我想要回家
zhoumowoxiangyaokaiche	周末我想要开车
zhoumowoxiangyaokandianshi	周末我想要看电视
zhoumowoxiangyaokandianying	周末我想要看电影
zhoumowoxiangyaokanshipin	周末我想要看视频
zhoumowoxiangyaokanshu	周末我想要看书
zhoumowoxiangyaoliaotian	周末我想要聊天
zhoumowoxiangyaomaidongxi	周末我想要买东西
zhoumowoxiangyaoquxuexiao	周末我想要去学校
zhoumowoxiangyaoshangban	周末我想要上班
zhoumowoxiangyaoshuijue	周末我想要睡觉
zhoumowoxiangyaotingyinle	周末我想要听音乐
zhoumowoxiangyaowanyouxi	周末我想要玩游戏
zhoumowoxiangyaoxiaban	周末我想要下班
zhoumowoxiangyaoxiuxi	周末我想要休息
zhoumowoxiangyaoxizao	周末我想要洗澡
zhoumowoxiangyaoxuexi	周末我想要学习
zhoumowoxiangyaozuoche	周末我想要坐车
zhoumowoxiangyaozuofan	周末我想要做饭
zhoumowoxiangyaozuofeiji	周末我想要坐飞机
zhoumowoxiangyaozuohuoche	周末我想要坐火车
zhoumowoxiangzuoche	周末我想坐车
zhoumowoxiangzuofan	周末我想做饭
zhoumowoxiangzuofeiji	周末我想坐飞机
zhoumowoxiangzuohuoche	周末我想坐火车
zhoumowoxiugaishezhi	周末我修改设置
zhoumowoxiuxi	周末我休息
zhoumowoxizao	周末我洗澡
zhoumowoxuexi	周末我学习
zhoumowoxuyaochifan	周末我需要吃饭
zhoumowoxuyaochumen	周末我需要出门
zhoumowoxuyaochuqu	周末我需要出去
zhoumowoxuyaodadianhua	周末我需要打电话
zhoumowoxuyaodayouxi	周末我需要打游戏
zhoumowoxuyaofaweixin	周末我需要发微信
zhoumowoxuyaofaxiaoxi	周末我需要发消息
zhoumowoxuyaogongzuo	周末我需要工作
zhoumowoxuyaoheshui	周末我需要喝水
zhoumowoxuyaohuijia	周末我需要回家
zhoumowoxuyaokaiche	周末我需要开车
zhoumowoxuyaokandianshi	周末我需要看电视
zhoumowoxuyaokandianying	周末我需要看电影
zhoumowoxuyaokanshipin	周末我需要看视频
zhoumowoxuyaokanshu	周末我需要看书
zhoumowoxuyaoliaotian	周末我需要聊天
zhoumowoxuyaomaidongxi	周末我需要买东西
zhoumowoxuyaoquxuexiao	周末我需要去学校
zhoumowoxuyaoshangban	周末我需要上班
zhoumowoxuyaoshuijue	周末我需要睡觉
zhoumowoxuyaotingyinle	周末我需要听音乐
zhoumowoxuyaowanyouxi	周末我需要玩游戏
zhoumowoxuyaoxiaban	周末我需要下班
zhoumowoxuyaoxiuxi	周末我需要休息
zhoumowoxuyaoxizao	周末我需要洗澡
zhoumowoxuyaoxuexi	周末我需要学习
zhoumowoxuyaozuoche	周末我需要坐车
zhoumowoxuyaozuofan	周末我需要做饭
zhoumowoxuyaozuofeiji	周末我需要坐飞机
zhoumowoxuyaozuohuoche	周末我需要坐火车
zhoumowoyaochifan	周末我要吃饭
zhoumowoyaochumen	周末我要出门
zhoumowoyaochuqu	周末我要出去
zhoumowoyaodadianhua	周末我要打电话
zhoumowoyaodayouxi	周末我要打游戏
zhoumowoyaofaweixin	周末我要发微信
zhoumowoyaofaxiaoxi	周末我要发消息
zhoumowoyaogongzuo	周末我要工作
zhoumowoyaoheshui	周末我要喝水
zhoumowoyaohuijia	周末我要回家
zhoumowoyaokaiche	周末我要开车
zhoumowoyaokandianshi	周末我要看电视
zhoumowoyaokandianying	周末我要看电影
zhoumowoyaokanshipin	周末我要看视频
zhoumowoyaokanshu	周末我要看书
zhoumowoyaoliaotian	周末我要聊天
zhoumowoyaomaidongxi	周末我要买东西
zhoumowoyaoquxuexiao	周末我要去学校
zhoumowoyaoshangban	周末我要上班
zhoumowoyaoshuijue	周末我要睡觉
zhoumowoyaotingyinle	周末我要听音乐
zhoumowoyaowanyouxi	周末我要玩游戏
zhoumowoyaoxiaban	周末我要下班
zhoumowoyaoxiuxi	周末我要休息
zhoumowoyaoxizao	周末我要洗澡
zhoumowoyaoxuexi	周末我要学习
zhoumowoyaozuoche	周末我要坐车
zhoumowoyaozuofan	周末我要做饭
zhoumowoyaozuofeiji	周末我要坐飞机
zhoumowoyaozuohuoche	周末我要坐火车
zhoumowozhunbeichifan	周末我准备吃饭
zhoumowozhunbeichumen	周末我准备出门
zhoumowozhunbeichuqu	周末我准备出去
zhoumowozhunbeidadianhua	周末我准备打电话
zhoumowozhunbeidayouxi	周末我准备打游戏
zhoumowozhunbeifaweixin	周末我准备发微信
zhoumowozhunbeifaxiaoxi	周末我准备发消息
zhoumowozhunbeigongzuo	周末我准备工作
zhoumowozhunbeiheshui	周末我准备喝水
zhoumowozhunbeihuijia	周末我准备回家
zhoumowozhunbeikaiche	周末我准备开车
zhoumowozhunbeikandianshi	周末我准备看电视
zhoumowozhunbeikandianying	周末我准备看电影
zhoumowozhunbeikanshipin	周末我准备看视频
zhoumowozhunbeikanshu	周末我准备看书
zhoumowozhunbeiliaotian	周末我准备聊天
zhoumowozhunbeimaidongxi	周末我准备买东西
zhoumowozhunbeiquxuexiao	周末我准备去学校
zhoumowozhunbeishangban	周末我准备上班
zhoumowozhunbeishuijue	周末我准备睡觉
zhoumowozhunbeitingyinle	周末我准备听音乐
zhoumowozhunbeiwanyouxi	周末我准备玩游戏
zhoumowozhunbeixiaban	周末我准备下班
zhoumowozhunbeixiuxi	周末我准备休息
zhoumowozhunbeixizao	周末我准备洗澡
zhoumowozhunbeixuexi	周末我准备学习
zhoumowozhunbeizuoche	周末我准备坐车
zhoumowozhunbeizuofan	周末我准备做饭
zhoumowozhunbeizuofeiji	周末我准备坐飞机
zhoumowozhunbeizuohuoche	周末我准备坐火车
zhoumowozuoche	周末我坐车
zhoumowozuofan	周末我做饭
zhoumowozuofeiji	周末我坐飞机
zhoumowozuohuoche	周末我坐火车
zhouri	周日
zhousan	周三
zhousi	周四
zhouwu	周五
zhouyi	周一
zhu	主	丶	伫	住	侏	助	嘱	拄	朱	杼	柱	株	槠	橥	注	洙
zhua	抓
zhuai	拽
zhuan	专	啭	撰	砖	篆	赚	转	颛	馔
zhuang	壮	妆	庄	撞	桩	状	装
zhuce	注册
zhui	坠	惴	椎	缀	缒	赘	追	锥	隹	骓
zhun	准	窀	肫	谆
zhunbei	准备
zhuo	倬	卓	啄	拙	捉	擢	斫	桌	浊	浞	涿	濯	灼	禚	茁	诼
zhuti	主题
zi	子	自	仔	兹	咨	姊	姿	字	孜	孳	嵫	恣	梓	淄	渍	滋
zidingyi	自定义
zidingyiciku	自定义词库
zidingyiyuyanbao	自定义语言包
zidonggengzheng	自动更正
zidongjiucuo	自动纠错
ziti	字体
zong	偬	宗	总	棕	粽	纵	综	腙	踪	鬃
zou	奏	揍	楱	诹	走	邹	鄹	陬	驺	鲰
zu	俎	卒	族	祖	租	组	菹	诅	足	镞	阻
zuan	攥	纂	缵	躜	钻
zui	最	嘴	罪	蕞	醉
zun	尊	撙	樽	遵	鳟
zuo	作	佐	做	唑	嘬	坐	左	座	怍	昨	琢	祚	胙	酢	阼
zuobian	左边
zuocai	做菜
zuoche	坐车
zuofan	做饭
zuofeiji	坐飞机
zuohuoche	坐火车
zuotian	昨天
zuoye	作业
zuozhe	作者
